{"type":"FeatureCollection","name":"Ecoregions2017","features":[{"type":"Feature","properties":{},"geometry":{"type":"MultiPolygon","coordinates":[[[[65.49,34.71],[63.95,34.47],[66.05,34.46],[65.53,34.71],[65.49,34.71]]],[[[68.26,35.51],[68.38,35.68],[67.29,35.4],[67.81,35.06],[67.28,34.76],[67.89,34.71],[68.12,35.3],[68.58,35.29],[68.29,35.48],[68.26,35.51]]],[[[70.85,36.73],[70.57,37.01],[70.44,36.23],[70.71,35.89],[70.85,36.72],[70.85,36.73]]]]},"bbox":[63.95,34.46,70.85,37.01]},{"type":"Feature","properties":{},"geometry":{"type":"Polygon","coordinates":[[[96.09,45.69],[94.32,45.37],[94.5,45.03],[95.17,45.15],[95.6,44.89],[95.58,44.51],[95.16,44.56],[95.87,44.1],[96.06,43.39],[95.22,42.34],[94.16,41.86],[94.14,41.18],[93.52,41.07],[93.76,40.7],[93.51,40.32],[94.18,40.2],[94.02,40.08],[94.95,39.38],[96.07,39.91],[98.63,39.39],[102.11,38.14],[102.78,37.5],[103.86,37.31],[103.63,36.88],[103.19,37.03],[103.14,36.8],[104.21,36.13],[104.8,36.47],[104.3,36.99],[105.03,37.42],[105.4,39.22],[106.19,39.7],[106.71,39.52],[106.83,40.16],[107.63,40.57],[108.65,40.55],[108.93,40.85],[108.72,41.28],[107.52,41.22],[104.98,39.94],[104.41,40.32],[103.75,40.22],[103.44,40.71],[104.67,40.64],[105.27,40.29],[105.9,40.88],[109.77,42.15],[110.38,42.98],[110.41,43.21],[108.79,43.27],[109.9,43.47],[109.69,43.57],[109.91,44.09],[110.32,44.18],[109.88,44.66],[108.01,44.46],[107.07,43.86],[106.67,42.84],[105.64,42.44],[104.4,43.16],[102.94,43.45],[103.56,43.53],[103.02,43.77],[103.67,44.09],[103.48,44.25],[102.18,44.46],[101.87,44.12],[98.74,44.01],[96.97,44.9],[96.79,45.34],[96.14,45.67],[96.09,45.69]]]},"bbox":[93.51,36.13,110.41,45.69]},{"type":"Feature","properties":{},"geometry":{"type":"MultiPolygon","coordinates":[[[[46.54,15.44],[46.19,15.6],[45.62,15.31],[45.74,15.08],[46.46,15.43],[46.54,15.44]]],[[[47.43,15.83],[46.91,15.62],[47.46,15.83],[47.43,15.83]]],[[[45.25,20.52],[44.86,20.47],[45.26,20.52],[45.25,20.52]]],[[[56.52,20.9],[56.35,20.54],[56.73,20.69],[56.52,20.89],[56.52,20.9]]],[[[42.78,20.9],[42.66,20.74],[42.79,20.9],[42.78,20.9]]],[[[44.2,20.74],[44.1,20.93],[43.93,20.37],[43.54,20.25],[43.63,20],[44.48,20.5],[45.08,20.48],[44.21,20.72],[44.2,20.74]],[[44.17,20.69],[44.17,20.7],[44.18,20.7],[44.19,20.69],[44.19,20.68],[44.2,20.68],[44.2,20.67],[44.19,20.67],[44.18,20.67],[44.18,20.68],[44.17,20.69]],[[44.05,20.49],[44.04,20.49],[44.04,20.5],[44.03,20.5],[44.03,20.51],[44.05,20.52],[44.06,20.52],[44.06,20.53],[44.07,20.53],[44.07,20.52],[44.08,20.52],[44.09,20.52],[44.11,20.5],[44.12,20.49],[44.13,20.48],[44.13,20.47],[44.13,20.46],[44.12,20.46],[44.11,20.46],[44.09,20.46],[44.08,20.46],[44.08,20.47],[44.07,20.47],[44.06,20.48],[44.05,20.48],[44.05,20.49]],[[44.11,20.39],[44.12,20.39],[44.12,20.38],[44.12,20.37],[44.12,20.36],[44.11,20.36],[44.11,20.35],[44.11,20.34],[44.1,20.34],[44.1,20.33],[44.1,20.32],[44.09,20.32],[44.09,20.31],[44.09,20.3],[44.09,20.29],[44.08,20.29],[44.08,20.28],[44.07,20.27],[44.07,20.26],[44.07,20.25],[44.07,20.24],[44.06,20.24],[44.03,20.24],[44.02,20.24],[44.02,20.23],[44.01,20.23],[44,20.23],[43.99,20.23],[43.98,20.23],[43.98,20.24],[43.98,20.25],[43.98,20.26],[43.98,20.27],[44,20.27],[44.01,20.27],[44.02,20.28],[44.02,20.29],[44.05,20.29],[44.05,20.28],[44.06,20.28],[44.07,20.29],[44.07,20.3],[44.07,20.31],[44.07,20.32],[44.07,20.33],[44.06,20.33],[44.06,20.34],[44.05,20.35],[44.06,20.35],[44.06,20.36],[44.07,20.37],[44.08,20.37],[44.08,20.38],[44.09,20.38],[44.1,20.38],[44.11,20.39]],[[43.59,20.27],[43.58,20.27],[43.58,20.28],[43.6,20.3],[43.61,20.3],[43.61,20.31],[43.62,20.31],[43.63,20.31],[43.63,20.3],[43.61,20.29],[43.6,20.28],[43.59,20.28],[43.59,20.27],[43.59,20.27]]],[[[44.72,21.29],[44.82,21.11],[44.73,21.29],[44.72,21.29]]],[[[44.39,21.69],[44.56,21.23],[44.4,21.68],[44.39,21.69]],[[44.39,21.58],[44.4,21.58],[44.41,21.58],[44.42,21.58],[44.43,21.58],[44.43,21.57],[44.43,21.56],[44.44,21.56],[44.44,21.55],[44.45,21.55],[44.46,21.55],[44.46,21.54],[44.47,21.54],[44.48,21.53],[44.47,21.53],[44.46,21.53],[44.45,21.53],[44.44,21.53],[44.44,21.54],[44.43,21.54],[44.42,21.54],[44.42,21.55],[44.41,21.55],[44.39,21.55],[44.38,21.55],[44.39,21.56],[44.4,21.57],[44.39,21.57],[44.39,21.58],[44.39,21.58]],[[44.41,21.53],[44.4,21.53],[44.4,21.52],[44.39,21.52],[44.38,21.52],[44.38,21.53],[44.38,21.54],[44.39,21.54],[44.4,21.54],[44.4,21.53],[44.41,21.53],[44.41,21.53]],[[44.57,21.27],[44.57,21.28],[44.56,21.28],[44.56,21.29],[44.57,21.29],[44.58,21.29],[44.58,21.28],[44.59,21.28],[44.59,21.27],[44.58,21.27],[44.57,21.27],[44.57,21.27]]],[[[45.57,21.81],[45.38,21.73],[45.57,21.8],[45.57,21.81]]],[[[43.44,21.97],[43,21.34],[43.35,21.13],[43.03,20.96],[43.07,20.57],[43.38,21.06],[43.98,21.12],[43.33,21.63],[43.59,21.72],[43.44,21.97],[43.44,21.97]],[[43.47,21.08],[43.46,21.08],[43.46,21.09],[43.47,21.09],[43.46,21.1],[43.47,21.1],[43.47,21.11],[43.47,21.12],[43.46,21.13],[43.47,21.13],[43.46,21.13],[43.47,21.13],[43.47,21.14],[43.48,21.14],[43.48,21.13],[43.49,21.13],[43.49,21.12],[43.49,21.11],[43.49,21.1],[43.49,21.09],[43.49,21.08],[43.48,21.07],[43.48,21.06],[43.47,21.06],[43.47,21.07],[43.47,21.08],[43.47,21.08]],[[43.2,20.69],[43.2,20.7],[43.19,20.7],[43.19,20.74],[43.2,20.75],[43.21,20.75],[43.21,20.74],[43.21,20.73],[43.21,20.72],[43.21,20.71],[43.21,20.7],[43.21,20.69],[43.2,20.69],[43.2,20.69]]],[[[43.6,22.73],[43.19,22.69],[43.68,21.83],[43.84,22.48],[43.61,22.73],[43.6,22.73]],[[43.41,22.46],[43.42,22.46],[43.43,22.46],[43.44,22.46],[43.45,22.46],[43.45,22.45],[43.46,22.45],[43.47,22.45],[43.47,22.44],[43.48,22.44],[43.49,22.44],[43.49,22.43],[43.5,22.43],[43.51,22.42],[43.52,22.41],[43.52,22.4],[43.53,22.4],[43.54,22.39],[43.55,22.38],[43.55,22.37],[43.55,22.36],[43.55,22.35],[43.54,22.34],[43.53,22.35],[43.52,22.35],[43.52,22.36],[43.51,22.36],[43.5,22.36],[43.5,22.37],[43.49,22.37],[43.48,22.37],[43.48,22.36],[43.48,22.35],[43.48,22.34],[43.5,22.33],[43.5,22.32],[43.51,22.31],[43.52,22.3],[43.5,22.3],[43.49,22.3],[43.49,22.29],[43.48,22.29],[43.48,22.3],[43.47,22.3],[43.46,22.3],[43.46,22.31],[43.45,22.31],[43.45,22.32],[43.45,22.33],[43.45,22.34],[43.44,22.34],[43.43,22.35],[43.42,22.36],[43.41,22.37],[43.4,22.38],[43.4,22.39],[43.39,22.39],[43.39,22.4],[43.4,22.41],[43.4,22.42],[43.39,22.43],[43.39,22.44],[43.4,22.44],[43.4,22.45],[43.4,22.46],[43.41,22.46],[43.41,22.46]],[[43.66,22.08],[43.66,22.11],[43.66,22.12],[43.67,22.11],[43.67,22.1],[43.67,22.09],[43.67,22.08],[43.66,22.08],[43.66,22.08]],[[43.73,22.08],[43.73,22.07],[43.74,22.06],[43.74,22.03],[43.74,22.02],[43.74,22.01],[43.74,22],[43.73,22],[43.73,21.99],[43.73,21.98],[43.72,21.98],[43.72,21.97],[43.71,21.97],[43.7,21.98],[43.7,21.99],[43.7,22],[43.7,22.02],[43.71,22.04],[43.71,22.05],[43.72,22.05],[43.72,22.06],[43.72,22.07],[43.73,22.08]]],[[[45.16,23.05],[45.31,21.87],[45.55,21.83],[45.88,22.34],[45.17,23.04],[45.16,23.05]],[[45.25,22.81],[45.26,22.82],[45.26,22.83],[45.27,22.83],[45.27,22.84],[45.27,22.85],[45.28,22.85],[45.29,22.85],[45.3,22.84],[45.3,22.83],[45.31,22.83],[45.31,22.82],[45.32,22.81],[45.32,22.8],[45.32,22.79],[45.32,22.78],[45.33,22.74],[45.32,22.74],[45.32,22.73],[45.33,22.73],[45.33,22.72],[45.32,22.72],[45.32,22.71],[45.32,22.7],[45.31,22.69],[45.3,22.69],[45.29,22.7],[45.29,22.71],[45.28,22.71],[45.26,22.71],[45.25,22.71],[45.25,22.72],[45.24,22.72],[45.23,22.72],[45.23,22.71],[45.22,22.71],[45.22,22.72],[45.21,22.72],[45.21,22.76],[45.22,22.76],[45.23,22.76],[45.23,22.77],[45.24,22.77],[45.24,22.78],[45.25,22.79],[45.26,22.79],[45.26,22.8],[45.25,22.8],[45.25,22.81],[45.25,22.81]],[[45.42,22.47],[45.42,22.48],[45.41,22.48],[45.41,22.49],[45.41,22.5],[45.42,22.5],[45.43,22.5],[45.43,22.49],[45.44,22.49],[45.44,22.48],[45.44,22.46],[45.43,22.46],[45.42,22.47]],[[45.46,22.47],[45.47,22.47],[45.48,22.47],[45.49,22.47],[45.49,22.46],[45.49,22.43],[45.49,22.42],[45.5,22.41],[45.48,22.41],[45.48,22.4],[45.47,22.4],[45.46,22.4],[45.45,22.4],[45.45,22.41],[45.44,22.41],[45.43,22.42],[45.42,22.43],[45.42,22.44],[45.43,22.44],[45.43,22.45],[45.44,22.45],[45.45,22.46],[45.46,22.47]],[[45.5,22.14],[45.51,22.14],[45.53,22.14],[45.54,22.14],[45.54,22.13],[45.55,22.13],[45.56,22.13],[45.56,22.12],[45.55,22.11],[45.54,22.11],[45.53,22.1],[45.52,22.09],[45.51,22.08],[45.49,22.06],[45.49,22.05],[45.5,22.06],[45.51,22.07],[45.52,22.07],[45.53,22.08],[45.54,22.08],[45.55,22.09],[45.56,22.08],[45.53,22.06],[45.51,22.03],[45.5,22.03],[45.49,22.02],[45.47,22.02],[45.46,22.02],[45.45,22.02],[45.45,22.03],[45.46,22.03],[45.46,22.04],[45.45,22.04],[45.46,22.04],[45.46,22.05],[45.46,22.06],[45.47,22.07],[45.47,22.08],[45.47,22.09],[45.47,22.1],[45.46,22.1],[45.46,22.11],[45.47,22.12],[45.48,22.13],[45.49,22.13],[45.5,22.13],[45.5,22.14]],[[45.41,21.98],[45.42,21.99],[45.42,22],[45.43,22],[45.44,22],[45.44,21.99],[45.45,21.98],[45.44,21.97],[45.44,21.96],[45.43,21.95],[45.42,21.94],[45.41,21.93],[45.4,21.92],[45.39,21.91],[45.38,21.91],[45.38,21.9],[45.37,21.9],[45.37,21.91],[45.37,21.92],[45.38,21.92],[45.38,21.93],[45.39,21.93],[45.39,21.94],[45.39,21.95],[45.4,21.95],[45.4,21.96],[45.4,21.97],[45.41,21.97],[45.41,21.98],[45.41,21.98]]],[[[46.18,23.11],[45.74,22.44],[46.19,23.11],[46.18,23.11]]],[[[44.4,23.14],[44.82,22.87],[44.41,23.14],[44.4,23.14]],[[44.74,23.01],[44.75,23.01],[44.75,23],[44.76,23],[44.75,23],[44.75,22.99],[44.76,22.99],[44.76,22.98],[44.75,22.98],[44.74,22.98],[44.74,22.99],[44.74,23],[44.74,23.01],[44.74,23.01]]],[[[43.86,23.3],[44.24,23.19],[43.86,23.3],[43.86,23.3]],[[44,23.24],[44,23.25],[44,23.24],[44.01,23.24],[44.02,23.24],[44.03,23.23],[44.03,23.22],[44.02,23.22],[44.01,23.22],[44,23.22],[44,23.23],[43.99,23.23],[43.99,23.24],[44,23.24]],[[44.06,23.23],[44.06,23.24],[44.07,23.24],[44.08,23.23],[44.08,23.22],[44.08,23.21],[44.07,23.2],[44.06,23.2],[44.05,23.21],[44.04,23.22],[44.05,23.23],[44.06,23.23],[44.06,23.23]]],[[[46.26,23.39],[46.24,23.19],[46.26,23.39],[46.26,23.39]]],[[[43.47,23.74],[43.66,23.41],[43.47,23.74],[43.47,23.74]]],[[[42.43,23.82],[42.65,23.49],[42.43,23.81],[42.43,23.82]]],[[[48.64,24.89],[48.73,24.49],[48.64,24.89],[48.64,24.89]]],[[[44.37,25.01],[44.29,24.64],[44.85,24.63],[44.37,25],[44.37,25.01]]],[[[42.49,25.4],[42.67,25.5],[42.36,25.29],[42.75,24.44],[42.49,25.4],[42.49,25.4]],[[42.41,25.45],[42.42,25.45],[42.43,25.45],[42.42,25.44],[42.42,25.43],[42.42,25.44],[42.42,25.45],[42.41,25.45],[42.4,25.45],[42.4,25.46],[42.41,25.46],[42.41,25.45]],[[42.55,25.51],[42.55,25.52],[42.55,25.52],[42.55,25.51]],[[42.59,25.54],[42.59,25.53],[42.59,25.54],[42.59,25.54]]],[[[47.64,25.86],[47.97,25.61],[47.65,25.86],[47.64,25.86]]],[[[47.58,25.99],[47.9,25.74],[47.59,25.99],[47.58,25.99]]],[[[44.1,26.05],[43.91,25.98],[44.25,25.51],[44.11,26.05],[44.1,26.05]]],[[[46.73,26.65],[47.25,26.35],[46.73,26.65],[46.73,26.65]]],[[[44.34,27.93],[44.64,27.73],[44.35,27.93],[44.34,27.93]]],[[[45.04,19.24],[44.79,18.08],[45.17,18.16],[45.12,17.95],[44.35,17.43],[45.27,16.87],[45.14,16.71],[45.79,16.61],[45.68,16.44],[47.11,17.4],[47.63,17.11],[50.79,18.6],[51.11,18.14],[51.37,18.65],[52.68,19.05],[53.32,18.4],[53.69,18.57],[54.51,19.51],[55.47,19.88],[55,20.02],[55.75,20.14],[55.34,19.67],[56,20.12],[56.2,20.5],[55.64,20.45],[55.71,20.64],[56.43,20.92],[56.05,21.44],[56.45,21.47],[55.41,22.03],[55.24,22.93],[55.68,23.05],[55.32,23.23],[55.71,23.11],[55.35,23.28],[55.77,23.26],[55.7,24.15],[55.51,24.08],[55.94,25.72],[54.73,24.7],[54.59,24.03],[52.82,23.97],[51.79,23.02],[51.72,23.42],[50.92,23.42],[50.21,25.64],[49.59,26.35],[49.28,25.79],[49.91,24.96],[49.83,24.28],[49.6,25.3],[49.5,23.91],[49.95,23.31],[50.24,23.44],[49.92,23.09],[50.32,23.14],[49.62,22.03],[49.39,22.01],[49.35,22.77],[48.63,21.79],[49,21.66],[48.88,21.49],[49.06,21.64],[48.9,21.42],[49.24,21.61],[49.02,21.27],[49.45,21.71],[49.41,21.5],[47.77,20.34],[46.97,20.2],[48.46,21.05],[47.44,20.79],[48.24,21.99],[48.59,23.79],[48.34,24.86],[46.99,26.15],[48.09,25.39],[46.81,26.56],[44.87,27.68],[44.39,28.33],[43.63,28.63],[44.73,27.71],[44.59,27.22],[42.67,28.43],[43.18,28.9],[41.22,29.2],[40.37,29.71],[39.77,29.69],[40.14,29.31],[39.79,29.12],[38.42,29.31],[39.69,28.62],[39.33,27.94],[38.95,27.87],[39.03,27.34],[39.97,27.15],[40.04,27.55],[41.11,27.65],[40.42,27.22],[40.62,27.21],[42.02,27.98],[44.14,27.1],[44.39,26.58],[44.08,26.76],[44.2,26.37],[43.76,25.99],[44.27,26.31],[44.96,24.85],[45.71,24.15],[44.45,26.5],[46.07,24.26],[46.09,23.39],[46.14,23.97],[46.24,23.58],[46.68,24.17],[46.26,24.3],[46.66,24.33],[46.23,24.5],[46.02,25.15],[45.15,25.61],[44.86,27.35],[48.08,24.6],[48.18,22.39],[47.49,21.1],[46.96,20.46],[45.34,19.67],[45.48,18.58],[45.1,18.58],[45.05,19.25],[45.04,19.24]],[[46.21,18.48],[46.2,18.48],[46.19,18.49],[46.19,18.5],[46.2,18.5],[46.2,18.51],[46.21,18.52],[46.22,18.52],[46.22,18.53],[46.23,18.53],[46.25,18.53],[46.25,18.52],[46.25,18.51],[46.25,18.5],[46.25,18.49],[46.24,18.48],[46.23,18.48],[46.21,18.48],[46.21,18.48]],[[45.6,18.49],[45.59,18.49],[45.59,18.5],[45.59,18.51],[45.6,18.51],[45.6,18.52],[45.61,18.52],[45.62,18.52],[45.63,18.52],[45.64,18.52],[45.64,18.51],[45.62,18.5],[45.61,18.5],[45.61,18.49],[45.6,18.49]],[[45.52,18.51],[45.51,18.51],[45.51,18.5],[45.5,18.5],[45.5,18.51],[45.5,18.52],[45.51,18.53],[45.52,18.53],[45.52,18.54],[45.54,18.56],[45.55,18.56],[45.57,18.58],[45.58,18.58],[45.58,18.59],[45.59,18.59],[45.59,18.58],[45.59,18.57],[45.58,18.56],[45.57,18.55],[45.56,18.54],[45.55,18.54],[45.55,18.53],[45.54,18.53],[45.53,18.52],[45.52,18.52],[45.52,18.51]],[[46.17,18.58],[46.18,18.58],[46.18,18.59],[46.19,18.59],[46.19,18.6],[46.2,18.6],[46.21,18.6],[46.22,18.6],[46.22,18.59],[46.21,18.59],[46.21,18.58],[46.21,18.57],[46.22,18.57],[46.22,18.56],[46.22,18.55],[46.22,18.54],[46.17,18.5],[46.16,18.5],[46.14,18.5],[46.14,18.51],[46.13,18.51],[46.13,18.52],[46.12,18.52],[46.11,18.52],[46.11,18.51],[46.1,18.51],[46.1,18.52],[46.11,18.53],[46.13,18.54],[46.15,18.57],[46.16,18.57],[46.17,18.58]],[[46.32,18.53],[46.65,18.29],[46.32,18.53],[46.32,18.53]],[[46.02,18.61],[46.01,18.61],[46,18.61],[46,18.62],[46,18.63],[46.02,18.65],[46.03,18.66],[46.04,18.66],[46.04,18.67],[46.05,18.67],[46.06,18.67],[46.06,18.66],[46.06,18.65],[46.05,18.65],[46.05,18.64],[46.05,18.63],[46.04,18.63],[46.04,18.62],[46.03,18.62],[46.02,18.61],[46.02,18.61]],[[45.57,18.63],[45.56,18.63],[45.55,18.63],[45.56,18.64],[45.56,18.65],[45.56,18.66],[45.57,18.66],[45.57,18.67],[45.57,18.68],[45.58,18.69],[45.59,18.68],[45.6,18.68],[45.61,18.69],[45.62,18.69],[45.62,18.68],[45.6,18.66],[45.57,18.63],[45.57,18.63]],[[45.53,18.65],[45.52,18.65],[45.52,18.66],[45.52,18.67],[45.53,18.67],[45.53,18.68],[45.54,18.68],[45.54,18.69],[45.55,18.7],[45.55,18.71],[45.56,18.71],[45.57,18.71],[45.57,18.7],[45.55,18.68],[45.55,18.67],[45.55,18.66],[45.54,18.65],[45.53,18.65]],[[45.89,18.7],[45.89,18.71],[45.9,18.71],[45.91,18.71],[45.92,18.7],[45.92,18.69],[45.91,18.68],[45.9,18.68],[45.9,18.69],[45.9,18.7],[45.89,18.7],[45.89,18.7]],[[45.98,18.71],[45.99,18.71],[45.99,18.72],[45.99,18.73],[45.99,18.74],[46,18.74],[46,18.75],[46,18.76],[46.02,18.77],[46.03,18.77],[46.03,18.76],[46.03,18.75],[46.04,18.75],[46.04,18.76],[46.05,18.76],[46.05,18.75],[46.05,18.74],[46.04,18.74],[46.03,18.73],[46.02,18.72],[46.01,18.71],[46,18.71],[46,18.7],[45.99,18.7],[45.98,18.7],[45.98,18.71]],[[45.76,18.76],[45.76,18.75],[45.75,18.75],[45.74,18.75],[45.73,18.75],[45.74,18.76],[45.75,18.76],[45.76,18.76]],[[46.27,18.72],[46.28,18.73],[46.29,18.73],[46.29,18.72],[46.28,18.71],[46.27,18.71],[46.26,18.71],[46.26,18.72],[46.27,18.72],[46.27,18.72]],[[45.89,18.64],[45.89,18.65],[45.92,18.67],[45.93,18.66],[45.94,18.66],[45.94,18.65],[45.93,18.64],[45.92,18.63],[45.91,18.63],[45.9,18.63],[45.89,18.64]],[[46.16,18.63],[46.16,18.64],[46.16,18.65],[46.17,18.65],[46.18,18.64],[46.17,18.64],[46.16,18.63],[46.16,18.63]],[[45.58,18.16],[46.09,17.84],[45.48,17.95],[45.58,18.17],[45.58,18.16]],[[46.22,17.81],[46.23,17.81],[46.23,17.82],[46.24,17.82],[46.25,17.82],[46.25,17.81],[46.24,17.81],[46.24,17.8],[46.23,17.8],[46.22,17.78],[46.21,17.78],[46.2,17.77],[46.18,17.75],[46.17,17.74],[46.16,17.73],[46.15,17.72],[46.15,17.71],[46.14,17.71],[46.13,17.71],[46.12,17.71],[46.11,17.71],[46.11,17.72],[46.1,17.72],[46.1,17.73],[46.09,17.73],[46.08,17.74],[46.08,17.75],[46.09,17.75],[46.1,17.76],[46.11,17.76],[46.13,17.78],[46.14,17.78],[46.15,17.78],[46.16,17.78],[46.15,17.77],[46.14,17.76],[46.14,17.75],[46.15,17.75],[46.16,17.76],[46.16,17.77],[46.17,17.77],[46.18,17.78],[46.19,17.78],[46.19,17.79],[46.2,17.79],[46.2,17.8],[46.21,17.8],[46.22,17.81],[46.22,17.81]],[[46.18,17.71],[46.19,17.71],[46.19,17.7],[46.18,17.69],[46.17,17.69],[46.17,17.68],[46.16,17.68],[46.16,17.69],[46.15,17.7],[46.16,17.7],[46.17,17.7],[46.17,17.71],[46.18,17.71],[46.18,17.71]],[[45.79,17.7],[45.78,17.7],[45.77,17.7],[45.77,17.71],[45.76,17.71],[45.76,17.72],[45.77,17.72],[45.77,17.73],[45.78,17.74],[45.78,17.75],[45.79,17.75],[45.79,17.76],[45.8,17.76],[45.82,17.76],[45.83,17.76],[45.83,17.75],[45.83,17.74],[45.83,17.73],[45.82,17.72],[45.81,17.72],[45.81,17.71],[45.8,17.71],[45.79,17.7]],[[46,17.77],[46.01,17.78],[46.02,17.78],[46.02,17.77],[46.01,17.76],[46,17.75],[45.99,17.75],[45.98,17.75],[45.99,17.75],[45.99,17.76],[46,17.77]],[[45.18,18.21],[45.18,18.2],[45.17,18.2],[45.16,18.19],[45.15,18.19],[45.15,18.18],[45.14,18.18],[45.13,18.18],[45.12,18.18],[45.12,18.17],[45.11,18.17],[45.1,18.17],[45.09,18.16],[45.08,18.15],[45.07,18.15],[45.07,18.14],[45.06,18.14],[45.05,18.14],[45.04,18.14],[45.04,18.13],[45.03,18.13],[45.02,18.13],[45.02,18.12],[45.01,18.12],[45.01,18.11],[45,18.11],[44.99,18.1],[44.98,18.1],[44.97,18.09],[44.96,18.09],[44.95,18.09],[44.94,18.1],[44.95,18.1],[44.95,18.11],[44.96,18.12],[44.96,18.13],[44.97,18.13],[44.98,18.14],[45.01,18.16],[45.01,18.17],[45.02,18.17],[45.03,18.17],[45.04,18.17],[45.04,18.18],[45.05,18.18],[45.06,18.19],[45.07,18.19],[45.07,18.2],[45.1,18.22],[45.11,18.23],[45.12,18.23],[45.12,18.22],[45.13,18.22],[45.13,18.23],[45.14,18.23],[45.15,18.23],[45.16,18.24],[45.17,18.24],[45.18,18.25],[45.19,18.25],[45.2,18.25],[45.21,18.25],[45.2,18.24],[45.2,18.23],[45.19,18.23],[45.18,18.23],[45.17,18.23],[45.17,18.22],[45.16,18.22],[45.16,18.21],[45.17,18.21],[45.18,18.21]],[[45.13,18.27],[45.12,18.27],[45.11,18.27],[45.1,18.27],[45.1,18.28],[45.11,18.28],[45.11,18.29],[45.12,18.29],[45.13,18.29],[45.14,18.3],[45.15,18.3],[45.15,18.31],[45.16,18.31],[45.17,18.31],[45.18,18.31],[45.18,18.3],[45.17,18.3],[45.17,18.29],[45.16,18.29],[45.16,18.28],[45.15,18.28],[45.14,18.28],[45.14,18.27],[45.13,18.27],[45.13,18.27]],[[45.59,18.32],[45.6,18.32],[45.61,18.32],[45.62,18.32],[45.62,18.31],[45.61,18.3],[45.6,18.3],[45.59,18.3],[45.58,18.3],[45.58,18.31],[45.59,18.31],[45.59,18.32]],[[45.51,18.32],[45.5,18.32],[45.49,18.32],[45.49,18.33],[45.5,18.33],[45.51,18.34],[45.52,18.34],[45.53,18.34],[45.53,18.33],[45.52,18.33],[45.52,18.32],[45.51,18.32],[45.51,18.32]],[[46.22,18.33],[46.22,18.34],[46.23,18.34],[46.23,18.35],[46.23,18.38],[46.24,18.38],[46.24,18.39],[46.25,18.39],[46.26,18.4],[46.27,18.4],[46.27,18.41],[46.28,18.41],[46.29,18.41],[46.29,18.4],[46.3,18.4],[46.31,18.4],[46.32,18.4],[46.33,18.4],[46.35,18.38],[46.35,18.37],[46.36,18.37],[46.36,18.36],[46.36,18.35],[46.37,18.35],[46.37,18.34],[46.36,18.34],[46.35,18.34],[46.35,18.33],[46.34,18.33],[46.32,18.33],[46.31,18.33],[46.29,18.33],[46.28,18.32],[46.27,18.32],[46.27,18.31],[46.25,18.31],[46.23,18.32],[46.22,18.32],[46.22,18.33]],[[46.35,18.3],[46.36,18.29],[46.37,18.28],[46.36,18.27],[46.36,18.26],[46.35,18.26],[46.34,18.27],[46.34,18.26],[46.33,18.26],[46.3,18.26],[46.3,18.27],[46.3,18.28],[46.3,18.29],[46.31,18.29],[46.34,18.29],[46.35,18.3]],[[45.59,18.53],[45.58,18.53],[45.58,18.54],[45.59,18.54],[45.6,18.55],[45.6,18.56],[45.61,18.56],[45.62,18.58],[45.63,18.58],[45.63,18.57],[45.64,18.57],[45.63,18.56],[45.62,18.54],[45.61,18.54],[45.6,18.54],[45.6,18.53],[45.59,18.53]],[[46.23,17.66],[46.23,17.67],[46.24,17.67],[46.25,17.67],[46.25,17.66],[46.24,17.65],[46.23,17.65],[46.23,17.64],[46.22,17.64],[46.21,17.65],[46.22,17.66],[46.23,17.66]],[[46,17.57],[46.01,17.57],[46.01,17.56],[46,17.56],[46,17.55],[46,17.54],[46.01,17.54],[46.01,17.53],[46,17.52],[46.01,17.52],[46.01,17.51],[46.02,17.51],[46.03,17.51],[46.03,17.5],[46.02,17.5],[46.01,17.5],[46.01,17.49],[46,17.49],[45.99,17.49],[45.97,17.49],[45.96,17.49],[45.95,17.49],[45.95,17.5],[45.94,17.5],[45.93,17.5],[45.93,17.49],[45.92,17.49],[45.91,17.49],[45.91,17.5],[45.92,17.51],[45.92,17.52],[45.93,17.52],[45.93,17.53],[45.94,17.53],[45.95,17.53],[45.96,17.55],[45.97,17.55],[45.98,17.57],[45.99,17.57],[46,17.57]],[[46.87,17.19],[46.88,17.19],[46.88,17.2],[46.89,17.2],[46.9,17.2],[46.9,17.19],[46.89,17.19],[46.88,17.19],[46.88,17.18],[46.87,17.18],[46.86,17.18],[46.86,17.19],[46.87,17.19],[46.87,17.19]],[[44.92,17.03],[44.91,17.03],[44.9,17.03],[44.9,17.04],[44.9,17.05],[44.9,17.06],[44.9,17.07],[44.9,17.08],[44.91,17.09],[44.92,17.09],[44.93,17.09],[44.94,17.09],[44.94,17.08],[44.95,17.07],[44.96,17.07],[44.97,17.06],[44.98,17.05],[44.98,17.04],[44.98,17.03],[44.97,17.03],[44.96,17.03],[44.95,17.03],[44.93,17.03],[44.92,17.03]],[[46.79,17.07],[46.8,17.07],[46.8,17.08],[46.81,17.08],[46.82,17.08],[46.83,17.08],[46.84,17.08],[46.83,17.07],[46.82,17.07],[46.81,17.07],[46.81,17.06],[46.8,17.06],[46.79,17.06],[46.78,17.05],[46.76,17.05],[46.75,17.06],[46.76,17.06],[46.77,17.06],[46.77,17.07],[46.78,17.07],[46.79,17.07]],[[47.97,17.32],[47.98,17.32],[47.99,17.32],[47.99,17.33],[48,17.33],[48.01,17.32],[48,17.32],[48,17.31],[47.99,17.31],[47.98,17.31],[47.98,17.3],[47.97,17.3],[47.96,17.3],[47.96,17.29],[47.95,17.29],[47.94,17.3],[47.94,17.31],[47.95,17.31],[47.96,17.31],[47.97,17.31],[47.97,17.32],[47.97,17.32]],[[45.52,18.85],[45.51,18.85],[45.51,18.84],[45.5,18.84],[45.49,18.84],[45.48,18.84],[45.48,18.83],[45.47,18.83],[45.46,18.83],[45.47,18.84],[45.48,18.84],[45.48,18.85],[45.49,18.85],[45.5,18.85],[45.5,18.86],[45.51,18.86],[45.52,18.87],[45.53,18.87],[45.53,18.88],[45.54,18.88],[45.55,18.88],[45.55,18.87],[45.54,18.87],[45.54,18.86],[45.53,18.86],[45.53,18.85],[45.52,18.85],[45.52,18.85]],[[45.48,19.03],[45.47,19.03],[45.47,19.02],[45.46,19.02],[45.46,19.03],[45.47,19.03],[45.47,19.04],[45.48,19.04],[45.48,19.05],[45.48,19.06],[45.49,19.06],[45.5,19.06],[45.5,19.07],[45.51,19.07],[45.52,19.07],[45.52,19.06],[45.52,19.05],[45.51,19.05],[45.51,19.04],[45.5,19.04],[45.49,19.03],[45.48,19.03]],[[45.48,19.08],[45.47,19.08],[45.47,19.09],[45.48,19.1],[45.49,19.1],[45.5,19.1],[45.5,19.11],[45.51,19.11],[45.51,19.1],[45.51,19.09],[45.5,19.09],[45.49,19.09],[45.49,19.08],[45.48,19.08]],[[45.38,19.12],[45.37,19.12],[45.34,19.12],[45.34,19.13],[45.35,19.14],[45.36,19.14],[45.36,19.15],[45.37,19.15],[45.38,19.15],[45.38,19.16],[45.39,19.16],[45.4,19.16],[45.4,19.17],[45.41,19.17],[45.42,19.17],[45.42,19.18],[45.43,19.18],[45.44,19.19],[45.45,19.19],[45.46,19.19],[45.46,19.2],[45.47,19.2],[45.48,19.2],[45.48,19.21],[45.49,19.21],[45.5,19.21],[45.51,19.21],[45.51,19.2],[45.51,19.19],[45.51,19.18],[45.5,19.18],[45.49,19.18],[45.48,19.18],[45.48,19.17],[45.47,19.17],[45.46,19.17],[45.45,19.17],[45.45,19.16],[45.44,19.16],[45.44,19.15],[45.43,19.15],[45.42,19.15],[45.41,19.14],[45.4,19.14],[45.4,19.13],[45.39,19.13],[45.38,19.12]],[[45.37,19.2],[45.36,19.2],[45.35,19.2],[45.35,19.21],[45.36,19.22],[45.37,19.22],[45.37,19.23],[45.39,19.24],[45.4,19.26],[45.41,19.26],[45.42,19.26],[45.43,19.26],[45.44,19.26],[45.44,19.27],[45.45,19.27],[45.46,19.27],[45.47,19.28],[45.48,19.28],[45.49,19.28],[45.49,19.29],[45.5,19.29],[45.52,19.29],[45.52,19.28],[45.52,19.27],[45.51,19.27],[45.5,19.27],[45.5,19.26],[45.49,19.26],[45.48,19.26],[45.47,19.26],[45.46,19.26],[45.46,19.25],[45.45,19.25],[45.44,19.25],[45.44,19.24],[45.43,19.24],[45.42,19.23],[45.41,19.23],[45.4,19.23],[45.4,19.22],[45.39,19.22],[45.38,19.21],[45.37,19.2]],[[45.35,19.25],[45.33,19.25],[45.33,19.26],[45.34,19.26],[45.34,19.27],[45.35,19.27],[45.36,19.27],[45.36,19.28],[45.37,19.28],[45.37,19.29],[45.38,19.29],[45.39,19.29],[45.39,19.3],[45.4,19.3],[45.41,19.3],[45.42,19.31],[45.43,19.31],[45.43,19.32],[45.44,19.32],[45.45,19.32],[45.46,19.32],[45.46,19.31],[45.45,19.32],[45.45,19.31],[45.44,19.31],[45.44,19.3],[45.43,19.3],[45.42,19.3],[45.41,19.29],[45.4,19.29],[45.4,19.28],[45.39,19.28],[45.38,19.27],[45.37,19.27],[45.37,19.26],[45.36,19.26],[45.35,19.26],[45.35,19.25],[45.35,19.25]],[[45.43,19.56],[45.42,19.56],[45.41,19.56],[45.41,19.55],[45.4,19.55],[45.38,19.55],[45.37,19.55],[45.37,19.56],[45.38,19.57],[45.39,19.57],[45.39,19.58],[45.4,19.58],[45.41,19.58],[45.42,19.58],[45.43,19.58],[45.43,19.59],[45.44,19.59],[45.44,19.58],[45.45,19.59],[45.46,19.59],[45.47,19.59],[45.47,19.6],[45.48,19.6],[45.49,19.6],[45.5,19.6],[45.5,19.61],[45.51,19.61],[45.52,19.62],[45.53,19.62],[45.54,19.62],[45.54,19.63],[45.55,19.63],[45.57,19.63],[45.58,19.63],[45.58,19.62],[45.59,19.62],[45.58,19.62],[45.57,19.62],[45.57,19.61],[45.56,19.61],[45.55,19.61],[45.54,19.61],[45.54,19.6],[45.53,19.6],[45.52,19.6],[45.51,19.59],[45.5,19.59],[45.49,19.58],[45.48,19.58],[45.47,19.58],[45.47,19.57],[45.46,19.57],[45.45,19.57],[45.44,19.57],[45.44,19.56],[45.43,19.56],[45.43,19.56]],[[45.49,19.64],[45.48,19.64],[45.48,19.65],[45.47,19.65],[45.48,19.66],[45.49,19.66],[45.5,19.66],[45.5,19.67],[45.51,19.67],[45.52,19.67],[45.53,19.67],[45.54,19.67],[45.55,19.68],[45.56,19.68],[45.56,19.67],[45.56,19.66],[45.55,19.66],[45.54,19.66],[45.53,19.65],[45.52,19.65],[45.51,19.65],[45.5,19.65],[45.49,19.64]],[[45.39,19.71],[45.37,19.7],[45.37,19.71],[45.38,19.71],[45.38,19.72],[45.39,19.72],[45.4,19.72],[45.41,19.72],[45.42,19.73],[45.43,19.73],[45.44,19.73],[45.44,19.72],[45.43,19.72],[45.43,19.71],[45.42,19.71],[45.41,19.71],[45.4,19.71],[45.39,19.71]],[[47.9,20.15],[48.76,20.7],[47.91,20.16],[47.9,20.15]],[[49.08,21],[49.07,21],[49.06,21],[49.06,21.01],[49.06,21.02],[49.07,21.02],[49.07,21.03],[49.07,21.04],[49.06,21.04],[49.06,21.05],[49.06,21.06],[49.07,21.06],[49.07,21.07],[49.07,21.08],[49.1,21.1],[49.11,21.11],[49.12,21.12],[49.13,21.12],[49.13,21.13],[49.14,21.13],[49.15,21.13],[49.15,21.14],[49.16,21.14],[49.17,21.14],[49.18,21.15],[49.18,21.16],[49.19,21.16],[49.19,21.17],[49.2,21.18],[49.2,21.19],[49.21,21.19],[49.21,21.2],[49.22,21.2],[49.23,21.2],[49.23,21.21],[49.24,21.21],[49.25,21.21],[49.26,21.21],[49.26,21.22],[49.27,21.22],[49.28,21.22],[49.28,21.21],[49.26,21.18],[49.25,21.18],[49.23,21.16],[49.22,21.15],[49.23,21.15],[49.24,21.15],[49.25,21.15],[49.26,21.16],[49.27,21.17],[49.28,21.17],[49.29,21.18],[49.3,21.18],[49.32,21.18],[49.32,21.17],[49.31,21.16],[49.3,21.16],[49.29,21.15],[49.28,21.15],[49.28,21.14],[49.25,21.09],[49.21,21.05],[49.16,21.02],[49.11,21.01],[49.1,21.02],[49.1,21.01],[49.09,21.01],[49.08,21.01],[49.08,21]],[[56.43,21.46],[56.42,21.46],[56.43,21.46],[56.43,21.47],[56.43,21.46]],[[49.43,21.44],[49.54,21.62],[49.43,21.45],[49.43,21.44]],[[49.83,21.83],[49.82,21.82],[49.81,21.82],[49.8,21.82],[49.79,21.81],[49.79,21.82],[49.79,21.83],[49.78,21.83],[49.78,21.84],[49.79,21.85],[49.79,21.86],[49.8,21.87],[49.8,21.88],[49.81,21.88],[49.81,21.89],[49.81,21.9],[49.81,21.91],[49.82,21.91],[49.82,21.92],[49.83,21.92],[49.83,21.93],[49.84,21.93],[49.84,21.91],[49.84,21.88],[49.84,21.87],[49.84,21.86],[49.87,21.86],[49.87,21.85],[49.87,21.84],[49.86,21.84],[49.84,21.84],[49.84,21.83],[49.83,21.83],[49.83,21.83]],[[49.78,21.9],[49.76,21.92],[49.77,21.93],[49.78,21.93],[49.79,21.94],[49.8,21.94],[49.8,21.95],[49.81,21.96],[49.82,21.97],[49.82,21.98],[49.82,21.99],[49.83,21.99],[49.83,22],[49.83,22.01],[49.84,22.01],[49.84,22.02],[49.84,22.03],[49.85,22.03],[49.85,22.04],[49.86,22.05],[49.87,22.05],[49.87,22.04],[49.87,22.03],[49.87,22.02],[49.86,22.02],[49.86,22.01],[49.85,22],[49.85,21.99],[49.84,21.99],[49.84,21.98],[49.84,21.97],[49.83,21.97],[49.83,21.96],[49.82,21.96],[49.82,21.95],[49.82,21.94],[49.81,21.94],[49.81,21.93],[49.8,21.92],[49.78,21.9]],[[49.64,21.99],[49.63,21.99],[49.62,21.99],[49.62,22],[49.63,22.01],[49.64,22.01],[49.64,22.02],[49.65,22.02],[49.66,22.03],[49.67,22.04],[49.68,22.04],[49.69,22.04],[49.69,22.03],[49.69,22.02],[49.69,22.01],[49.69,22],[49.68,22],[49.68,21.99],[49.67,21.99],[49.66,21.99],[49.65,21.99],[49.64,21.99]],[[49.74,22.03],[49.74,22.04],[49.73,22.04],[49.73,22.05],[49.74,22.05],[49.74,22.06],[49.75,22.06],[49.76,22.06],[49.76,22.05],[49.76,22.04],[49.75,22.03],[49.74,22.03],[49.74,22.03]],[[50.15,22.06],[50.15,22.07],[50.15,22.08],[50.16,22.08],[50.16,22.09],[50.17,22.09],[50.17,22.08],[50.18,22.08],[50.17,22.07],[50.17,22.06],[50.16,22.06],[50.16,22.05],[50.15,22.04],[50.14,22.04],[50.13,22.04],[50.14,22.04],[50.14,22.05],[50.14,22.06],[50.15,22.06]],[[49.99,22.08],[49.99,22.07],[49.98,22.07],[49.98,22.08],[49.98,22.09],[49.99,22.09],[50,22.1],[50,22.11],[50.01,22.12],[50.01,22.13],[50.02,22.13],[50.03,22.13],[50.03,22.12],[50.03,22.11],[50.02,22.11],[49.99,22.08]],[[49.79,22.13],[49.79,22.12],[49.78,22.12],[49.78,22.11],[49.77,22.1],[49.76,22.1],[49.76,22.11],[49.76,22.12],[49.77,22.12],[49.77,22.13],[49.78,22.13],[49.78,22.14],[49.78,22.15],[49.78,22.16],[49.78,22.17],[49.79,22.18],[49.79,22.19],[49.8,22.2],[49.82,22.2],[49.82,22.19],[49.83,22.19],[49.84,22.19],[49.84,22.2],[49.85,22.2],[49.85,22.19],[49.85,22.18],[49.84,22.18],[49.83,22.17],[49.82,22.17],[49.82,22.16],[49.81,22.16],[49.8,22.15],[49.8,22.14],[49.8,22.13],[49.79,22.13]],[[55.39,22.2],[55.39,22.21],[55.39,22.22],[55.39,22.21],[55.4,22.2],[55.39,22.2],[55.39,22.2]],[[50,22.04],[50,22.03],[49.99,22.03],[49.99,22.02],[49.98,22.02],[49.98,22.01],[49.98,22],[49.98,21.99],[49.97,21.98],[49.96,21.98],[49.95,21.99],[49.95,22],[49.96,22.01],[49.96,22.02],[49.97,22.02],[49.97,22.03],[49.97,22.04],[49.98,22.04],[49.99,22.04],[50,22.04],[50,22.04]],[[49.9,21.98],[49.89,21.98],[49.89,21.97],[49.89,21.98],[49.89,21.99],[49.89,22],[49.89,22.01],[49.9,22.01],[49.9,22.02],[49.91,22.03],[49.91,22.04],[49.92,22.04],[49.92,22.05],[49.93,22.05],[49.94,22.04],[49.94,22.03],[49.93,22.03],[49.93,22.02],[49.93,22],[49.92,21.99],[49.91,21.99],[49.91,21.98],[49.9,21.98],[49.9,21.98]],[[49.96,21.93],[49.97,21.93],[49.97,21.92],[49.96,21.92],[49.95,21.93],[49.96,21.93]],[[49.99,21.89],[49.99,21.9],[50,21.91],[50.01,21.91],[50.02,21.91],[50.02,21.9],[50,21.88],[49.99,21.89]],[[49.93,21.86],[49.94,21.86],[49.94,21.85],[49.93,21.85],[49.93,21.86]],[[49.82,22.23],[49.81,22.24],[49.81,22.25],[49.82,22.25],[49.82,22.26],[49.83,22.26],[49.83,22.25],[49.82,22.25],[49.82,22.24],[49.82,22.23]],[[49.86,22.26],[49.86,22.27],[49.87,22.28],[49.88,22.28],[49.88,22.27],[49.87,22.27],[49.87,22.26],[49.87,22.25],[49.86,22.25],[49.86,22.26]],[[49.85,22.28],[49.84,22.27],[49.83,22.27],[49.83,22.28],[49.84,22.28],[49.84,22.29],[49.85,22.3],[49.86,22.3],[49.86,22.29],[49.85,22.28]],[[49.94,22.47],[49.94,22.46],[49.93,22.46],[49.93,22.45],[49.92,22.45],[49.92,22.44],[49.92,22.43],[49.9,22.41],[49.89,22.41],[49.89,22.42],[49.88,22.43],[49.89,22.43],[49.89,22.44],[49.89,22.45],[49.9,22.45],[49.9,22.46],[49.91,22.46],[49.91,22.47],[49.91,22.48],[49.91,22.49],[49.92,22.5],[49.92,22.51],[49.92,22.52],[49.93,22.52],[49.93,22.51],[49.94,22.51],[49.94,22.5],[49.95,22.49],[49.94,22.49],[49.94,22.48],[49.94,22.47],[49.94,22.47]],[[55.3,22.63],[55.3,22.62],[55.29,22.62],[55.28,22.62],[55.28,22.63],[55.27,22.63],[55.27,22.64],[55.27,22.65],[55.27,22.66],[55.27,22.67],[55.28,22.68],[55.27,22.68],[55.28,22.69],[55.29,22.69],[55.3,22.69],[55.32,22.71],[55.34,22.71],[55.34,22.7],[55.34,22.69],[55.33,22.69],[55.33,22.68],[55.32,22.68],[55.32,22.67],[55.32,22.66],[55.31,22.65],[55.31,22.64],[55.3,22.63]],[[55.28,22.72],[55.27,22.72],[55.26,22.72],[55.25,22.72],[55.25,22.73],[55.24,22.73],[55.24,22.74],[55.24,22.75],[55.25,22.75],[55.25,22.76],[55.26,22.76],[55.27,22.76],[55.27,22.75],[55.27,22.74],[55.28,22.74],[55.28,22.72]],[[55.22,22.82],[55.21,22.82],[55.21,22.83],[55.21,22.84],[55.2,22.84],[55.2,22.85],[55.21,22.86],[55.21,22.87],[55.22,22.87],[55.23,22.87],[55.25,22.87],[55.25,22.85],[55.24,22.85],[55.24,22.84],[55.24,22.83],[55.22,22.82],[55.22,22.82]],[[55.23,22.89],[55.21,22.89],[55.21,22.9],[55.22,22.91],[55.23,22.91],[55.24,22.91],[55.25,22.91],[55.25,22.9],[55.24,22.9],[55.24,22.89],[55.23,22.89],[55.23,22.89]],[[50.11,22.89],[50.11,22.88],[50.1,22.88],[50.1,22.89],[50.1,22.9],[50.11,22.9],[50.11,22.91],[50.11,22.92],[50.13,22.93],[50.13,22.92],[50.12,22.91],[50.12,22.9],[50.11,22.89]],[[55.22,23.02],[55.23,23.01],[55.24,23.01],[55.24,23],[55.26,22.98],[55.26,22.96],[55.25,22.96],[55.24,22.97],[55.23,22.97],[55.22,22.97],[55.22,22.98],[55.21,22.98],[55.21,22.99],[55.2,23],[55.2,23.01],[55.21,23.01],[55.22,23.02],[55.22,23.02]],[[55.13,23.01],[55.14,23],[55.14,22.98],[55.12,22.98],[55.12,22.99],[55.11,22.99],[55.11,23],[55.1,23],[55.11,23],[55.11,23.01],[55.13,23.01]],[[55.15,23.01],[55.14,23.02],[55.14,23.03],[55.14,23.04],[55.13,23.04],[55.14,23.05],[55.15,23.05],[55.15,23.04],[55.16,23.04],[55.16,23.03],[55.16,23.02],[55.16,23.01],[55.15,23.01],[55.15,23.01]],[[55.3,23.05],[55.29,23.05],[55.28,23.05],[55.28,23.06],[55.27,23.06],[55.26,23.07],[55.26,23.08],[55.26,23.09],[55.27,23.09],[55.28,23.09],[55.29,23.09],[55.29,23.08],[55.31,23.06],[55.32,23.06],[55.32,23.05],[55.31,23.05],[55.3,23.05]],[[55.1,23.05],[55.09,23.05],[55.09,23.06],[55.08,23.06],[55.07,23.06],[55.06,23.07],[55.05,23.07],[55.04,23.08],[55.03,23.08],[55.02,23.08],[55.01,23.08],[55.01,23.09],[55,23.09],[54.99,23.09],[54.99,23.1],[55,23.1],[55.01,23.1],[55.02,23.1],[55.03,23.09],[55.04,23.09],[55.05,23.09],[55.05,23.08],[55.06,23.08],[55.07,23.07],[55.08,23.07],[55.08,23.08],[55.09,23.08],[55.1,23.07],[55.1,23.06],[55.1,23.05]],[[55.08,23.09],[55.08,23.1],[55.07,23.1],[55.06,23.1],[55.05,23.11],[55.04,23.11],[55.03,23.11],[55.03,23.12],[55.02,23.12],[55.01,23.12],[55.01,23.13],[55,23.13],[55,23.14],[55.01,23.14],[55.02,23.14],[55.03,23.14],[55.03,23.13],[55.04,23.13],[55.05,23.13],[55.06,23.13],[55.07,23.13],[55.07,23.12],[55.08,23.12],[55.09,23.11],[55.09,23.1],[55.1,23.1],[55.09,23.09],[55.08,23.09]],[[55.14,23.12],[55.13,23.13],[55.12,23.13],[55.11,23.13],[55.1,23.14],[55.1,23.15],[55.11,23.15],[55.12,23.15],[55.12,23.14],[55.13,23.14],[55.14,23.14],[55.14,23.13],[55.14,23.12],[55.14,23.12]],[[55.11,23.1],[55.12,23.1],[55.13,23.1],[55.14,23.1],[55.14,23.09],[55.15,23.09],[55.16,23.09],[55.16,23.08],[55.17,23.08],[55.18,23.07],[55.18,23.06],[55.16,23.06],[55.15,23.06],[55.14,23.07],[55.13,23.08],[55.12,23.09],[55.11,23.1]],[[55.18,23.15],[55.16,23.15],[55.15,23.15],[55.15,23.16],[55.14,23.16],[55.13,23.16],[55.13,23.17],[55.12,23.17],[55.11,23.17],[55.1,23.18],[55.09,23.18],[55.08,23.18],[55.08,23.19],[55.07,23.19],[55.06,23.19],[55.06,23.2],[55.05,23.2],[55.06,23.21],[55.08,23.21],[55.08,23.2],[55.09,23.2],[55.1,23.2],[55.1,23.19],[55.11,23.19],[55.12,23.19],[55.13,23.19],[55.13,23.18],[55.14,23.18],[55.15,23.18],[55.17,23.18],[55.18,23.17],[55.19,23.17],[55.2,23.17],[55.2,23.16],[55.19,23.15],[55.18,23.15],[55.18,23.15]],[[55.04,23.18],[55.05,23.18],[55.05,23.17],[55.06,23.17],[55.06,23.16],[55.06,23.15],[55.05,23.15],[55.04,23.16],[55.04,23.17],[55.04,23.18],[55.04,23.18]],[[52.57,23.19],[52.56,23.2],[52.56,23.21],[52.56,23.22],[52.56,23.23],[52.57,23.23],[52.57,23.24],[52.58,23.24],[52.58,23.25],[52.59,23.25],[52.6,23.25],[52.61,23.25],[52.62,23.24],[52.61,23.23],[52.61,23.22],[52.6,23.22],[52.59,23.22],[52.58,23.22],[52.58,23.21],[52.58,23.2],[52.57,23.19],[52.57,23.19]],[[55.08,23.27],[55.07,23.27],[55.07,23.28],[55.06,23.28],[55.05,23.28],[55.05,23.29],[55.06,23.29],[55.07,23.29],[55.08,23.29],[55.09,23.29],[55.1,23.29],[55.1,23.28],[55.1,23.27],[55.08,23.27]],[[55.13,23.28],[55.13,23.29],[55.14,23.3],[55.14,23.31],[55.13,23.31],[55.12,23.31],[55.11,23.31],[55.11,23.32],[55.1,23.32],[55.09,23.32],[55.09,23.33],[55.08,23.33],[55.07,23.34],[55.08,23.34],[55.09,23.34],[55.1,23.34],[55.11,23.34],[55.12,23.34],[55.13,23.33],[55.14,23.33],[55.15,23.33],[55.15,23.32],[55.16,23.32],[55.16,23.31],[55.17,23.31],[55.17,23.3],[55.17,23.29],[55.17,23.28],[55.2,23.25],[55.2,23.24],[55.19,23.24],[55.18,23.25],[55.17,23.25],[55.16,23.25],[55.16,23.26],[55.15,23.26],[55.14,23.26],[55.13,23.28]],[[55.31,23.34],[55.3,23.35],[55.31,23.35],[55.31,23.36],[55.32,23.36],[55.34,23.36],[55.35,23.36],[55.36,23.35],[55.37,23.35],[55.38,23.34],[55.37,23.34],[55.35,23.34],[55.34,23.34],[55.31,23.34]],[[55.73,23.34],[55.74,23.34],[55.75,23.34],[55.75,23.33],[55.76,23.33],[55.77,23.32],[55.76,23.32],[55.75,23.32],[55.74,23.32],[55.73,23.33],[55.72,23.33],[55.73,23.34]],[[55.7,23.32],[55.71,23.32],[55.72,23.31],[55.73,23.31],[55.73,23.3],[55.74,23.3],[55.75,23.3],[55.76,23.29],[55.76,23.28],[55.75,23.28],[55.74,23.28],[55.74,23.27],[55.71,23.27],[55.7,23.27],[55.69,23.27],[55.68,23.28],[55.67,23.28],[55.66,23.29],[55.67,23.3],[55.68,23.3],[55.68,23.32],[55.69,23.32],[55.7,23.32]],[[55.29,23.32],[55.3,23.32],[55.3,23.31],[55.31,23.31],[55.32,23.31],[55.33,23.31],[55.33,23.3],[55.34,23.3],[55.34,23.29],[55.34,23.28],[55.32,23.28],[55.31,23.28],[55.31,23.29],[55.3,23.29],[55.29,23.3],[55.28,23.3],[55.28,23.31],[55.27,23.31],[55.26,23.32],[55.25,23.32],[55.25,23.33],[55.27,23.33],[55.28,23.33],[55.28,23.32],[55.29,23.32],[55.29,23.32]],[[55.3,23.37],[55.27,23.37],[55.26,23.37],[55.25,23.38],[55.25,23.39],[55.25,23.4],[55.26,23.4],[55.27,23.4],[55.27,23.39],[55.28,23.39],[55.29,23.39],[55.29,23.38],[55.3,23.38],[55.31,23.37],[55.3,23.37],[55.3,23.37]],[[55.16,23.4],[55.17,23.4],[55.17,23.39],[55.18,23.38],[55.17,23.38],[55.16,23.38],[55.15,23.38],[55.14,23.38],[55.13,23.38],[55.13,23.39],[55.12,23.39],[55.11,23.39],[55.1,23.39],[55.1,23.4],[55.09,23.4],[55.1,23.41],[55.12,23.41],[55.12,23.4],[55.14,23.4],[55.15,23.4],[55.16,23.4],[55.16,23.4]],[[55.43,23.4],[55.42,23.4],[55.42,23.41],[55.41,23.41],[55.4,23.42],[55.39,23.42],[55.39,23.43],[55.38,23.43],[55.37,23.43],[55.37,23.44],[55.36,23.44],[55.35,23.44],[55.35,23.45],[55.34,23.45],[55.33,23.45],[55.32,23.45],[55.33,23.46],[55.37,23.46],[55.38,23.46],[55.38,23.45],[55.39,23.45],[55.4,23.45],[55.41,23.45],[55.42,23.45],[55.44,23.44],[55.45,23.44],[55.46,23.44],[55.47,23.44],[55.47,23.43],[55.47,23.42],[55.46,23.42],[55.45,23.42],[55.45,23.41],[55.45,23.4],[55.43,23.4],[55.43,23.4]],[[52.52,23.39],[52.51,23.39],[52.51,23.4],[52.51,23.41],[52.5,23.41],[52.51,23.42],[52.51,23.43],[52.52,23.43],[52.53,23.43],[52.54,23.43],[52.54,23.42],[52.55,23.41],[52.54,23.4],[52.53,23.4],[52.52,23.39]],[[55.46,23.55],[55.45,23.55],[55.44,23.55],[55.43,23.55],[55.43,23.56],[55.42,23.56],[55.41,23.56],[55.4,23.56],[55.4,23.57],[55.37,23.57],[55.36,23.57],[55.35,23.57],[55.34,23.58],[55.34,23.59],[55.35,23.59],[55.36,23.59],[55.38,23.59],[55.39,23.59],[55.4,23.59],[55.41,23.59],[55.41,23.58],[55.42,23.58],[55.43,23.58],[55.44,23.58],[55.44,23.57],[55.45,23.57],[55.46,23.57],[55.47,23.57],[55.47,23.56],[55.48,23.56],[55.48,23.55],[55.47,23.55],[55.46,23.55],[55.46,23.55]],[[53.51,23.57],[53.52,23.55],[53.51,23.55],[53.5,23.55],[53.49,23.55],[53.49,23.56],[53.48,23.56],[53.47,23.56],[53.46,23.56],[53.46,23.57],[53.45,23.57],[53.44,23.57],[53.44,23.58],[53.43,23.58],[53.43,23.59],[53.42,23.59],[53.41,23.59],[53.4,23.6],[53.39,23.6],[53.38,23.61],[53.37,23.62],[53.36,23.62],[53.36,23.63],[53.37,23.63],[53.37,23.64],[53.37,23.63],[53.38,23.63],[53.39,23.63],[53.4,23.61],[53.41,23.61],[53.41,23.6],[53.42,23.6],[53.43,23.6],[53.44,23.6],[53.44,23.59],[53.45,23.59],[53.46,23.59],[53.46,23.58],[53.47,23.58],[53.48,23.58],[53.49,23.58],[53.49,23.57],[53.5,23.57],[53.51,23.57]],[[53.91,23.63],[53.91,23.64],[53.9,23.64],[53.9,23.65],[53.91,23.65],[53.92,23.65],[53.92,23.64],[53.93,23.64],[53.93,23.63],[53.92,23.62],[53.91,23.63],[53.91,23.63]],[[53.96,23.65],[53.95,23.65],[53.95,23.66],[53.94,23.66],[53.93,23.67],[53.93,23.68],[53.94,23.68],[53.95,23.68],[53.96,23.68],[53.96,23.67],[53.97,23.66],[53.96,23.65],[53.96,23.65]],[[53.63,23.66],[53.62,23.66],[53.62,23.67],[53.61,23.67],[53.61,23.68],[53.6,23.69],[53.6,23.7],[53.62,23.7],[53.63,23.69],[53.64,23.68],[53.64,23.67],[53.65,23.67],[53.64,23.66],[53.63,23.66],[53.63,23.66]],[[52.86,23.69],[52.86,23.68],[52.85,23.67],[52.84,23.68],[52.83,23.68],[52.83,23.69],[52.84,23.7],[52.85,23.7],[52.85,23.71],[52.86,23.71],[52.87,23.71],[52.87,23.7],[52.86,23.69],[52.86,23.69]],[[53.42,23.7],[53.24,23.8],[53.43,23.7],[53.42,23.7]],[[53.14,23.77],[53.15,23.77],[53.14,23.77],[53.13,23.77],[53.12,23.77],[53.12,23.78],[53.11,23.78],[53.1,23.79],[53.09,23.79],[53.08,23.8],[53.07,23.81],[53.06,23.81],[53.05,23.81],[53.04,23.81],[53.04,23.82],[53.03,23.83],[53.02,23.83],[53.01,23.83],[53,23.83],[53,23.84],[52.99,23.84],[52.97,23.85],[52.97,23.86],[52.97,23.87],[52.97,23.88],[52.98,23.88],[52.99,23.87],[53,23.86],[53.01,23.86],[53.02,23.86],[53.03,23.86],[53.03,23.87],[53.04,23.87],[53.04,23.88],[53.05,23.88],[53.06,23.88],[53.07,23.88],[53.07,23.87],[53.08,23.87],[53.09,23.87],[53.09,23.86],[53.09,23.85],[53.1,23.85],[53.1,23.86],[53.1,23.87],[53.09,23.87],[53.09,23.88],[53.1,23.89],[53.11,23.89],[53.11,23.88],[53.12,23.88],[53.13,23.87],[53.14,23.87],[53.15,23.87],[53.16,23.87],[53.17,23.86],[53.17,23.85],[53.17,23.84],[53.18,23.84],[53.18,23.83],[53.18,23.82],[53.18,23.81],[53.19,23.81],[53.18,23.81],[53.18,23.8],[53.17,23.8],[53.16,23.81],[53.16,23.82],[53.15,23.83],[53.14,23.82],[53.15,23.82],[53.15,23.81],[53.15,23.8],[53.15,23.79],[53.13,23.79],[53.12,23.79],[53.13,23.78],[53.14,23.78],[53.14,23.77]],[[53.95,23.85],[53.94,23.85],[53.94,23.86],[53.94,23.87],[53.94,23.88],[53.95,23.88],[53.96,23.87],[53.96,23.86],[53.96,23.85],[53.95,23.85]],[[54.08,23.85],[54.07,23.86],[54.07,23.87],[54.08,23.87],[54.09,23.87],[54.09,23.86],[54.1,23.86],[54.1,23.85],[54.09,23.85],[54.08,23.85],[54.08,23.85]],[[54.44,23.86],[54.44,23.87],[54.45,23.87],[54.46,23.86],[54.47,23.86],[54.48,23.85],[54.49,23.85],[54.49,23.84],[54.5,23.84],[54.51,23.84],[54.51,23.83],[54.52,23.83],[54.52,23.82],[54.53,23.82],[54.54,23.82],[54.55,23.82],[54.55,23.81],[54.56,23.81],[54.57,23.81],[54.57,23.8],[54.58,23.79],[54.58,23.78],[54.57,23.78],[54.56,23.78],[54.56,23.79],[54.55,23.79],[54.54,23.79],[54.54,23.8],[54.53,23.8],[54.52,23.81],[54.51,23.81],[54.5,23.81],[54.49,23.81],[54.48,23.81],[54.48,23.82],[54.47,23.82],[54.47,23.83],[54.46,23.84],[54.46,23.85],[54.45,23.85],[54.44,23.86]],[[55.03,23.82],[55.02,23.83],[55.01,23.83],[55,23.83],[55,23.84],[54.99,23.85],[54.98,23.85],[54.98,23.86],[54.99,23.86],[55,23.86],[55.01,23.86],[55.01,23.85],[55.02,23.85],[55.03,23.85],[55.03,23.84],[55.04,23.84],[55.05,23.83],[55.05,23.82],[55.03,23.82]],[[54.43,23.8],[54.44,23.79],[54.45,23.79],[54.46,23.78],[54.47,23.77],[54.48,23.76],[54.48,23.75],[54.47,23.75],[54.45,23.77],[54.44,23.77],[54.43,23.77],[54.43,23.78],[54.42,23.78],[54.41,23.79],[54.41,23.8],[54.4,23.8],[54.4,23.81],[54.39,23.82],[54.38,23.83],[54.39,23.83],[54.4,23.83],[54.41,23.82],[54.43,23.8]],[[55.47,23.76],[55.46,23.76],[55.46,23.77],[55.47,23.78],[55.5,23.78],[55.51,23.78],[55.52,23.78],[55.52,23.77],[55.51,23.76],[55.5,23.76],[55.49,23.76],[55.48,23.75],[55.47,23.76],[55.46,23.76],[55.47,23.76]],[[54.42,23.75],[54.42,23.74],[54.42,23.73],[54.41,23.73],[54.41,23.74],[54.4,23.74],[54.39,23.74],[54.39,23.75],[54.38,23.75],[54.37,23.76],[54.37,23.77],[54.37,23.78],[54.38,23.78],[54.38,23.77],[54.39,23.77],[54.4,23.76],[54.41,23.75],[54.42,23.75],[54.42,23.75]],[[54.07,23.74],[54.07,23.73],[54.08,23.72],[54.08,23.71],[54.09,23.71],[54.09,23.7],[54.1,23.69],[54.09,23.68],[54.08,23.68],[54.08,23.69],[54.06,23.71],[54.06,23.72],[54.05,23.73],[54.05,23.74],[54.04,23.74],[54.03,23.75],[54.02,23.76],[54.02,23.77],[54.03,23.77],[54.04,23.76],[54.05,23.76],[54.05,23.75],[54.06,23.75],[54.07,23.75],[54.06,23.75],[54.07,23.74]],[[54.12,23.69],[54.12,23.7],[54.12,23.71],[54.14,23.7],[54.15,23.7],[54.14,23.69],[54.14,23.68],[54.13,23.68],[54.12,23.69]],[[54.05,23.68],[54.04,23.68],[54.04,23.69],[54.03,23.69],[54.02,23.7],[54.01,23.71],[54,23.71],[54,23.72],[53.99,23.72],[53.99,23.73],[54,23.73],[54,23.74],[53.99,23.75],[53.99,23.76],[54,23.76],[54,23.75],[54.01,23.75],[54.02,23.74],[54.03,23.73],[54.04,23.72],[54.04,23.71],[54.05,23.7],[54.05,23.69],[54.05,23.68],[54.05,23.68]],[[53.85,23.69],[53.86,23.69],[53.87,23.68],[53.87,23.67],[53.87,23.66],[53.86,23.66],[53.85,23.67],[53.85,23.68],[53.84,23.68],[53.84,23.69],[53.85,23.7],[53.85,23.69]],[[53.76,23.7],[53.75,23.7],[53.75,23.71],[53.75,23.72],[53.76,23.73],[53.77,23.73],[53.78,23.73],[53.78,23.72],[53.77,23.71],[53.76,23.71],[53.76,23.7],[53.76,23.7]],[[53.69,23.71],[53.67,23.71],[53.66,23.72],[53.67,23.72],[53.68,23.72],[53.69,23.72],[53.7,23.72],[53.7,23.71],[53.69,23.71],[53.69,23.71]],[[53.85,23.71],[53.84,23.71],[53.84,23.72],[53.83,23.73],[53.82,23.73],[53.82,23.74],[53.82,23.75],[53.82,23.76],[53.81,23.76],[53.82,23.76],[53.83,23.76],[53.83,23.75],[53.84,23.75],[53.84,23.74],[53.85,23.73],[53.85,23.72],[53.86,23.72],[53.86,23.71],[53.85,23.71],[53.85,23.71]],[[53.68,23.75],[53.67,23.75],[53.66,23.76],[53.66,23.77],[53.65,23.77],[53.65,23.78],[53.65,23.79],[53.65,23.8],[53.64,23.8],[53.64,23.81],[53.63,23.81],[53.62,23.82],[53.63,23.83],[53.65,23.83],[53.66,23.81],[53.67,23.81],[53.68,23.8],[53.69,23.79],[53.69,23.78],[53.69,23.77],[53.69,23.76],[53.68,23.75],[53.68,23.75]],[[54.19,23.79],[54.18,23.81],[54.17,23.81],[54.16,23.81],[54.16,23.82],[54.15,23.82],[54.12,23.85],[54.13,23.86],[54.14,23.86],[54.14,23.85],[54.15,23.84],[54.16,23.84],[54.17,23.84],[54.17,23.83],[54.18,23.83],[54.18,23.82],[54.2,23.81],[54.2,23.8],[54.2,23.79],[54.19,23.79]],[[54.26,23.79],[54.25,23.79],[54.23,23.81],[54.23,23.82],[54.26,23.82],[54.27,23.82],[54.28,23.82],[54.28,23.81],[54.28,23.8],[54.28,23.79],[54.29,23.79],[54.29,23.78],[54.28,23.78],[54.27,23.78],[54.27,23.79],[54.26,23.79],[54.26,23.79]],[[54.21,23.78],[54.22,23.78],[54.23,23.78],[54.23,23.77],[54.24,23.77],[54.24,23.76],[54.25,23.76],[54.24,23.76],[54.25,23.76],[54.25,23.75],[54.24,23.75],[54.23,23.75],[54.21,23.76],[54.21,23.75],[54.21,23.76],[54.2,23.76],[54.2,23.77],[54.2,23.78],[54.21,23.78],[54.21,23.78]],[[53.85,23.63],[53.85,23.62],[53.86,23.62],[53.87,23.61],[53.86,23.61],[53.86,23.6],[53.84,23.6],[53.84,23.61],[53.83,23.62],[53.83,23.63],[53.85,23.63]],[[53.95,23.61],[53.94,23.61],[53.94,23.62],[53.95,23.62],[53.96,23.62],[53.96,23.61],[53.97,23.6],[53.98,23.6],[53.98,23.59],[53.98,23.58],[53.97,23.58],[53.97,23.59],[53.96,23.59],[53.95,23.61]],[[55.61,23.9],[55.55,23.91],[55.55,23.9],[55.54,23.91],[55.55,23.91],[55.55,23.92],[55.56,23.92],[55.57,23.92],[55.57,23.93],[55.58,23.93],[55.59,23.93],[55.59,23.94],[55.6,23.94],[55.61,23.94],[55.61,23.95],[55.62,23.95],[55.63,23.95],[55.63,23.96],[55.64,23.96],[55.66,23.96],[55.66,23.95],[55.66,23.94],[55.67,23.93],[55.68,23.93],[55.68,23.92],[55.68,23.91],[55.67,23.91],[55.66,23.91],[55.65,23.91],[55.62,23.91],[55.62,23.9],[55.61,23.9],[55.61,23.9]],[[55.2,23.98],[55.19,23.98],[55.19,23.99],[55.18,23.99],[55.17,23.99],[55.16,23.99],[55.16,24],[55.17,24],[55.17,24.01],[55.18,24.01],[55.19,24.01],[55.19,24],[55.2,24],[55.21,24],[55.21,23.99],[55.22,23.99],[55.21,23.98],[55.2,23.98]],[[55.04,24.04],[55.03,24.04],[55.02,24.04],[55.01,24.04],[55,24.04],[55,24.05],[54.99,24.05],[54.98,24.05],[54.98,24.06],[54.99,24.07],[55.01,24.07],[55.02,24.07],[55.02,24.06],[55.03,24.06],[55.04,24.06],[55.05,24.05],[55.06,24.05],[55.06,24.04],[55.04,24.04],[55.04,24.04]],[[54.94,24.04],[54.93,24.04],[54.93,24.05],[54.92,24.05],[54.91,24.05],[54.9,24.05],[54.9,24.06],[54.89,24.06],[54.89,24.07],[54.88,24.07],[54.88,24.08],[54.89,24.08],[54.9,24.08],[54.91,24.08],[54.92,24.08],[54.93,24.08],[54.93,24.07],[54.94,24.07],[54.95,24.06],[54.95,24.05],[54.94,24.05],[54.94,24.04]],[[55.43,24.14],[55.42,24.14],[55.41,24.14],[55.41,24.15],[55.41,24.16],[55.42,24.17],[55.43,24.17],[55.44,24.17],[55.45,24.17],[55.46,24.17],[55.47,24.17],[55.47,24.18],[55.48,24.18],[55.49,24.18],[55.5,24.17],[55.51,24.17],[55.51,24.16],[55.51,24.15],[55.5,24.15],[55.49,24.15],[55.48,24.15],[55.47,24.14],[55.46,24.15],[55.45,24.14],[55.44,24.14],[55.43,24.14],[55.43,24.14]],[[54.93,24.14],[54.91,24.14],[54.91,24.15],[54.9,24.15],[54.89,24.15],[54.89,24.16],[54.88,24.16],[54.88,24.17],[54.88,24.18],[54.89,24.18],[54.9,24.17],[54.91,24.17],[54.92,24.17],[54.92,24.16],[54.93,24.16],[54.94,24.15],[54.93,24.15],[54.93,24.14]],[[55.02,24.16],[55.01,24.16],[55,24.16],[54.99,24.16],[54.98,24.16],[54.98,24.17],[54.97,24.17],[54.96,24.17],[54.96,24.18],[54.97,24.19],[54.98,24.19],[55.02,24.19],[55.03,24.19],[55.04,24.18],[55.04,24.17],[55.05,24.17],[55.05,24.16],[55.04,24.16],[55.02,24.16]],[[55.28,24.19],[55.27,24.19],[55.27,24.2],[55.26,24.2],[55.26,24.21],[55.27,24.21],[55.28,24.22],[55.29,24.22],[55.3,24.22],[55.31,24.22],[55.31,24.23],[55.32,24.22],[55.32,24.23],[55.33,24.23],[55.36,24.23],[55.36,24.22],[55.34,24.21],[55.34,24.2],[55.33,24.2],[55.32,24.19],[55.31,24.19],[55.3,24.19],[55.29,24.19],[55.28,24.19]],[[55.23,24.27],[55.22,24.27],[55.21,24.27],[55.21,24.28],[55.22,24.28],[55.22,24.29],[55.23,24.29],[55.24,24.29],[55.25,24.29],[55.26,24.29],[55.27,24.29],[55.28,24.29],[55.28,24.28],[55.27,24.28],[55.26,24.28],[55.26,24.27],[55.25,24.27],[55.24,24.27],[55.23,24.27],[55.23,24.27]],[[55.24,24.31],[55.43,24.39],[55.24,24.31],[55.24,24.31]],[[55.25,24.35],[55.42,24.46],[55.25,24.35],[55.25,24.35]],[[54.96,24.36],[54.95,24.36],[54.96,24.37],[54.98,24.37],[54.99,24.37],[54.99,24.38],[55,24.38],[55.01,24.38],[55.02,24.37],[55.01,24.36],[55,24.36],[54.99,24.36],[54.97,24.36],[54.96,24.36]],[[55.12,24.39],[55.1,24.39],[55.11,24.4],[55.12,24.4],[55.12,24.41],[55.13,24.41],[55.14,24.41],[55.16,24.41],[55.16,24.4],[55.15,24.39],[55.14,24.39],[55.13,24.39],[55.12,24.39],[55.12,24.39]],[[55.29,24.42],[55.46,24.54],[55.29,24.42],[55.29,24.42]],[[55.09,24.45],[55.08,24.45],[55.07,24.45],[55.05,24.45],[55.05,24.46],[55.04,24.46],[55.05,24.46],[55.05,24.47],[55.06,24.47],[55.07,24.47],[55.09,24.47],[55.1,24.47],[55.11,24.47],[55.11,24.46],[55.1,24.46],[55.1,24.45],[55.09,24.45],[55.09,24.45]],[[55.23,24.48],[55.23,24.47],[55.23,24.48],[55.24,24.48],[55.25,24.48],[55.26,24.48],[55.27,24.48],[55.27,24.49],[55.28,24.49],[55.29,24.49],[55.3,24.49],[55.3,24.48],[55.3,24.47],[55.29,24.46],[55.28,24.46],[55.27,24.45],[55.24,24.46],[55.24,24.45],[55.23,24.45],[55.21,24.45],[55.21,24.46],[55.22,24.46],[55.22,24.47],[55.23,24.47],[55.23,24.48]],[[55.18,24.48],[55.17,24.48],[55.16,24.48],[55.16,24.49],[55.17,24.49],[55.18,24.49],[55.18,24.5],[55.19,24.5],[55.2,24.5],[55.21,24.49],[55.2,24.48],[55.19,24.48],[55.18,24.48],[55.18,24.48]],[[55.01,24.49],[55,24.5],[54.99,24.5],[54.99,24.51],[54.98,24.52],[54.99,24.52],[55,24.52],[55.01,24.52],[55.02,24.52],[55.03,24.52],[55.04,24.52],[55.07,24.51],[55.07,24.52],[55.1,24.52],[55.1,24.51],[55.09,24.5],[55.08,24.5],[55.07,24.5],[55.06,24.5],[55.05,24.5],[55.03,24.5],[55.02,24.5],[55.01,24.5],[55.01,24.49]],[[55.13,24.52],[55.12,24.52],[55.11,24.52],[55.11,24.53],[55.12,24.54],[55.13,24.54],[55.13,24.55],[55.14,24.55],[55.16,24.55],[55.17,24.55],[55.18,24.55],[55.19,24.55],[55.21,24.55],[55.2,24.54],[55.2,24.53],[55.19,24.53],[55.18,24.53],[55.17,24.53],[55.17,24.52],[55.16,24.52],[55.15,24.52],[55.14,24.52],[55.13,24.52]],[[55.36,24.56],[55.54,24.66],[55.36,24.55],[55.36,24.56]],[[55.19,24.58],[55.18,24.59],[55.18,24.6],[55.19,24.6],[55.2,24.6],[55.2,24.61],[55.21,24.61],[55.22,24.61],[55.22,24.62],[55.23,24.62],[55.24,24.62],[55.25,24.62],[55.26,24.62],[55.27,24.62],[55.27,24.63],[55.28,24.63],[55.29,24.63],[55.29,24.64],[55.3,24.64],[55.31,24.65],[55.31,24.66],[55.31,24.67],[55.31,24.68],[55.35,24.68],[55.35,24.69],[55.35,24.7],[55.35,24.71],[55.36,24.71],[55.37,24.71],[55.38,24.71],[55.39,24.71],[55.4,24.72],[55.41,24.72],[55.42,24.72],[55.45,24.72],[55.45,24.71],[55.44,24.7],[55.43,24.7],[55.43,24.69],[55.42,24.68],[55.41,24.68],[55.4,24.68],[55.4,24.67],[55.39,24.67],[55.38,24.66],[55.35,24.64],[55.35,24.63],[55.34,24.62],[55.34,24.61],[55.33,24.6],[55.32,24.6],[55.31,24.59],[55.27,24.6],[55.26,24.59],[55.24,24.6],[55.24,24.59],[55.23,24.59],[55.22,24.59],[55.21,24.59],[55.2,24.59],[55.19,24.59],[55.19,24.58]],[[54.84,24.6],[54.8,24.6],[54.8,24.61],[54.8,24.62],[54.81,24.62],[54.82,24.62],[54.83,24.62],[54.83,24.63],[54.84,24.62],[54.85,24.62],[54.85,24.61],[54.85,24.6],[54.84,24.6],[54.84,24.6]],[[55,24.62],[54.99,24.62],[54.99,24.63],[54.98,24.63],[54.97,24.63],[54.97,24.64],[54.98,24.64],[54.98,24.65],[54.99,24.65],[55.03,24.65],[55.04,24.65],[55.04,24.64],[55.04,24.63],[55.03,24.63],[55.03,24.62],[55.02,24.62],[55.01,24.62],[55,24.62]],[[55.01,24.7],[55,24.7],[54.99,24.7],[54.99,24.71],[55,24.71],[55.01,24.71],[55.01,24.72],[55.02,24.72],[55.03,24.72],[55.03,24.73],[55.04,24.73],[55.05,24.73],[55.05,24.74],[55.07,24.74],[55.07,24.73],[55.08,24.73],[55.09,24.73],[55.09,24.72],[55.09,24.71],[55.08,24.71],[55.07,24.71],[55.04,24.71],[55.04,24.7],[55.03,24.71],[55.03,24.7],[55.02,24.7],[55.01,24.7],[55.01,24.7]],[[55.2,24.74],[55.21,24.74],[55.22,24.74],[55.21,24.74],[55.21,24.75],[55.21,24.76],[55.22,24.76],[55.24,24.76],[55.25,24.77],[55.26,24.77],[55.26,24.78],[55.28,24.78],[55.29,24.78],[55.29,24.77],[55.3,24.77],[55.28,24.75],[55.26,24.73],[55.25,24.73],[55.25,24.72],[55.24,24.72],[55.23,24.72],[55.21,24.72],[55.2,24.72],[55.19,24.73],[55.2,24.74],[55.2,24.74]],[[55.41,24.77],[55.45,24.76],[55.46,24.76],[55.47,24.76],[55.46,24.75],[55.45,24.75],[55.45,24.74],[55.44,24.73],[55.4,24.73],[55.4,24.74],[55.38,24.74],[55.33,24.74],[55.33,24.75],[55.33,24.76],[55.34,24.76],[55.37,24.76],[55.38,24.76],[55.39,24.76],[55.41,24.76],[55.41,24.77]],[[55.68,24.75],[55.71,24.75],[55.72,24.75],[55.72,24.74],[55.71,24.74],[55.71,24.73],[55.7,24.73],[55.69,24.73],[55.68,24.72],[55.67,24.72],[55.67,24.71],[55.66,24.71],[55.65,24.71],[55.64,24.71],[55.63,24.71],[55.62,24.71],[55.62,24.72],[55.63,24.73],[55.64,24.73],[55.64,24.74],[55.65,24.73],[55.65,24.74],[55.66,24.74],[55.66,24.75],[55.67,24.75],[55.68,24.75],[55.68,24.75]],[[55.58,24.47],[55.6,24.47],[55.6,24.46],[55.6,24.45],[55.59,24.44],[55.58,24.44],[55.57,24.43],[55.56,24.43],[55.55,24.43],[55.54,24.43],[55.54,24.42],[55.53,24.42],[55.52,24.42],[55.52,24.41],[55.51,24.41],[55.5,24.42],[55.49,24.42],[55.5,24.43],[55.51,24.43],[55.51,24.44],[55.52,24.44],[55.53,24.44],[55.53,24.45],[55.54,24.45],[55.55,24.45],[55.55,24.46],[55.56,24.46],[55.57,24.46],[55.58,24.46],[55.58,24.47]],[[54.92,24.79],[54.9,24.79],[54.89,24.79],[54.88,24.79],[54.88,24.8],[54.88,24.81],[54.89,24.82],[54.9,24.82],[54.91,24.82],[54.92,24.82],[54.93,24.82],[54.94,24.82],[54.94,24.83],[54.95,24.83],[54.96,24.83],[54.97,24.83],[54.99,24.83],[55,24.83],[55,24.82],[55.01,24.82],[55.03,24.82],[55.04,24.82],[55.04,24.81],[55.03,24.81],[55.03,24.8],[55.02,24.8],[55.01,24.8],[55,24.8],[54.99,24.8],[54.98,24.8],[54.97,24.8],[54.96,24.8],[54.95,24.79],[54.94,24.79],[54.93,24.79],[54.92,24.79],[54.92,24.79]],[[55.05,24.83],[55.06,24.84],[55.07,24.84],[55.08,24.84],[55.09,24.84],[55.09,24.85],[55.12,24.84],[55.13,24.84],[55.13,24.83],[55.12,24.83],[55.11,24.83],[55.11,24.82],[55.1,24.82],[55.05,24.83]],[[55.32,24.83],[55.31,24.83],[55.31,24.84],[55.3,24.84],[55.31,24.85],[55.33,24.85],[55.34,24.85],[55.35,24.85],[55.36,24.86],[55.39,24.85],[55.39,24.84],[55.38,24.83],[55.37,24.83],[55.36,24.83],[55.36,24.82],[55.34,24.82],[55.33,24.83],[55.32,24.83]],[[55.29,24.82],[55.31,24.82],[55.32,24.82],[55.32,24.81],[55.31,24.81],[55.3,24.81],[55.28,24.81],[55.25,24.81],[55.24,24.82],[55.25,24.83],[55.29,24.82]],[[54.92,24.93],[54.92,24.93],[54.92,24.93],[54.92,24.93],[54.92,24.93]],[[55.4,25.02],[55.39,25.02],[55.37,25.02],[55.37,25.03],[55.38,25.04],[55.39,25.04],[55.4,25.06],[55.42,25.07],[55.43,25.08],[55.43,25.09],[55.44,25.09],[55.44,25.1],[55.44,25.11],[55.45,25.11],[55.45,25.12],[55.45,25.13],[55.47,25.13],[55.47,25.14],[55.48,25.14],[55.49,25.13],[55.49,25.12],[55.49,25.11],[55.48,25.11],[55.48,25.1],[55.48,25.09],[55.47,25.09],[55.46,25.08],[55.44,25.07],[55.44,25.06],[55.43,25.05],[55.42,25.04],[55.41,25.03],[55.4,25.02],[55.4,25.02]],[[55.57,25.1],[55.57,25.11],[55.58,25.11],[55.58,25.12],[55.58,25.13],[55.59,25.13],[55.6,25.14],[55.62,25.14],[55.62,25.13],[55.61,25.12],[55.6,25.11],[55.59,25.1],[55.58,25.09],[55.57,25.08],[55.56,25.08],[55.55,25.07],[55.55,25.06],[55.53,25.05],[55.52,25.04],[55.5,25.04],[55.5,25.05],[55.5,25.06],[55.51,25.06],[55.51,25.07],[55.52,25.07],[55.53,25.07],[55.53,25.08],[55.54,25.08],[55.55,25.09],[55.57,25.1]],[[55.5,25.16],[55.67,25.29],[55.5,25.17],[55.5,25.16]],[[55.58,25.53],[55.58,25.53],[55.58,25.53],[55.58,25.53],[55.58,25.53],[55.58,25.53],[55.58,25.53],[55.58,25.53],[55.58,25.53],[55.58,25.53],[55.58,25.53],[55.58,25.53],[55.58,25.53],[55.58,25.53],[55.58,25.53],[55.58,25.53],[55.58,25.53]],[[55.63,25.53],[55.63,25.53],[55.63,25.53],[55.63,25.53],[55.63,25.53],[55.63,25.53],[55.63,25.53],[55.63,25.53],[55.63,25.53],[55.63,25.53],[55.63,25.53],[55.63,25.53]],[[55.63,25.54],[55.63,25.53],[55.63,25.54],[55.63,25.54]],[[55.63,25.54],[55.63,25.54],[55.63,25.54],[55.63,25.54],[55.63,25.54]],[[55.64,25.54],[55.64,25.54],[55.64,25.54],[55.64,25.54],[55.64,25.54],[55.64,25.54],[55.64,25.54]],[[55.65,25.55],[55.64,25.55],[55.65,25.55],[55.65,25.55]],[[51.53,23.32],[51.52,23.32],[51.52,23.33],[51.52,23.34],[51.53,23.35],[51.53,23.36],[51.52,23.36],[51.51,23.36],[51.5,23.36],[51.51,23.35],[51.5,23.34],[51.49,23.34],[51.49,23.35],[51.47,23.35],[51.46,23.36],[51.46,23.38],[51.46,23.39],[51.47,23.39],[51.47,23.4],[51.47,23.41],[51.48,23.42],[51.51,23.42],[51.51,23.41],[51.53,23.41],[51.54,23.42],[51.55,23.41],[51.55,23.4],[51.56,23.4],[51.57,23.4],[51.57,23.38],[51.56,23.38],[51.56,23.37],[51.56,23.36],[51.55,23.36],[51.55,23.35],[51.55,23.34],[51.54,23.33],[51.53,23.32]],[[50.94,23.36],[50.93,23.36],[50.94,23.37],[50.94,23.38],[50.94,23.39],[50.95,23.39],[50.96,23.39],[50.97,23.39],[50.97,23.38],[50.96,23.38],[50.96,23.37],[50.95,23.36],[50.94,23.36],[50.94,23.36]],[[50.81,23.52],[50.81,23.51],[50.81,23.5],[50.81,23.49],[50.8,23.49],[50.79,23.49],[50.79,23.5],[50.79,23.51],[50.79,23.52],[50.78,23.53],[50.78,23.54],[50.79,23.55],[50.82,23.55],[50.82,23.54],[50.83,23.54],[50.83,23.53],[50.82,23.52],[50.81,23.52]],[[50.09,23.72],[50.01,23.73],[50.01,23.74],[50.01,23.75],[50.02,23.76],[50.03,23.76],[50.03,23.77],[50.04,23.77],[50.04,23.78],[50.05,23.78],[50.06,23.77],[50.06,23.76],[50.06,23.75],[50.06,23.74],[50.07,23.73],[50.08,23.72],[50.09,23.72]],[[49.96,23.75],[49.97,23.74],[49.97,23.73],[49.97,23.72],[49.94,23.72],[49.91,23.72],[49.9,23.72],[49.89,23.73],[49.91,23.73],[49.92,23.73],[49.93,23.74],[49.94,23.75],[49.95,23.75],[49.96,23.75],[49.96,23.75]],[[49.86,23.73],[49.71,23.88],[49.86,23.74],[49.86,23.73]],[[50.22,25.47],[50.22,25.48],[50.21,25.48],[50.21,25.49],[50.21,25.5],[50.2,25.5],[50.2,25.51],[50.2,25.53],[50.2,25.55],[50.2,25.56],[50.21,25.56],[50.22,25.56],[50.23,25.56],[50.23,25.54],[50.23,25.53],[50.23,25.52],[50.23,25.51],[50.24,25.51],[50.24,25.5],[50.24,25.49],[50.24,25.48],[50.23,25.48],[50.24,25.47],[50.23,25.47],[50.22,25.47],[50.22,25.47]],[[49.88,25.66],[49.87,25.66],[49.86,25.66],[49.85,25.66],[49.84,25.66],[49.84,25.67],[49.83,25.67],[49.82,25.67],[49.82,25.68],[49.83,25.68],[49.84,25.69],[49.85,25.7],[49.86,25.7],[49.87,25.7],[49.87,25.69],[49.88,25.69],[49.88,25.68],[49.88,25.67],[49.88,25.66],[49.88,25.66]],[[49.7,25.7],[49.69,25.7],[49.68,25.7],[49.67,25.7],[49.67,25.71],[49.67,25.72],[49.67,25.73],[49.68,25.73],[49.68,25.75],[49.68,25.76],[49.67,25.76],[49.67,25.77],[49.66,25.76],[49.66,25.75],[49.66,25.74],[49.65,25.74],[49.64,25.73],[49.64,25.72],[49.63,25.72],[49.61,25.72],[49.6,25.72],[49.59,25.72],[49.57,25.76],[49.57,25.77],[49.57,25.79],[49.56,25.79],[49.56,25.8],[49.56,25.81],[49.56,25.82],[49.57,25.83],[49.58,25.83],[49.59,25.83],[49.59,25.82],[49.6,25.82],[49.6,25.81],[49.6,25.8],[49.61,25.8],[49.61,25.79],[49.62,25.78],[49.63,25.78],[49.63,25.77],[49.64,25.77],[49.64,25.76],[49.65,25.76],[49.66,25.76],[49.66,25.77],[49.66,25.78],[49.65,25.78],[49.65,25.79],[49.65,25.8],[49.64,25.8],[49.64,25.81],[49.63,25.82],[49.63,25.83],[49.64,25.83],[49.65,25.83],[49.65,25.82],[49.66,25.82],[49.66,25.83],[49.67,25.83],[49.69,25.81],[49.69,25.8],[49.7,25.8],[49.7,25.81],[49.71,25.81],[49.72,25.8],[49.72,25.79],[49.72,25.78],[49.72,25.77],[49.72,25.76],[49.73,25.76],[49.73,25.75],[49.74,25.74],[49.75,25.74],[49.76,25.73],[49.76,25.72],[49.77,25.72],[49.77,25.71],[49.76,25.71],[49.75,25.71],[49.74,25.71],[49.73,25.71],[49.73,25.72],[49.72,25.72],[49.71,25.71],[49.7,25.71],[49.7,25.7],[49.7,25.7]],[[49.21,22.1],[49.2,22.1],[49.19,22.1],[49.19,22.11],[49.2,22.11],[49.2,22.12],[49.21,22.13],[49.21,22.14],[49.22,22.14],[49.22,22.15],[49.22,22.16],[49.23,22.16],[49.23,22.17],[49.24,22.17],[49.24,22.18],[49.26,22.18],[49.26,22.17],[49.24,22.15],[49.24,22.14],[49.23,22.14],[49.23,22.13],[49.23,22.12],[49.23,22.11],[49.22,22.11],[49.21,22.1],[49.21,22.1]],[[49.19,22.33],[49.18,22.33],[49.18,22.34],[49.17,22.34],[49.17,22.35],[49.17,22.36],[49.18,22.37],[49.18,22.38],[49.19,22.38],[49.19,22.39],[49.2,22.39],[49.2,22.4],[49.2,22.41],[49.2,22.42],[49.21,22.43],[49.22,22.44],[49.23,22.44],[49.24,22.44],[49.24,22.43],[49.25,22.43],[49.26,22.43],[49.26,22.42],[49.24,22.41],[49.24,22.4],[49.24,22.39],[49.23,22.39],[49.23,22.38],[49.22,22.38],[49.22,22.37],[49.21,22.36],[49.21,22.35],[49.19,22.33],[49.19,22.33]],[[47.39,20.6],[47.58,20.68],[47.39,20.6],[47.39,20.6]],[[47.83,25.27],[46.88,26.02],[47.83,25.27],[47.83,25.27]],[[46.76,26.08],[46.39,26.25],[46.76,26.09],[46.76,26.08]],[[46.36,26.37],[46.74,26.21],[46.36,26.37],[46.36,26.37]],[[46.52,26.34],[46.51,26.35],[46.5,26.36],[46.5,26.37],[46.49,26.37],[46.49,26.38],[46.51,26.38],[46.52,26.38],[46.53,26.38],[46.54,26.38],[46.54,26.37],[46.55,26.37],[46.56,26.37],[46.57,26.37],[46.57,26.36],[46.58,26.36],[46.59,26.36],[46.59,26.35],[46.6,26.35],[46.61,26.35],[46.62,26.34],[46.63,26.34],[46.63,26.33],[46.65,26.32],[46.66,26.31],[46.67,26.31],[46.68,26.31],[46.69,26.31],[46.7,26.3],[46.7,26.29],[46.71,26.29],[46.71,26.28],[46.72,26.28],[46.72,26.27],[46.73,26.26],[46.73,26.25],[46.73,26.24],[46.72,26.24],[46.72,26.25],[46.71,26.25],[46.7,26.25],[46.7,26.26],[46.69,26.26],[46.68,26.26],[46.67,26.26],[46.66,26.27],[46.65,26.27],[46.65,26.28],[46.64,26.28],[46.63,26.29],[46.62,26.29],[46.62,26.3],[46.61,26.3],[46.6,26.31],[46.59,26.31],[46.58,26.31],[46.58,26.32],[46.57,26.32],[46.56,26.32],[46.56,26.33],[46.55,26.33],[46.54,26.33],[46.54,26.34],[46.53,26.34],[46.52,26.34]],[[45.98,26.62],[45.59,26.75],[45.99,26.62],[45.98,26.62]],[[45.6,26.81],[45.59,26.81],[45.59,26.82],[45.58,26.82],[45.57,26.82],[45.56,26.83],[45.55,26.83],[45.54,26.84],[45.53,26.84],[45.53,26.85],[45.53,26.84],[45.52,26.85],[45.51,26.86],[45.5,26.87],[45.51,26.87],[45.52,26.86],[45.53,26.86],[45.54,26.85],[45.55,26.85],[45.56,26.84],[45.57,26.84],[45.58,26.84],[45.58,26.85],[45.57,26.85],[45.56,26.86],[45.55,26.86],[45.53,26.87],[45.53,26.88],[45.54,26.88],[45.55,26.88],[45.56,26.88],[45.56,26.87],[45.57,26.87],[45.58,26.87],[45.59,26.87],[45.59,26.86],[45.6,26.86],[45.61,26.86],[45.62,26.85],[45.63,26.85],[45.63,26.84],[45.64,26.84],[45.65,26.83],[45.66,26.83],[45.67,26.82],[45.68,26.81],[45.69,26.81],[45.69,26.8],[45.7,26.8],[45.71,26.8],[45.71,26.79],[45.72,26.79],[45.73,26.79],[45.73,26.78],[45.73,26.79],[45.73,26.78],[45.74,26.78],[45.75,26.78],[45.75,26.77],[45.76,26.77],[45.77,26.77],[45.77,26.76],[45.77,26.77],[45.77,26.76],[45.78,26.76],[45.78,26.75],[45.77,26.75],[45.76,26.75],[45.76,26.76],[45.75,26.76],[45.74,26.76],[45.73,26.76],[45.72,26.76],[45.72,26.77],[45.71,26.77],[45.7,26.77],[45.69,26.77],[45.69,26.78],[45.68,26.78],[45.67,26.78],[45.66,26.79],[45.65,26.79],[45.64,26.79],[45.64,26.8],[45.63,26.8],[45.62,26.8],[45.61,26.81],[45.6,26.81],[45.6,26.81]],[[45.73,26.88],[45.06,27.35],[46.13,26.74],[45.73,26.88],[45.73,26.88]],[[44.73,27.22],[44.72,27.22],[44.72,27.23],[44.72,27.24],[44.72,27.25],[44.73,27.25],[44.74,27.24],[44.75,27.24],[44.76,27.24],[44.77,27.24],[44.77,27.23],[44.78,27.23],[44.78,27.22],[44.79,27.22],[44.79,27.21],[44.79,27.2],[44.8,27.2],[44.8,27.19],[44.79,27.19],[44.78,27.19],[44.78,27.18],[44.79,27.18],[44.79,27.17],[44.8,27.17],[44.81,27.17],[44.82,27.18],[44.83,27.18],[44.84,27.17],[44.84,27.16],[44.85,27.16],[44.86,27.15],[44.86,27.14],[44.86,27.13],[44.87,27.13],[44.86,27.12],[44.85,27.12],[44.85,27.13],[44.84,27.13],[44.83,27.14],[44.81,27.15],[44.8,27.15],[44.8,27.16],[44.79,27.16],[44.78,27.16],[44.78,27.17],[44.77,27.17],[44.75,27.18],[44.74,27.19],[44.73,27.19],[44.73,27.2],[44.73,27.21],[44.72,27.21],[44.73,27.21],[44.73,27.22],[44.73,27.22]],[[44.82,27.12],[44.83,27.12],[44.83,27.11],[44.83,27.1],[44.82,27.09],[44.82,27.1],[44.81,27.1],[44.8,27.1],[44.8,27.11],[44.79,27.11],[44.78,27.12],[44.77,27.12],[44.76,27.12],[44.75,27.12],[44.74,27.12],[44.73,27.11],[44.73,27.12],[44.72,27.13],[44.72,27.14],[44.72,27.15],[44.71,27.15],[44.71,27.16],[44.71,27.17],[44.7,27.17],[44.7,27.18],[44.71,27.18],[44.72,27.18],[44.73,27.17],[44.74,27.17],[44.76,27.16],[44.76,27.15],[44.77,27.15],[44.78,27.14],[44.79,27.14],[44.79,27.13],[44.8,27.13],[44.81,27.13],[44.82,27.13],[44.82,27.12]],[[44,27.26],[44,27.25],[43.99,27.26],[43.98,27.26],[43.98,27.27],[43.97,27.28],[43.98,27.28],[43.97,27.29],[43.98,27.29],[43.99,27.29],[43.99,27.28],[44.01,27.27],[44.01,27.26],[44,27.26],[44,27.26]],[[44.01,27.37],[43.21,28.03],[44.01,27.39],[44.01,27.37]],[[43.43,27.6],[42.9,28.22],[43.43,27.62],[43.43,27.6]],[[42.92,27.92],[42.93,27.92],[42.93,27.91],[42.94,27.9],[42.94,27.89],[42.93,27.89],[42.92,27.89],[42.92,27.9],[42.91,27.9],[42.91,27.89],[42.9,27.89],[42.9,27.9],[42.89,27.9],[42.88,27.91],[42.88,27.92],[42.88,27.93],[42.89,27.92],[42.9,27.92],[42.91,27.92],[42.91,27.93],[42.92,27.92]],[[42.85,27.95],[42.85,27.94],[42.84,27.94],[42.83,27.94],[42.82,27.94],[42.82,27.95],[42.8,27.96],[42.79,27.97],[42.79,27.98],[42.8,27.98],[42.85,27.95]],[[42.74,27.98],[42.73,27.98],[42.72,27.98],[42.72,27.99],[42.71,27.99],[42.7,27.99],[42.69,28],[42.68,28],[42.67,28.01],[42.66,28.01],[42.66,28.02],[42.67,28.02],[42.68,28.02],[42.69,28.02],[42.69,28.01],[42.7,28.01],[42.71,28],[42.72,28],[42.73,28],[42.73,27.99],[42.74,27.99],[42.74,27.98]],[[40.57,27.97],[40.57,27.96],[40.56,27.96],[40.56,27.95],[40.55,27.95],[40.56,27.96],[40.55,27.96],[40.56,27.96],[40.56,27.97],[40.57,27.97]],[[41.06,27.95],[41.07,27.96],[41.1,27.96],[41.12,27.96],[41.13,27.96],[41.13,27.95],[41.15,27.96],[41.15,27.95],[41.2,27.96],[41.21,27.96],[41.22,27.95],[41.22,27.96],[41.22,27.95],[41.23,27.95],[41.24,27.95],[41.24,27.94],[41.24,27.93],[41.23,27.93],[41.21,27.93],[41.2,27.93],[41.16,27.92],[41.16,27.93],[41.12,27.92],[41.11,27.93],[41.09,27.92],[41.09,27.93],[41.07,27.92],[41.03,27.92],[41,27.92],[40.99,27.92],[40.98,27.92],[40.97,27.92],[40.97,27.93],[40.96,27.93],[40.96,27.94],[40.97,27.94],[40.99,27.94],[40.99,27.95],[41,27.95],[41.01,27.95],[41.06,27.95]],[[40.59,27.98],[40.58,27.98],[40.57,27.99],[40.57,28],[40.59,28],[40.6,28],[40.6,27.99],[40.59,27.98]],[[39.39,27.98],[39.38,27.97],[39.37,27.98],[39.38,27.98],[39.38,27.99],[39.39,28.01],[39.4,28.02],[39.41,28.02],[39.41,28.01],[39.41,28],[39.41,27.99],[39.4,27.99],[39.39,27.98]],[[39.49,28.03],[39.48,28.03],[39.48,28.04],[39.49,28.04],[39.5,28.04],[39.5,28.03],[39.5,28.02],[39.49,28.02],[39.49,28.03]],[[42.7,28.05],[42.69,28.06],[42.69,28.07],[42.7,28.07],[42.71,28.07],[42.71,28.06],[42.72,28.06],[42.73,28.06],[42.75,28.04],[42.75,28.03],[42.76,28.03],[42.76,28.02],[42.75,28.01],[42.75,28.02],[42.74,28.02],[42.74,28.03],[42.73,28.03],[42.71,28.05],[42.7,28.05]],[[42.74,28.09],[42.74,28.08],[42.74,28.07],[42.73,28.07],[42.73,28.08],[42.72,28.08],[42.71,28.08],[42.71,28.09],[42.7,28.09],[42.69,28.09],[42.68,28.1],[42.67,28.1],[42.68,28.11],[42.69,28.11],[42.7,28.11],[42.71,28.1],[42.72,28.1],[42.73,28.09],[42.74,28.09]],[[39.52,28.06],[39.51,28.06],[39.51,28.07],[39.51,28.08],[39.52,28.08],[39.52,28.07],[39.52,28.06]],[[39.53,28.1],[39.52,28.1],[39.51,28.1],[39.51,28.12],[39.52,28.12],[39.53,28.12],[39.53,28.1]],[[39.57,28.12],[39.56,28.13],[39.55,28.14],[39.54,28.14],[39.54,28.15],[39.54,28.16],[39.55,28.16],[39.55,28.17],[39.56,28.17],[39.56,28.16],[39.57,28.16],[39.57,28.15],[39.58,28.14],[39.59,28.13],[39.58,28.12],[39.57,28.12],[39.57,28.12]],[[39.63,28.17],[39.63,28.18],[39.63,28.19],[39.64,28.19],[39.64,28.2],[39.65,28.2],[39.66,28.2],[39.67,28.2],[39.67,28.21],[39.67,28.22],[39.68,28.22],[39.69,28.22],[39.7,28.22],[39.7,28.21],[39.7,28.2],[39.7,28.19],[39.71,28.18],[39.7,28.17],[39.69,28.18],[39.68,28.18],[39.67,28.18],[39.67,28.17],[39.66,28.16],[39.65,28.15],[39.64,28.15],[39.64,28.16],[39.63,28.16],[39.63,28.17]],[[39.58,28.19],[39.58,28.18],[39.58,28.17],[39.57,28.17],[39.57,28.18],[39.56,28.18],[39.56,28.19],[39.56,28.2],[39.57,28.2],[39.58,28.19]],[[39.59,28.2],[39.6,28.21],[39.6,28.22],[39.59,28.22],[39.59,28.23],[39.6,28.23],[39.61,28.23],[39.62,28.23],[39.62,28.22],[39.63,28.22],[39.63,28.21],[39.62,28.21],[39.62,28.2],[39.61,28.2],[39.6,28.2],[39.59,28.2]],[[39.71,28.23],[39.71,28.24],[39.7,28.24],[39.7,28.25],[39.71,28.25],[39.72,28.25],[39.72,28.26],[39.73,28.26],[39.74,28.26],[39.75,28.25],[39.75,28.24],[39.75,28.23],[39.73,28.21],[39.72,28.21],[39.72,28.22],[39.71,28.22],[39.71,28.23]],[[42.87,28.28],[42.87,28.29],[42.86,28.29],[42.85,28.29],[42.85,28.3],[42.84,28.3],[42.82,28.31],[42.83,28.32],[42.85,28.32],[42.85,28.31],[42.86,28.31],[42.87,28.31],[42.87,28.3],[42.88,28.3],[42.89,28.3],[42.9,28.29],[42.91,28.28],[42.92,28.28],[42.92,28.27],[42.91,28.27],[42.9,28.27],[42.89,28.27],[42.89,28.28],[42.88,28.28],[42.87,28.28]],[[42.53,28.29],[42.52,28.29],[42.51,28.29],[42.51,28.3],[42.5,28.3],[42.49,28.3],[42.49,28.31],[42.5,28.31],[42.51,28.31],[42.52,28.3],[42.53,28.29],[42.53,28.29]],[[42.51,28.27],[42.51,28.26],[42.5,28.26],[42.49,28.26],[42.48,28.26],[42.47,28.27],[42.46,28.27],[42.46,28.28],[42.47,28.28],[42.48,28.28],[42.49,28.27],[42.5,28.27],[42.51,28.27]],[[42.55,28.23],[42.57,28.23],[42.58,28.23],[42.59,28.22],[42.57,28.22],[42.56,28.22],[42.55,28.22],[42.55,28.23]],[[42.59,28.18],[42.6,28.18],[42.61,28.18],[42.62,28.17],[42.61,28.17],[42.6,28.17],[42.59,28.18],[42.59,28.18]],[[42.58,28.17],[42.57,28.16],[42.56,28.17],[42.55,28.17],[42.55,28.18],[42.56,28.18],[42.57,28.17],[42.58,28.17],[42.58,28.17]],[[39.62,28.14],[39.62,28.13],[39.62,28.12],[39.61,28.12],[39.61,28.13],[39.6,28.13],[39.6,28.14],[39.61,28.15],[39.62,28.14]],[[42.61,28.14],[42.62,28.15],[42.64,28.15],[42.65,28.15],[42.66,28.15],[42.66,28.14],[42.67,28.14],[42.68,28.14],[42.69,28.13],[42.68,28.13],[42.67,28.13],[42.66,28.13],[42.65,28.13],[42.63,28.13],[42.62,28.13],[42.61,28.14],[42.61,28.14]],[[39.84,28.31],[39.83,28.31],[39.82,28.31],[39.82,28.32],[39.82,28.33],[39.83,28.33],[39.84,28.33],[39.84,28.31],[39.84,28.31]],[[42.37,28.35],[42.36,28.35],[42.35,28.36],[42.35,28.37],[42.34,28.37],[42.34,28.38],[42.34,28.39],[42.35,28.39],[42.36,28.38],[42.37,28.38],[42.37,28.37],[42.38,28.37],[42.39,28.37],[42.4,28.37],[42.4,28.36],[42.41,28.36],[42.42,28.36],[42.43,28.36],[42.44,28.36],[42.45,28.36],[42.45,28.35],[42.44,28.34],[42.42,28.34],[42.41,28.34],[42.4,28.34],[42.4,28.35],[42.39,28.35],[42.38,28.35],[42.37,28.35],[42.37,28.35]],[[42.32,28.38],[42.31,28.38],[42.28,28.38],[42.27,28.38],[42.27,28.39],[42.26,28.39],[42.26,28.4],[42.27,28.4],[42.28,28.4],[42.29,28.4],[42.3,28.4],[42.31,28.4],[42.32,28.39],[42.32,28.38]],[[42.62,28.41],[42.61,28.42],[42.59,28.43],[42.58,28.44],[42.57,28.44],[42.56,28.45],[42.55,28.45],[42.55,28.46],[42.56,28.46],[42.57,28.46],[42.58,28.46],[42.59,28.46],[42.59,28.45],[42.6,28.45],[42.61,28.45],[42.61,28.44],[42.62,28.44],[42.65,28.42],[42.65,28.41],[42.66,28.41],[42.66,28.4],[42.65,28.4],[42.64,28.4],[42.63,28.4],[42.63,28.41],[42.62,28.41]],[[39.73,28.4],[39.72,28.4],[39.71,28.4],[39.71,28.41],[39.71,28.42],[39.72,28.42],[39.73,28.4]],[[39.83,28.43],[39.83,28.44],[39.84,28.44],[39.84,28.43],[39.85,28.43],[39.85,28.41],[39.84,28.41],[39.83,28.42],[39.83,28.43]],[[39.82,28.44],[39.81,28.43],[39.8,28.43],[39.8,28.44],[39.8,28.43],[39.79,28.44],[39.79,28.45],[39.79,28.46],[39.8,28.46],[39.81,28.46],[39.81,28.45],[39.82,28.44],[39.82,28.44]],[[39.85,28.47],[39.84,28.47],[39.83,28.47],[39.83,28.48],[39.84,28.48],[39.85,28.48],[39.85,28.47]],[[39.87,28.48],[39.87,28.49],[39.88,28.49],[39.88,28.48],[39.87,28.47],[39.87,28.48]],[[42.35,28.51],[42.34,28.51],[42.34,28.52],[42.35,28.52],[42.36,28.51],[42.37,28.51],[42.38,28.5],[42.39,28.5],[42.39,28.49],[42.38,28.49],[42.37,28.49],[42.37,28.5],[42.36,28.5],[42.35,28.51],[42.35,28.51]],[[39.84,28.52],[39.83,28.52],[39.83,28.53],[39.82,28.54],[39.83,28.54],[39.84,28.54],[39.84,28.53],[39.84,28.52],[39.84,28.52]],[[39.89,28.52],[39.89,28.53],[39.89,28.54],[39.9,28.54],[39.9,28.52],[39.89,28.52],[39.89,28.52]],[[39.86,28.55],[39.85,28.55],[39.85,28.56],[39.84,28.56],[39.85,28.57],[39.85,28.56],[39.86,28.56],[39.86,28.55]],[[39.79,28.56],[39.79,28.55],[39.78,28.55],[39.77,28.55],[39.77,28.56],[39.76,28.56],[39.76,28.57],[39.76,28.58],[39.76,28.59],[39.77,28.59],[39.77,28.58],[39.78,28.58],[39.78,28.57],[39.79,28.56],[39.79,28.56]],[[39.86,28.57],[39.86,28.58],[39.85,28.59],[39.86,28.59],[39.87,28.59],[39.87,28.58],[39.87,28.57],[39.86,28.57]],[[39.91,28.59],[39.9,28.6],[39.9,28.61],[39.89,28.62],[39.9,28.63],[39.91,28.63],[39.91,28.62],[39.92,28.62],[39.92,28.61],[39.92,28.6],[39.92,28.59],[39.91,28.59],[39.91,28.59]],[[39.8,28.62],[39.8,28.61],[39.8,28.6],[39.79,28.6],[39.78,28.6],[39.78,28.61],[39.78,28.62],[39.79,28.62],[39.8,28.62]],[[39.77,28.62],[39.76,28.62],[39.75,28.62],[39.75,28.63],[39.75,28.64],[39.76,28.64],[39.77,28.63],[39.77,28.62],[39.77,28.62]],[[39.79,28.63],[39.78,28.63],[39.78,28.64],[39.79,28.65],[39.8,28.65],[39.8,28.64],[39.81,28.63],[39.8,28.63],[39.79,28.63],[39.79,28.63]],[[39.85,28.65],[39.86,28.65],[39.87,28.64],[39.88,28.64],[39.88,28.63],[39.87,28.63],[39.86,28.63],[39.85,28.63],[39.85,28.64],[39.85,28.65]],[[39.94,28.6],[39.95,28.6],[39.96,28.6],[39.96,28.59],[39.97,28.58],[39.97,28.57],[39.96,28.57],[39.95,28.58],[39.95,28.59],[39.94,28.6]],[[39.92,28.57],[39.92,28.56],[39.92,28.55],[39.91,28.55],[39.91,28.56],[39.9,28.57],[39.91,28.57],[39.91,28.58],[39.92,28.57]],[[39.84,28.66],[39.83,28.66],[39.82,28.66],[39.82,28.67],[39.81,28.67],[39.81,28.68],[39.8,28.69],[39.81,28.69],[39.81,28.7],[39.82,28.7],[39.83,28.7],[39.83,28.69],[39.84,28.68],[39.83,28.68],[39.84,28.68],[39.84,28.67],[39.84,28.66]],[[39.86,28.67],[39.85,28.67],[39.85,28.68],[39.84,28.68],[39.84,28.69],[39.84,28.7],[39.85,28.7],[39.85,28.69],[39.86,28.69],[39.86,28.68],[39.87,28.68],[39.87,28.67],[39.86,28.67],[39.86,28.67]],[[42.13,28.71],[42,28.87],[42.79,28.79],[42.13,28.7],[42.13,28.71]],[[39.78,28.71],[39.77,28.71],[39.76,28.72],[39.76,28.73],[39.75,28.73],[39.76,28.73],[39.76,28.74],[39.77,28.74],[39.78,28.74],[39.78,28.73],[39.78,28.72],[39.78,28.71]],[[42.25,28.9],[42.26,28.9],[42.27,28.9],[42.28,28.89],[42.29,28.89],[42.3,28.89],[42.3,28.88],[42.29,28.88],[42.29,28.87],[42.28,28.87],[42.27,28.87],[42.25,28.86],[42.25,28.87],[42.23,28.87],[42.22,28.87],[42.21,28.87],[42.2,28.87],[42.2,28.88],[42.2,28.89],[42.21,28.88],[42.23,28.88],[42.25,28.9]],[[42.16,28.96],[42.16,28.95],[42.15,28.95],[42.15,28.94],[42.14,28.93],[42.14,28.94],[42.13,28.94],[42.12,28.94],[42.12,28.95],[42.13,28.96],[42.13,28.97],[42.13,28.98],[42.14,28.99],[42.15,28.99],[42.16,28.99],[42.16,29],[42.17,29],[42.18,29],[42.18,29.01],[42.19,29.01],[42.2,29.01],[42.2,29],[42.21,29],[42.21,28.99],[42.22,28.98],[42.21,28.98],[42.21,28.97],[42.2,28.97],[42.19,28.97],[42.18,28.97],[42.17,28.97],[42.16,28.96]],[[40.26,29.21],[40.25,29.21],[40.25,29.22],[40.24,29.22],[40.24,29.23],[40.23,29.23],[40.25,29.24],[40.25,29.25],[40.27,29.25],[40.28,29.25],[40.28,29.24],[40.29,29.24],[40.29,29.23],[40.28,29.23],[40.28,29.22],[40.27,29.22],[40.26,29.21]],[[40.79,27.87],[40.8,27.88],[40.81,27.88],[40.82,27.87],[40.82,27.86],[40.83,27.86],[40.82,27.85],[40.83,27.85],[40.86,27.85],[40.88,27.85],[40.91,27.85],[40.92,27.85],[40.92,27.84],[40.91,27.83],[40.9,27.83],[40.85,27.83],[40.84,27.83],[40.83,27.83],[40.82,27.83],[40.81,27.83],[40.8,27.82],[40.8,27.81],[40.8,27.8],[40.79,27.8],[40.78,27.8],[40.77,27.81],[40.77,27.82],[40.77,27.83],[40.77,27.84],[40.77,27.85],[40.78,27.85],[40.77,27.85],[40.78,27.85],[40.78,27.86],[40.79,27.87]],[[41.2,27.67],[41.21,27.68],[41.22,27.68],[41.22,27.67],[41.22,27.68],[41.23,27.67],[41.23,27.66],[41.24,27.66],[41.24,27.65],[41.25,27.64],[41.25,27.63],[41.25,27.62],[41.25,27.61],[41.24,27.61],[41.23,27.61],[41.23,27.62],[41.22,27.62],[41.22,27.63],[41.2,27.63],[41.19,27.63],[41.18,27.63],[41.18,27.64],[41.18,27.65],[41.18,27.66],[41.19,27.66],[41.2,27.67]],[[41.02,27.53],[41.09,27.53],[41.13,27.53],[41.1,27.5],[41.07,27.49],[41.05,27.47],[41.07,27.47],[41.08,27.47],[41.1,27.48],[41.11,27.48],[41.12,27.48],[41.13,27.48],[41.13,27.49],[41.14,27.49],[41.15,27.49],[41.16,27.49],[41.17,27.49],[41.17,27.5],[41.18,27.5],[41.2,27.5],[41.2,27.49],[41.2,27.48],[41.18,27.46],[41.17,27.45],[41.16,27.45],[41.15,27.44],[41.14,27.44],[41.14,27.43],[41.13,27.43],[41.12,27.42],[41.12,27.41],[41.11,27.41],[41.1,27.41],[41.1,27.4],[41.09,27.4],[41.08,27.4],[41.07,27.4],[41.07,27.39],[41.06,27.39],[41.05,27.39],[41.05,27.38],[41.04,27.38],[41.03,27.38],[41.02,27.38],[41.01,27.38],[41.01,27.37],[41,27.37],[40.99,27.37],[40.99,27.36],[40.98,27.36],[40.97,27.36],[40.96,27.35],[40.95,27.35],[40.95,27.34],[40.94,27.34],[40.93,27.33],[40.92,27.33],[40.91,27.32],[40.89,27.32],[40.88,27.32],[40.87,27.32],[40.85,27.31],[40.82,27.31],[40.81,27.32],[40.8,27.32],[40.8,27.33],[40.79,27.33],[40.79,27.34],[40.79,27.35],[40.79,27.36],[40.8,27.36],[40.81,27.37],[40.81,27.38],[40.81,27.39],[40.81,27.4],[40.81,27.41],[40.81,27.42],[40.83,27.46],[40.91,27.5],[41.02,27.53]],[[40.68,27.32],[40.67,27.32],[40.67,27.33],[40.68,27.34],[40.69,27.35],[40.7,27.36],[40.71,27.36],[40.71,27.37],[40.72,27.37],[40.73,27.37],[40.74,27.38],[40.75,27.38],[40.76,27.37],[40.74,27.35],[40.74,27.34],[40.73,27.34],[40.72,27.33],[40.71,27.33],[40.7,27.32],[40.69,27.32],[40.68,27.32]],[[40.6,27.25],[40.6,27.26],[40.6,27.27],[40.61,27.27],[40.61,27.26],[40.62,27.26],[40.62,27.25],[40.61,27.24],[40.6,27.24],[40.6,27.25]],[[40.47,27.21],[40.47,27.22],[40.47,27.23],[40.48,27.23],[40.48,27.22],[40.49,27.22],[40.49,27.21],[40.49,27.2],[40.48,27.2],[40.48,27.21],[40.47,27.21]],[[40.48,27.18],[40.49,27.19],[40.5,27.19],[40.5,27.18],[40.5,27.17],[40.5,27.16],[40.49,27.16],[40.49,27.15],[40.49,27.16],[40.48,27.16],[40.48,27.17],[40.48,27.18],[40.48,27.18]],[[42.91,27.77],[42.95,27.78],[42.96,27.78],[42.96,27.77],[42.97,27.77],[42.98,27.77],[42.98,27.76],[43,27.75],[43.01,27.74],[43.02,27.74],[43.03,27.74],[43.03,27.73],[43.04,27.73],[43.05,27.73],[43.05,27.72],[43.06,27.72],[43.07,27.72],[43.08,27.71],[43.09,27.71],[43.09,27.7],[43.1,27.7],[43.11,27.69],[43.1,27.69],[43.09,27.69],[43.08,27.69],[43.07,27.69],[43.06,27.69],[43.05,27.7],[43.04,27.7],[43.03,27.7],[43.03,27.71],[43.02,27.71],[43.01,27.71],[43,27.71],[43,27.72],[42.99,27.72],[42.98,27.72],[42.97,27.73],[42.95,27.74],[42.95,27.75],[42.94,27.75],[42.93,27.75],[42.93,27.76],[42.92,27.76],[42.91,27.77]],[[44.3,26.98],[44.31,26.99],[44.32,26.99],[44.33,26.99],[44.33,26.98],[44.34,26.98],[44.35,26.97],[44.37,26.95],[44.38,26.95],[44.39,26.94],[44.4,26.93],[44.42,26.92],[44.43,26.91],[44.44,26.9],[44.43,26.9],[44.42,26.9],[44.41,26.9],[44.41,26.91],[44.4,26.91],[44.4,26.92],[44.39,26.92],[44.38,26.92],[44.37,26.93],[44.36,26.94],[44.33,26.96],[44.3,26.98]],[[44.43,25.78],[44.4,25.81],[44.4,25.82],[44.41,25.83],[44.41,25.82],[44.42,25.82],[44.43,25.81],[44.43,25.8],[44.44,25.8],[44.44,25.79],[44.45,25.79],[44.45,25.78],[44.44,25.78],[44.43,25.78]],[[44.44,25.73],[44.44,25.74],[44.43,25.74],[44.43,25.75],[44.43,25.76],[44.44,25.75],[44.45,25.75],[44.46,25.75],[44.46,25.74],[44.47,25.73],[44.48,25.73],[44.48,25.72],[44.49,25.71],[44.48,25.71],[44.47,25.71],[44.46,25.71],[44.46,25.72],[44.45,25.73],[44.44,25.73],[44.44,25.73]],[[44.92,25.35],[44.91,25.36],[44.91,25.37],[44.91,25.38],[44.91,25.39],[44.93,25.39],[44.94,25.39],[44.94,25.38],[44.95,25.38],[44.96,25.37],[44.97,25.36],[44.98,25.36],[44.99,25.36],[45,25.35],[45.01,25.35],[45.01,25.34],[45.01,25.33],[45,25.33],[44.99,25.33],[44.98,25.34],[44.96,25.34],[44.95,25.35],[44.94,25.35],[44.92,25.35],[44.92,25.35]],[[45.35,25.23],[45.34,25.23],[45.34,25.26],[45.35,25.26],[45.36,25.25],[45.37,25.25],[45.37,25.24],[45.38,25.24],[45.38,25.23],[45.39,25.23],[45.39,25.22],[45.38,25.21],[45.37,25.21],[45.35,25.22],[45.35,25.23]],[[45.76,25.22],[45.77,25.21],[45.78,25.2],[45.79,25.19],[45.79,25.18],[45.8,25.18],[45.81,25.18],[45.82,25.17],[45.83,25.17],[45.83,25.16],[45.83,25.15],[45.84,25.15],[45.84,25.14],[45.83,25.14],[45.82,25.13],[45.82,25.11],[45.83,25.11],[45.83,25.1],[45.83,25.09],[45.84,25.09],[45.85,25.08],[45.85,25.07],[45.85,25.06],[45.85,25.05],[45.85,25.04],[45.84,25.04],[45.82,25.04],[45.81,25.04],[45.8,25.04],[45.8,25.05],[45.79,25.05],[45.79,25.06],[45.8,25.06],[45.8,25.07],[45.79,25.07],[45.79,25.08],[45.79,25.09],[45.78,25.09],[45.78,25.1],[45.78,25.11],[45.77,25.11],[45.76,25.12],[45.76,25.13],[45.75,25.13],[45.74,25.14],[45.73,25.15],[45.72,25.15],[45.71,25.15],[45.7,25.16],[45.69,25.16],[45.68,25.17],[45.67,25.17],[45.67,25.18],[45.66,25.18],[45.65,25.18],[45.66,25.19],[45.66,25.2],[45.67,25.2],[45.67,25.19],[45.68,25.18],[45.7,25.18],[45.7,25.19],[45.71,25.19],[45.72,25.19],[45.72,25.2],[45.73,25.2],[45.74,25.2],[45.74,25.21],[45.75,25.21],[45.76,25.22]],[[45.41,25.18],[45.4,25.18],[45.4,25.19],[45.4,25.2],[45.41,25.2],[45.41,25.21],[45.42,25.21],[45.42,25.2],[45.43,25.2],[45.43,25.18],[45.41,25.18]],[[45.64,25.02],[46.07,24.57],[45.62,25],[45.64,25.02]],[[45.8,24.99],[45.82,24.98],[45.82,24.97],[45.83,24.97],[45.86,24.95],[45.87,24.94],[45.88,24.94],[45.89,24.94],[45.89,24.93],[45.9,24.93],[45.92,24.91],[45.93,24.91],[45.93,24.9],[45.93,24.87],[45.92,24.87],[45.91,24.87],[45.9,24.88],[45.9,24.89],[45.89,24.89],[45.89,24.9],[45.88,24.9],[45.88,24.91],[45.86,24.93],[45.85,24.93],[45.84,24.93],[45.84,24.94],[45.83,24.94],[45.82,24.94],[45.81,24.95],[45.81,24.96],[45.8,24.96],[45.8,24.97],[45.79,24.98],[45.79,24.99],[45.8,24.99]],[[46.28,24.43],[46.26,24.44],[46.25,24.45],[46.25,24.46],[46.26,24.46],[46.26,24.47],[46.26,24.48],[46.27,24.48],[46.27,24.47],[46.28,24.47],[46.29,24.47],[46.32,24.46],[46.36,24.46],[46.36,24.45],[46.37,24.45],[46.37,24.44],[46.36,24.43],[46.35,24.43],[46.33,24.43],[46.32,24.43],[46.31,24.43],[46.31,24.42],[46.3,24.43],[46.3,24.42],[46.29,24.43],[46.28,24.43],[46.28,24.43]]]]},"bbox":[38.42,15.08,56.73,29.71]},{"type":"Feature","properties":{},"geometry":{"type":"MultiPolygon","coordinates":[[[[-62.74,10.75],[-64.32,10.4],[-62.17,10.64],[-62.75,10.7],[-62.74,10.75]]],[[[-63.84,11.12],[-64.39,10.99],[-63.84,11.1],[-63.84,11.12]]]]},"bbox":[-64.39,10.4,-62.17,11.12]},{"type":"Feature","properties":{},"geometry":{"type":"Polygon","coordinates":[[[-69.43,-25.18],[-68.44,-22.25],[-68.85,-22.23],[-68.89,-20.74],[-69.56,-18.46],[-70.32,-18.42],[-70.07,-21.46],[-70.38,-23.55],[-70.28,-26.24],[-69.87,-26.19],[-69.5,-25.37],[-69.43,-25.18]]]},"bbox":[-70.38,-26.24,-68.44,-18.42]},{"type":"Feature","properties":{},"geometry":{"type":"MultiPolygon","coordinates":[[[[-13.6,26.48],[-13.19,27.16],[-14.5,26.13],[-14.89,24.71],[-15.86,23.86],[-16.96,21.78],[-17.05,20.77],[-16.95,21.17],[-16.23,20.27],[-16.49,19.3],[-16.05,17.73],[-15.48,18.89],[-16.45,21.31],[-16.34,22.03],[-13.76,26.34],[-13.6,26.48]],[[-15.75,19.09],[-15.57,18.85],[-15.89,18.3],[-16.06,18.69],[-15.83,19.04],[-15.75,19.09]]]]},"bbox":[-17.05,17.73,-13.19,27.16]},{"type":"Feature","properties":{},"geometry":{"type":"Polygon","coordinates":[[[48.76,41.71],[48.75,41.03],[48.18,40.71],[45.77,41.7],[44.93,41.81],[44.69,41.51],[46.76,40.32],[47.07,39.55],[46.65,39.47],[46.81,38.84],[48.14,39.3],[49.13,39.12],[49.57,40.22],[50.28,40.3],[48.82,41.65],[48.76,41.71]]]},"bbox":[44.69,38.84,50.28,41.81]},{"type":"Feature","properties":{},"geometry":{"type":"Polygon","coordinates":[[[69.31,37.11],[68.72,37.92],[68.46,37.24],[67.85,37.17],[68.09,38.49],[67.46,38.01],[66.85,38.09],[65.18,37.53],[64.48,37.93],[63.92,37.51],[62.82,37.54],[61.79,36.99],[61.56,36.22],[60.88,35.77],[61.31,35.08],[62.42,34.65],[63.03,35.21],[66.51,36.61],[68.24,36.55],[69.31,37.11],[69.31,37.11]]]},"bbox":[60.88,34.65,69.31,38.49]},{"type":"Feature","properties":{},"geometry":{"type":"MultiPolygon","coordinates":[[[[-111.99,24.53],[-111.82,24.4],[-111.98,24.52],[-111.99,24.53]]],[[[-116.64,31.7],[-115.69,29.81],[-114.04,28.47],[-113.98,27.75],[-114.9,27.83],[-114.86,27.63],[-113.73,26.8],[-113.19,26.94],[-112.17,25.95],[-111.96,24.79],[-110.98,24.05],[-111.18,25.24],[-112.22,27.07],[-114.93,30.37],[-116.58,31.69],[-116.64,31.7]],[[-115.27,30.53],[-115.28,30.54],[-115.28,30.55],[-115.28,30.56],[-115.28,30.57],[-115.27,30.58],[-115.26,30.58],[-115.26,30.57],[-115.25,30.57],[-115.25,30.56],[-115.25,30.55],[-115.26,30.55],[-115.26,30.54],[-115.26,30.53],[-115.27,30.53],[-115.27,30.53]],[[-115.18,30.41],[-115.18,30.42],[-115.17,30.43],[-115.16,30.44],[-115.15,30.44],[-115.15,30.45],[-115.14,30.45],[-115.13,30.44],[-115.13,30.43],[-115.12,30.43],[-115.12,30.42],[-115.12,30.41],[-115.12,30.4],[-115.12,30.39],[-115.12,30.38],[-115.13,30.38],[-115.13,30.37],[-115.14,30.37],[-115.15,30.37],[-115.16,30.37],[-115.17,30.38],[-115.17,30.39],[-115.17,30.4],[-115.18,30.4],[-115.18,30.41]],[[-115.11,30.31],[-115.12,30.31],[-115.12,30.32],[-115.13,30.32],[-115.13,30.33],[-115.12,30.34],[-115.11,30.35],[-115.1,30.35],[-115.09,30.36],[-115.08,30.36],[-115.07,30.36],[-115.07,30.35],[-115.06,30.35],[-115.06,30.34],[-115.05,30.34],[-115.06,30.33],[-115.06,30.32],[-115.07,30.32],[-115.07,30.31],[-115.08,30.31],[-115.09,30.31],[-115.1,30.31],[-115.11,30.31]]]]},"bbox":[-116.64,24.05,-110.98,31.7]},{"type":"Feature","properties":{},"geometry":{"type":"Polygon","coordinates":[[[71.6,35.25],[71.29,35.52],[70.92,35.02],[70.7,35.31],[70.53,34.79],[70.19,35.27],[70.2,34.91],[69.84,34.75],[69.01,35.15],[69.77,34.21],[71.18,33.84],[70.65,33.56],[69.82,34.11],[69.59,33.98],[69.18,32.6],[68.76,32.56],[67.71,31.52],[67.91,31.56],[67.79,31.15],[69.06,31.61],[68.85,31.26],[67.6,30.81],[68.17,30.37],[67.25,29.95],[67.06,30.25],[67.37,30.83],[66.56,30.76],[65.84,29.56],[63.88,28.45],[65.19,28.71],[65.13,28.39],[65.57,28.41],[64.95,27.63],[64,27.14],[65.07,27.54],[64.99,27.33],[63.79,26.68],[62.31,26.5],[62.4,26.32],[63.66,25.93],[63.51,25.74],[65.12,26.01],[65.74,25.38],[66.3,25.89],[66.35,26.79],[67.07,25.45],[67.37,26.04],[67.81,25.32],[67.86,26.3],[67.81,26.1],[67.3,26.71],[67.33,28.7],[67.8,29.65],[69.08,29.05],[68.67,28.77],[69.88,29.06],[70.53,30.41],[70.19,31.98],[70.52,32.45],[70.25,33.01],[70.6,33.36],[70.8,33.11],[71.97,33.42],[71.97,32.41],[73.48,32.66],[74.75,31.94],[73.04,33.43],[72.91,34.09],[72.14,34.36],[71.88,34.97],[71.45,35.07],[71.59,35.24],[71.6,35.25]],[[69.5,32.85],[69.81,32.3],[69.25,32.33],[69.49,32.86],[69.5,32.85]],[[66.82,29.99],[66.83,30.19],[66.85,29.99],[66.82,29.99]],[[67.41,29.83],[67.32,29.63],[67.39,29.85],[67.41,29.83]],[[67.17,29.43],[67.16,29.43],[67.14,29.43],[67.13,29.43],[67.13,29.42],[67.12,29.4],[67.11,29.38],[67.1,29.36],[67.09,29.36],[67.08,29.36],[67.07,29.37],[67.08,29.39],[67.07,29.41],[67.07,29.43],[67.07,29.45],[67.1,29.48],[67.11,29.49],[67.12,29.5],[67.13,29.5],[67.13,29.53],[67.16,29.58],[67.17,29.59],[67.18,29.59],[67.19,29.59],[67.19,29.58],[67.2,29.57],[67.19,29.54],[67.19,29.53],[67.19,29.49],[67.19,29.47],[67.18,29.44],[67.17,29.43]],[[66.91,29.54],[66.89,29.33],[66.89,29.55],[66.91,29.54]],[[67.01,29.42],[67,29.41],[66.99,29.42],[66.99,29.43],[67,29.44],[67,29.45],[67.01,29.47],[67.02,29.48],[67.03,29.5],[67.04,29.52],[67.05,29.53],[67.06,29.53],[67.07,29.53],[67.07,29.52],[67.07,29.51],[67.06,29.48],[67.06,29.47],[67.05,29.46],[67.02,29.43],[67.01,29.42]],[[66.76,29.27],[66.51,29.26],[66.76,29.28],[66.76,29.27]],[[66.92,29.27],[67.12,29.22],[66.49,28.46],[66.92,29.28],[66.92,29.27]],[[67.15,29.14],[66.99,29.01],[67.15,29.15],[67.15,29.14]],[[66.93,28.97],[66.93,28.75],[66.93,28.97],[66.93,28.97]],[[66.36,29.14],[66.11,28.56],[66.37,29.37],[66.36,29.16],[66.36,29.14]],[[66.4,28.89],[66.39,28.88],[66.38,28.88],[66.37,28.89],[66.37,28.9],[66.37,28.91],[66.37,28.93],[66.39,28.94],[66.4,28.95],[66.4,28.96],[66.4,28.99],[66.41,29.01],[66.42,29],[66.43,28.98],[66.44,28.97],[66.45,28.97],[66.46,28.96],[66.47,28.96],[66.47,28.95],[66.47,28.94],[66.47,28.93],[66.46,28.92],[66.44,28.91],[66.43,28.9],[66.41,28.9],[66.4,28.89]],[[66.01,28.82],[66.01,28.79],[66.02,28.79],[66.03,28.79],[66.04,28.8],[66.05,28.8],[66.05,28.79],[66.05,28.78],[66.05,28.77],[66.05,28.76],[66.05,28.75],[66.03,28.73],[66.02,28.74],[66.02,28.73],[66.02,28.74],[66.02,28.77],[66.01,28.77],[66.01,28.76],[66,28.74],[66,28.73],[66,28.71],[65.99,28.7],[65.99,28.71],[65.97,28.73],[65.96,28.74],[65.95,28.77],[65.95,28.78],[65.95,28.8],[65.96,28.8],[65.97,28.8],[65.99,28.8],[65.99,28.81],[65.98,28.83],[65.97,28.85],[65.97,28.86],[65.98,28.87],[66,28.88],[66,28.9],[66.01,28.91],[66.03,28.92],[66.04,28.92],[66.04,28.91],[66.05,28.91],[66.05,28.9],[66.04,28.88],[66.03,28.86],[66.01,28.85],[66.01,28.82]],[[66.14,28.93],[66.13,28.92],[66.12,28.92],[66.12,28.93],[66.12,28.94],[66.13,28.97],[66.12,28.97],[66.12,28.98],[66.12,28.99],[66.12,29],[66.13,29],[66.14,29.01],[66.15,29.02],[66.16,29.01],[66.16,29],[66.17,28.99],[66.17,28.98],[66.16,28.97],[66.15,28.95],[66.15,28.93],[66.14,28.93]],[[66.46,29.39],[66.45,29.39],[66.44,29.39],[66.43,29.4],[66.43,29.41],[66.42,29.43],[66.42,29.44],[66.43,29.48],[66.43,29.5],[66.44,29.51],[66.44,29.52],[66.45,29.52],[66.45,29.51],[66.46,29.49],[66.46,29.46],[66.46,29.43],[66.47,29.42],[66.47,29.41],[66.46,29.4],[66.46,29.39]],[[66.6,29.4],[66.64,29.6],[66.61,29.4],[66.6,29.4]],[[66.96,29.8],[66.75,29.46],[66.96,29.81],[66.96,29.8]],[[67.11,29.6],[67.1,29.6],[67.09,29.61],[67.09,29.62],[67.09,29.63],[67.1,29.65],[67.11,29.69],[67.12,29.7],[67.14,29.72],[67.15,29.73],[67.16,29.74],[67.17,29.73],[67.17,29.72],[67.16,29.69],[67.16,29.66],[67.16,29.65],[67.12,29.61],[67.11,29.6]],[[66.81,28.27],[66.84,28.26],[66.85,28.26],[66.86,28.27],[66.87,28.28],[66.88,28.29],[66.89,28.29],[66.91,28.28],[66.92,28.26],[66.92,28.25],[66.91,28.24],[66.89,28.22],[66.86,28.2],[66.84,28.18],[66.82,28.18],[66.8,28.18],[66.79,28.17],[66.78,28.17],[66.77,28.19],[66.76,28.19],[66.76,28.2],[66.75,28.23],[66.74,28.25],[66.74,28.27],[66.71,28.3],[66.7,28.33],[66.71,28.33],[66.72,28.33],[66.75,28.33],[66.76,28.32],[66.78,28.31],[66.8,28.28],[66.81,28.27]],[[64.34,26.64],[64.55,26.59],[64.04,26.17],[63.62,26.31],[64.29,26.64],[64.34,26.64]],[[64.93,26.31],[64.3,26.12],[64.97,26.33],[64.93,26.31]],[[62.72,26.32],[63.34,26.29],[62.71,26.33],[62.72,26.32]]]},"bbox":[62.31,25.32,74.75,35.52]},{"type":"Feature","properties":{},"geometry":{"type":"MultiPolygon","coordinates":[[[[-69.12,12.36],[-68.83,12.1],[-69.11,12.36],[-69.12,12.36]]],[[[-59.47,13.18],[-59.61,13.33],[-59.46,13.17],[-59.47,13.18]]],[[[-60.91,14.66],[-61.08,14.53],[-60.9,14.65],[-60.91,14.66]]],[[[-61.44,15.63],[-61.38,15.24],[-61.42,15.63],[-61.44,15.63]]],[[[-61.68,15.95],[-61.76,16.23],[-61.69,15.95],[-61.68,15.95]]],[[[-61.45,16.49],[-61.32,16.25],[-61.43,16.47],[-61.45,16.49]]]]},"bbox":[-69.12,12.1,-59.46,16.49]},{"type":"Feature","properties":{},"geometry":{"type":"MultiPolygon","coordinates":[[[[115.23,-21.59],[114.22,-22.47],[114.15,-21.89],[113.95,-21.94],[113.4,-24.39],[114.26,-25.99],[114.2,-26.38],[113.54,-25.63],[113.47,-25.82],[114.56,-26.8],[115.41,-26.63],[115.55,-26.03],[115.66,-24.71],[114.96,-22.9],[115.45,-22.58],[115.24,-21.59],[115.23,-21.59]]]]},"bbox":[113.4,-26.8,115.66,-21.59]},{"type":"Feature","properties":{},"geometry":{"type":"MultiPolygon","coordinates":[[[[53.8,39.99],[53.47,39.87],[53.68,39.58],[53.11,39.46],[53.99,38.92],[53.82,37.74],[54.22,36.86],[54.83,37.01],[54.95,37.45],[54.21,37.79],[53.99,38.47],[54.18,38.85],[53.68,39.74],[54.08,39.79],[53.84,39.98],[53.8,39.99]]],[[[53.53,42.19],[52.93,41.97],[52.86,41.16],[53.25,41.73],[54,41.45],[54.27,40.92],[53.78,40.66],[52.98,41.05],[52.71,40.29],[52.88,39.94],[53.17,40.68],[54.57,40.67],[54.87,40.97],[53.88,42.16],[53.56,42.17],[53.53,42.19]]],[[[51.87,48.94],[51.69,49.29],[51.52,48.94],[47.22,49.23],[47.43,48.86],[47,48.9],[46.83,48.12],[46.42,48.24],[46.11,47.85],[44.65,47.53],[44.66,46.5],[45.92,44.79],[46.55,44.79],[46.67,44.5],[47.71,45.7],[48.67,45.87],[49.29,46.48],[51.35,47.03],[52.88,46.81],[52.82,45.49],[51.47,45.34],[50.86,44.88],[52.97,44.13],[53.56,44.78],[54.91,45.38],[53.66,46.02],[54.01,47.67],[52.95,48.88],[51.87,48.91],[51.87,48.94]]]]},"bbox":[44.65,36.86,54.95,49.29]},{"type":"Feature","properties":{},"geometry":{"type":"MultiPolygon","coordinates":[[[[66.14,31.28],[66.21,31.49],[66.1,31.27],[66.14,31.28]]],[[[60.96,32.61],[61.25,32.89],[60.92,32.61],[60.96,32.61]]],[[[61.26,34.01],[61.65,34.29],[61.23,34.01],[61.26,34.01]]],[[[69.66,35.34],[69.8,35.53],[68.36,35.02],[68.3,34.82],[68.92,34.97],[68.61,34.38],[67.81,34.2],[68.27,34.02],[67.92,33.77],[68.01,33.39],[67.06,33.41],[67.23,33.09],[66.55,32.66],[66.91,33.31],[66.08,33.12],[66.11,33.33],[67.12,33.57],[66.68,33.59],[67.35,33.8],[66.92,33.98],[67.94,34.46],[66.78,34.31],[66.42,33.79],[66.52,34.2],[66.08,34.14],[65.69,33.41],[65.63,34.1],[65.23,34.23],[65.43,33.83],[65.16,33.56],[63.89,32.92],[63.69,33.17],[64.83,33.87],[63.41,33.37],[64.67,33.9],[62.92,33.65],[64.77,34.19],[62.49,34.45],[61.36,35.04],[61.58,34.67],[62.93,34.47],[61.49,34],[61.99,33.83],[62.06,33.38],[61.35,33.35],[61.56,32.83],[62.9,32.99],[62.13,32.64],[62.31,32.53],[63.61,32.61],[63.53,32.41],[63.94,32.33],[65.48,33.01],[65.61,32.54],[65.04,32.3],[64.95,31.86],[66.9,31.92],[67.01,31.66],[66.41,31.07],[67.99,31.64],[68.57,32.23],[68.35,32.22],[69.11,33.58],[68.7,33.65],[69.4,34.42],[69.08,35.12],[69.24,35.28],[69.87,34.77],[69.96,35.05],[69.52,35.13],[69.69,35.32],[69.66,35.34]],[[68.1,34.3],[68.11,34.29],[68.12,34.28],[68.11,34.25],[68.11,34.23],[68.09,34.21],[68.08,34.19],[68.06,34.17],[68.05,34.17],[68.04,34.17],[68.02,34.16],[68.01,34.16],[68,34.16],[68,34.15],[67.96,34.14],[67.94,34.13],[67.91,34.15],[67.91,34.18],[67.92,34.19],[67.93,34.2],[67.95,34.23],[67.96,34.24],[67.97,34.24],[67.98,34.25],[67.99,34.27],[68,34.27],[68.02,34.28],[68.03,34.29],[68.06,34.3],[68.07,34.3],[68.08,34.3],[68.1,34.3]],[[66.34,32.76],[66.37,32.56],[66.32,32.77],[66.34,32.76]],[[63.2,34.15],[62.43,34],[63.22,34.17],[63.2,34.15]]]]},"bbox":[60.92,31.07,69.96,35.53]},{"type":"Feature","properties":{},"geometry":{"type":"MultiPolygon","coordinates":[[[[59.06,44.6],[59.1,44.8],[58.84,44.46],[59.04,44.59],[59.06,44.6]]],[[[59.22,45.65],[58.93,44.9],[59.41,45.03],[59.25,45.64],[59.22,45.65]]],[[[60.09,45.76],[59.87,45.73],[60.15,45.74],[60.09,45.76]]],[[[61.45,45.24],[61.17,45.78],[60.82,45.81],[61,44.86],[59.93,43.91],[60.35,42.99],[59.82,42.41],[60.22,42.23],[62.2,42.58],[64.71,43.52],[65.75,44.36],[65.35,44.74],[64,44.93],[63.71,45.6],[62.4,45.65],[61.46,45.23],[61.45,45.24]]],[[[54.03,46.7],[53.47,46.08],[54.65,45.62],[54.69,45.08],[53.64,44.85],[53.08,44.15],[50.82,44.63],[50.26,44.36],[50.84,44.19],[51.88,42.86],[53.46,42.96],[54.48,42.61],[58.35,42.33],[58.62,42.85],[58.3,43.34],[58.28,44.81],[58.68,46.03],[54.03,46.69],[54.03,46.7]]],[[[65.56,47.39],[65.11,47.88],[64.97,47.14],[64.44,46.78],[62.06,45.98],[65.17,45.39],[67.33,43.89],[67.68,44.12],[67.15,44.6],[69.43,43.63],[69.86,43.7],[71.34,42.77],[71.86,43.08],[75.41,42.8],[74.41,43.42],[74.33,43.78],[75.33,43.28],[78.03,43.48],[77.71,43.85],[78.31,45.42],[81.01,46.12],[79.96,46.91],[77.11,46.76],[74.86,47.1],[72.01,46.11],[69.59,46.61],[67.07,46.17],[65.63,47.38],[65.56,47.39]],[[73.61,46.09],[74.97,46.82],[78.29,46.45],[79.2,46.73],[78.37,46.3],[75.5,46.67],[74.91,46.35],[74.69,45.98],[74.91,45.6],[76.69,44.34],[75.53,44.96],[74.17,45.25],[74.01,44.99],[73.49,45.57],[73.61,46.09],[73.61,46.09]],[[72.68,44.6],[73.48,44.08],[71.11,44.76],[68.93,44.71],[67.68,45.01],[70.51,45.03],[72.63,44.62],[72.68,44.6]]]]},"bbox":[50.26,42.23,81.01,47.88]},{"type":"Feature","properties":{},"geometry":{"type":"MultiPolygon","coordinates":[[[[58.82,44.09],[58.49,44.06],[58.29,43.41],[59.33,42.2],[59.3,41.86],[61.72,41.12],[62.94,39.37],[65.49,37.74],[63.19,39.42],[61.95,41.13],[59.75,42.45],[60.33,43.24],[59.81,43.91],[58.95,44],[58.82,44.09]]],[[[67.98,45.07],[67.77,45.1],[69.03,44.7],[71.16,44.75],[73.49,43.91],[72.63,44.62],[68.05,45.05],[67.98,45.07]]],[[[74.83,46.08],[74.23,45.97],[74.13,45.32],[76.21,44.73],[76.61,44.24],[76.55,44.62],[74.96,45.57],[74.83,46.05],[74.83,46.08]]],[[[61.57,46.14],[60.99,46.09],[61.39,45.31],[62.4,45.65],[63.71,45.6],[64.01,45.34],[63.89,45.01],[65.47,44.73],[67.2,43.79],[68.08,42.82],[67.89,41.3],[68.11,41.26],[68.25,42.86],[67.22,44.06],[66.58,44.23],[65.17,45.39],[61.63,46.13],[61.57,46.14]]]]},"bbox":[58.29,37.74,76.61,46.14]},{"type":"Feature","properties":{},"geometry":{"type":"MultiPolygon","coordinates":[[[[52.61,42.96],[52.16,42.91],[52.73,42.73],[52.44,41.79],[52.67,41.46],[52.98,42.04],[53.81,42.19],[54.89,41.09],[54.68,40.71],[53.35,40.71],[52.99,40.34],[53.24,39.98],[54.06,39.85],[53.65,39.84],[54.13,39.01],[54.01,38.42],[54.39,38.45],[54.88,39.46],[55.95,39.4],[60.63,37.1],[61.53,36.18],[61.75,36.92],[62.88,37.56],[63.74,37.49],[64.58,37.89],[65.26,37.55],[62.58,39.72],[61.68,41.13],[59.89,41.49],[59.18,41.96],[59.22,42.32],[58.69,42.9],[58.45,42.41],[57.91,42.29],[52.68,42.96],[52.61,42.96]],[[54.24,40.05],[55.05,39.76],[54.5,39.55],[54.2,40.02],[54.24,40.05]]],[[[65.85,44.41],[64.64,43.5],[62.03,42.53],[60.28,42.26],[60.49,41.85],[61.85,41.22],[63.19,39.42],[65.35,37.8],[65.98,38.63],[65.83,39.04],[66.13,39.62],[65.06,40.34],[67.08,41.73],[68.04,41.97],[68.14,42.41],[67.2,43.79],[65.91,44.41],[65.85,44.41]]]]},"bbox":[52.16,36.18,68.14,44.41]},{"type":"Feature","properties":{},"geometry":{"type":"MultiPolygon","coordinates":[[[[-99.65,19.72],[-99.87,19.77],[-99.92,19.37],[-99.58,19.11],[-99.65,19.71],[-99.65,19.72]],[[-99.52,19.29],[-99.52,19.3],[-99.53,19.31],[-99.53,19.32],[-99.53,19.33],[-99.53,19.34],[-99.54,19.34],[-99.54,19.35],[-99.53,19.35],[-99.53,19.36],[-99.52,19.36],[-99.51,19.36],[-99.5,19.35],[-99.49,19.33],[-99.49,19.32],[-99.49,19.31],[-99.48,19.31],[-99.48,19.3],[-99.49,19.3],[-99.49,19.29],[-99.5,19.29],[-99.5,19.28],[-99.51,19.28],[-99.52,19.29]],[[-99.52,19.2],[-99.53,19.21],[-99.52,19.21],[-99.52,19.22],[-99.51,19.23],[-99.51,19.24],[-99.51,19.25],[-99.51,19.26],[-99.5,19.26],[-99.49,19.26],[-99.49,19.25],[-99.48,19.24],[-99.48,19.23],[-99.48,19.22],[-99.48,19.21],[-99.49,19.21],[-99.5,19.21],[-99.51,19.2],[-99.52,19.2],[-99.52,19.2]],[[-99.52,19.12],[-99.53,19.12],[-99.54,19.12],[-99.54,19.13],[-99.55,19.13],[-99.55,19.14],[-99.55,19.15],[-99.55,19.16],[-99.54,19.16],[-99.54,19.17],[-99.53,19.18],[-99.52,19.18],[-99.51,19.18],[-99.5,19.17],[-99.49,19.16],[-99.49,19.15],[-99.49,19.14],[-99.49,19.13],[-99.5,19.13],[-99.5,19.12],[-99.51,19.12],[-99.52,19.12],[-99.52,19.12]]],[[[-102.24,23],[-103.49,22.44],[-103.68,21.18],[-103.08,22.19],[-103.13,21.39],[-102.49,21.82],[-102.56,21.32],[-101.28,21.25],[-100.02,20.28],[-99.46,20.36],[-99.11,19.23],[-98.64,19.7],[-98.25,19.58],[-99.39,20.75],[-100.36,20.81],[-99.94,21.1],[-100.65,21.48],[-100.7,22.59],[-101.87,22.53],[-102.23,22.99],[-102.24,23]],[[-102.95,22.51],[-102.96,22.51],[-102.97,22.52],[-102.97,22.53],[-102.97,22.54],[-102.96,22.54],[-102.96,22.55],[-102.95,22.55],[-102.94,22.55],[-102.94,22.54],[-102.93,22.54],[-102.93,22.55],[-102.92,22.55],[-102.91,22.55],[-102.9,22.54],[-102.89,22.53],[-102.9,22.53],[-102.9,22.52],[-102.91,22.52],[-102.92,22.51],[-102.93,22.51],[-102.94,22.51],[-102.95,22.51],[-102.95,22.51]],[[-102.71,22.51],[-102.53,21.88],[-102.79,21.86],[-102.72,22.5],[-102.71,22.51]],[[-102.45,22.26],[-102.45,22.27],[-102.45,22.28],[-102.46,22.29],[-102.46,22.3],[-102.46,22.31],[-102.45,22.32],[-102.44,22.33],[-102.43,22.35],[-102.43,22.36],[-102.43,22.37],[-102.44,22.37],[-102.44,22.38],[-102.44,22.4],[-102.43,22.4],[-102.43,22.41],[-102.42,22.41],[-102.41,22.4],[-102.41,22.39],[-102.4,22.38],[-102.4,22.36],[-102.4,22.35],[-102.4,22.33],[-102.41,22.32],[-102.42,22.31],[-102.42,22.3],[-102.42,22.29],[-102.42,22.28],[-102.43,22.27],[-102.44,22.27],[-102.44,22.26],[-102.45,22.26]],[[-101.2,22.19],[-101.2,22.2],[-101.19,22.2],[-101.18,22.21],[-101.17,22.21],[-101.16,22.21],[-101.15,22.21],[-101.13,22.2],[-101.12,22.18],[-101.11,22.16],[-101.11,22.15],[-101.11,22.13],[-101.11,22.12],[-101.11,22.11],[-101.12,22.11],[-101.13,22.1],[-101.14,22.1],[-101.14,22.09],[-101.14,22.08],[-101.15,22.08],[-101.16,22.07],[-101.17,22.07],[-101.18,22.08],[-101.19,22.08],[-101.21,22.08],[-101.23,22.08],[-101.24,22.08],[-101.25,22.07],[-101.26,22.07],[-101.27,22.07],[-101.28,22.08],[-101.28,22.09],[-101.27,22.1],[-101.26,22.11],[-101.25,22.11],[-101.24,22.12],[-101.23,22.14],[-101.23,22.15],[-101.23,22.17],[-101.23,22.18],[-101.22,22.18],[-101.22,22.19],[-101.21,22.19],[-101.2,22.19]],[[-101.04,22.08],[-100.98,21.87],[-101.05,22.07],[-101.04,22.08]],[[-100.88,21.81],[-100.87,21.81],[-100.86,21.81],[-100.85,21.82],[-100.84,21.81],[-100.84,21.8],[-100.84,21.79],[-100.83,21.78],[-100.82,21.78],[-100.81,21.78],[-100.8,21.78],[-100.8,21.77],[-100.79,21.77],[-100.78,21.77],[-100.77,21.76],[-100.77,21.75],[-100.76,21.75],[-100.76,21.74],[-100.76,21.73],[-100.76,21.72],[-100.77,21.71],[-100.78,21.7],[-100.79,21.71],[-100.8,21.72],[-100.81,21.72],[-100.84,21.73],[-100.85,21.73],[-100.86,21.74],[-100.87,21.74],[-100.88,21.74],[-100.89,21.74],[-100.9,21.75],[-100.9,21.76],[-100.91,21.77],[-100.91,21.79],[-100.91,21.8],[-100.9,21.8],[-100.88,21.81]],[[-101.07,21.73],[-101.08,21.72],[-101.09,21.71],[-101.09,21.7],[-101.1,21.7],[-101.11,21.69],[-101.12,21.69],[-101.13,21.68],[-101.15,21.67],[-101.16,21.66],[-101.17,21.66],[-101.18,21.65],[-101.19,21.64],[-101.2,21.64],[-101.21,21.64],[-101.22,21.64],[-101.22,21.65],[-101.22,21.67],[-101.23,21.69],[-101.23,21.7],[-101.23,21.71],[-101.24,21.72],[-101.24,21.74],[-101.24,21.75],[-101.23,21.76],[-101.22,21.77],[-101.22,21.78],[-101.22,21.8],[-101.22,21.81],[-101.22,21.83],[-101.21,21.84],[-101.19,21.83],[-101.18,21.82],[-101.16,21.81],[-101.14,21.8],[-101.13,21.79],[-101.12,21.79],[-101.11,21.79],[-101.1,21.78],[-101.09,21.78],[-101.09,21.77],[-101.08,21.76],[-101.07,21.76],[-101.07,21.74],[-101.07,21.73]],[[-100.87,21.65],[-100.96,21.47],[-100.87,21.65],[-100.87,21.65]],[[-101.26,21.48],[-101.37,21.3],[-101.26,21.49],[-101.26,21.48]],[[-101.53,21.34],[-101.68,21.2],[-101.78,21.59],[-101.53,21.35],[-101.53,21.34]],[[-102.04,21.35],[-101.92,21.65],[-102.04,21.36],[-102.04,21.35]],[[-102.21,21.62],[-102.22,21.62],[-102.23,21.62],[-102.24,21.62],[-102.25,21.62],[-102.25,21.63],[-102.26,21.64],[-102.26,21.65],[-102.26,21.66],[-102.26,21.67],[-102.25,21.68],[-102.24,21.69],[-102.23,21.69],[-102.22,21.69],[-102.21,21.69],[-102.2,21.69],[-102.2,21.68],[-102.19,21.67],[-102.19,21.66],[-102.18,21.65],[-102.18,21.64],[-102.19,21.64],[-102.19,21.63],[-102.2,21.63],[-102.21,21.62]],[[-101.85,21.75],[-101.86,21.75],[-101.87,21.75],[-101.88,21.76],[-101.89,21.77],[-101.89,21.78],[-101.89,21.8],[-101.9,21.81],[-101.9,21.82],[-101.9,21.83],[-101.9,21.84],[-101.9,21.85],[-101.89,21.86],[-101.89,21.87],[-101.89,21.88],[-101.9,21.89],[-101.91,21.9],[-101.92,21.9],[-101.93,21.91],[-101.94,21.91],[-101.94,21.92],[-101.94,21.93],[-101.93,21.94],[-101.92,21.95],[-101.91,21.95],[-101.9,21.96],[-101.89,21.97],[-101.87,21.98],[-101.86,21.99],[-101.85,22],[-101.84,22],[-101.83,21.99],[-101.83,21.98],[-101.82,21.97],[-101.82,21.96],[-101.82,21.95],[-101.82,21.93],[-101.82,21.92],[-101.82,21.9],[-101.82,21.88],[-101.82,21.86],[-101.82,21.82],[-101.83,21.8],[-101.83,21.79],[-101.83,21.77],[-101.85,21.75]],[[-102.42,21.88],[-102.41,21.88],[-102.41,21.87],[-102.41,21.86],[-102.41,21.85],[-102.42,21.84],[-102.42,21.83],[-102.43,21.82],[-102.44,21.81],[-102.45,21.81],[-102.46,21.81],[-102.47,21.81],[-102.47,21.82],[-102.47,21.83],[-102.46,21.84],[-102.46,21.85],[-102.46,21.87],[-102.46,21.88],[-102.45,21.88],[-102.44,21.88],[-102.43,21.88],[-102.42,21.89],[-102.42,21.88]],[[-101.36,21.94],[-101.38,21.96],[-101.39,21.97],[-101.4,21.99],[-101.41,22],[-101.4,22.02],[-101.38,22.03],[-101.36,22.04],[-101.33,22.03],[-101.31,22.02],[-101.3,22.01],[-101.31,21.99],[-101.32,21.97],[-101.33,21.95],[-101.34,21.94],[-101.36,21.94]],[[-101.67,21.77],[-101.68,21.78],[-101.68,21.8],[-101.68,21.81],[-101.68,21.82],[-101.68,21.83],[-101.67,21.83],[-101.67,21.84],[-101.66,21.84],[-101.65,21.84],[-101.64,21.84],[-101.63,21.84],[-101.63,21.83],[-101.63,21.82],[-101.63,21.81],[-101.63,21.79],[-101.64,21.78],[-101.64,21.77],[-101.65,21.77],[-101.66,21.76],[-101.67,21.76],[-101.67,21.77]],[[-101.29,21.64],[-101.28,21.64],[-101.27,21.64],[-101.27,21.63],[-101.26,21.62],[-101.27,21.61],[-101.27,21.6],[-101.27,21.58],[-101.28,21.57],[-101.29,21.56],[-101.3,21.56],[-101.31,21.56],[-101.32,21.55],[-101.34,21.56],[-101.35,21.56],[-101.36,21.57],[-101.37,21.58],[-101.37,21.59],[-101.37,21.61],[-101.36,21.62],[-101.35,21.62],[-101.34,21.62],[-101.33,21.62],[-101.32,21.62],[-101.3,21.63],[-101.29,21.63],[-101.29,21.64]],[[-101.16,21.56],[-101.16,21.57],[-101.17,21.57],[-101.17,21.58],[-101.17,21.59],[-101.17,21.6],[-101.16,21.61],[-101.15,21.62],[-101.14,21.63],[-101.13,21.63],[-101.12,21.63],[-101.12,21.61],[-101.12,21.6],[-101.12,21.59],[-101.13,21.59],[-101.13,21.57],[-101.14,21.55],[-101.14,21.54],[-101.16,21.52],[-101.17,21.5],[-101.18,21.49],[-101.19,21.48],[-101.2,21.48],[-101.2,21.49],[-101.2,21.5],[-101.19,21.52],[-101.18,21.53],[-101.18,21.54],[-101.17,21.55],[-101.16,21.55],[-101.16,21.56]],[[-102.92,22.11],[-102.93,22.11],[-102.94,22.1],[-102.96,22.1],[-102.98,22.1],[-102.99,22.1],[-103,22.1],[-103,22.11],[-103,22.12],[-103,22.13],[-102.99,22.13],[-102.98,22.14],[-102.97,22.15],[-102.96,22.15],[-102.95,22.15],[-102.94,22.16],[-102.93,22.17],[-102.92,22.16],[-102.91,22.16],[-102.91,22.15],[-102.91,22.13],[-102.92,22.12],[-102.92,22.11]],[[-103.27,22.26],[-103.27,22.25],[-103.26,22.25],[-103.26,22.23],[-103.26,22.22],[-103.25,22.21],[-103.25,22.2],[-103.24,22.19],[-103.24,22.18],[-103.24,22.17],[-103.25,22.16],[-103.25,22.15],[-103.26,22.15],[-103.27,22.15],[-103.28,22.15],[-103.29,22.15],[-103.29,22.16],[-103.3,22.16],[-103.31,22.17],[-103.32,22.17],[-103.32,22.18],[-103.33,22.19],[-103.34,22.19],[-103.35,22.19],[-103.36,22.2],[-103.37,22.2],[-103.38,22.2],[-103.38,22.21],[-103.38,22.22],[-103.37,22.23],[-103.37,22.24],[-103.36,22.25],[-103.35,22.25],[-103.34,22.25],[-103.33,22.26],[-103.32,22.26],[-103.31,22.26],[-103.3,22.27],[-103.29,22.27],[-103.28,22.27],[-103.27,22.26]],[[-103.02,22.48],[-103.02,22.47],[-103.01,22.46],[-103.01,22.45],[-103.01,22.44],[-103,22.44],[-103,22.43],[-103,22.42],[-103.01,22.41],[-103.02,22.4],[-103.03,22.4],[-103.04,22.39],[-103.05,22.39],[-103.06,22.39],[-103.06,22.4],[-103.06,22.41],[-103.05,22.42],[-103.05,22.43],[-103.05,22.44],[-103.05,22.45],[-103.05,22.46],[-103.04,22.47],[-103.03,22.48],[-103.02,22.49],[-103.02,22.48]],[[-103.46,21.9],[-103.45,21.9],[-103.45,21.91],[-103.44,21.91],[-103.44,21.92],[-103.43,21.93],[-103.42,21.93],[-103.42,21.94],[-103.41,21.94],[-103.41,21.95],[-103.4,21.94],[-103.39,21.94],[-103.38,21.94],[-103.37,21.93],[-103.37,21.92],[-103.36,21.92],[-103.36,21.91],[-103.36,21.9],[-103.37,21.89],[-103.38,21.88],[-103.39,21.88],[-103.4,21.88],[-103.4,21.87],[-103.4,21.85],[-103.41,21.84],[-103.41,21.83],[-103.41,21.82],[-103.42,21.82],[-103.43,21.82],[-103.44,21.82],[-103.45,21.83],[-103.46,21.83],[-103.46,21.84],[-103.46,21.85],[-103.47,21.86],[-103.47,21.87],[-103.48,21.87],[-103.48,21.88],[-103.48,21.89],[-103.47,21.89],[-103.46,21.89],[-103.46,21.9]],[[-103.36,21.82],[-103.45,21.63],[-103.36,21.81],[-103.36,21.82]],[[-103.67,21.81],[-103.67,21.8],[-103.67,21.79],[-103.67,21.78],[-103.67,21.77],[-103.68,21.77],[-103.69,21.77],[-103.7,21.77],[-103.71,21.78],[-103.71,21.79],[-103.72,21.8],[-103.72,21.81],[-103.71,21.82],[-103.7,21.82],[-103.69,21.82],[-103.69,21.83],[-103.68,21.84],[-103.68,21.85],[-103.67,21.85],[-103.66,21.85],[-103.65,21.85],[-103.65,21.84],[-103.66,21.83],[-103.67,21.82],[-103.67,21.81],[-103.67,21.81]],[[-100.52,21],[-100.51,21],[-100.5,21],[-100.5,20.99],[-100.49,20.98],[-100.48,20.98],[-100.47,20.98],[-100.47,20.97],[-100.46,20.96],[-100.45,20.95],[-100.44,20.94],[-100.43,20.93],[-100.42,20.92],[-100.43,20.91],[-100.43,20.9],[-100.44,20.88],[-100.44,20.87],[-100.45,20.87],[-100.46,20.86],[-100.47,20.86],[-100.48,20.86],[-100.49,20.86],[-100.5,20.86],[-100.5,20.87],[-100.51,20.87],[-100.52,20.88],[-100.53,20.88],[-100.54,20.9],[-100.55,20.9],[-100.56,20.91],[-100.57,20.91],[-100.58,20.92],[-100.59,20.93],[-100.59,20.94],[-100.59,20.95],[-100.59,20.96],[-100.58,20.98],[-100.58,20.99],[-100.57,21],[-100.56,21],[-100.55,21],[-100.54,21],[-100.53,21],[-100.52,21],[-100.52,21]],[[-99.41,20.69],[-99.39,20.7],[-99.39,20.69],[-99.38,20.68],[-99.38,20.66],[-99.38,20.65],[-99.39,20.64],[-99.4,20.63],[-99.42,20.62],[-99.43,20.62],[-99.44,20.63],[-99.45,20.64],[-99.45,20.66],[-99.44,20.66],[-99.43,20.68],[-99.41,20.69]],[[-99.73,20.68],[-99.73,20.67],[-99.73,20.66],[-99.74,20.65],[-99.74,20.64],[-99.74,20.63],[-99.74,20.62],[-99.74,20.61],[-99.73,20.61],[-99.73,20.6],[-99.74,20.59],[-99.75,20.59],[-99.76,20.6],[-99.77,20.61],[-99.78,20.62],[-99.78,20.64],[-99.78,20.65],[-99.78,20.66],[-99.77,20.66],[-99.77,20.67],[-99.76,20.67],[-99.75,20.68],[-99.74,20.68],[-99.73,20.68]],[[-99.84,20.59],[-99.83,20.59],[-99.82,20.58],[-99.81,20.58],[-99.8,20.58],[-99.8,20.57],[-99.79,20.57],[-99.79,20.56],[-99.78,20.56],[-99.79,20.55],[-99.79,20.54],[-99.8,20.53],[-99.81,20.53],[-99.82,20.53],[-99.83,20.53],[-99.84,20.54],[-99.85,20.54],[-99.86,20.55],[-99.87,20.56],[-99.88,20.57],[-99.88,20.58],[-99.87,20.58],[-99.86,20.58],[-99.85,20.58],[-99.84,20.59]],[[-99.5,20.57],[-99.5,20.58],[-99.48,20.58],[-99.46,20.58],[-99.45,20.58],[-99.44,20.57],[-99.43,20.56],[-99.42,20.55],[-99.42,20.53],[-99.41,20.52],[-99.4,20.5],[-99.37,20.49],[-99.36,20.48],[-99.36,20.46],[-99.39,20.46],[-99.42,20.46],[-99.45,20.46],[-99.49,20.45],[-99.51,20.45],[-99.52,20.44],[-99.53,20.44],[-99.56,20.45],[-99.57,20.46],[-99.57,20.48],[-99.57,20.5],[-99.56,20.5],[-99.53,20.5],[-99.52,20.5],[-99.51,20.5],[-99.49,20.51],[-99.49,20.52],[-99.5,20.53],[-99.5,20.57]],[[-99.83,20.5],[-99.82,20.49],[-99.81,20.48],[-99.8,20.47],[-99.8,20.46],[-99.79,20.46],[-99.78,20.45],[-99.77,20.44],[-99.76,20.43],[-99.76,20.42],[-99.75,20.41],[-99.76,20.41],[-99.76,20.4],[-99.77,20.4],[-99.78,20.4],[-99.79,20.4],[-99.8,20.4],[-99.8,20.41],[-99.81,20.41],[-99.81,20.42],[-99.82,20.43],[-99.83,20.43],[-99.84,20.43],[-99.85,20.43],[-99.86,20.43],[-99.86,20.42],[-99.87,20.42],[-99.87,20.41],[-99.88,20.41],[-99.89,20.41],[-99.89,20.42],[-99.89,20.43],[-99.89,20.44],[-99.89,20.45],[-99.88,20.46],[-99.87,20.47],[-99.86,20.47],[-99.85,20.48],[-99.85,20.49],[-99.85,20.5],[-99.84,20.5],[-99.83,20.5]],[[-99.94,20.5],[-99.94,20.49],[-99.94,20.47],[-99.95,20.46],[-99.96,20.46],[-99.97,20.46],[-99.98,20.47],[-99.99,20.47],[-100,20.47],[-100.01,20.48],[-100.02,20.48],[-100.02,20.49],[-100.02,20.5],[-100.02,20.51],[-100.02,20.52],[-100.01,20.52],[-100.01,20.53],[-100,20.53],[-99.99,20.54],[-99.98,20.54],[-99.97,20.54],[-99.96,20.53],[-99.95,20.52],[-99.95,20.5],[-99.94,20.5]],[[-99.32,20.33],[-99.31,20.33],[-99.31,20.34],[-99.3,20.34],[-99.3,20.35],[-99.29,20.35],[-99.28,20.35],[-99.27,20.34],[-99.27,20.33],[-99.27,20.32],[-99.28,20.31],[-99.28,20.3],[-99.28,20.29],[-99.28,20.28],[-99.28,20.27],[-99.28,20.26],[-99.27,20.25],[-99.27,20.24],[-99.27,20.23],[-99.28,20.22],[-99.29,20.22],[-99.3,20.22],[-99.31,20.21],[-99.31,20.2],[-99.32,20.2],[-99.33,20.19],[-99.34,20.19],[-99.35,20.19],[-99.36,20.2],[-99.37,20.2],[-99.37,20.21],[-99.38,20.23],[-99.39,20.24],[-99.39,20.25],[-99.4,20.26],[-99.4,20.27],[-99.39,20.28],[-99.38,20.29],[-99.37,20.3],[-99.37,20.31],[-99.36,20.31],[-99.35,20.32],[-99.34,20.32],[-99.33,20.32],[-99.32,20.32],[-99.32,20.33]],[[-99.11,20.28],[-99.11,20.29],[-99.12,20.29],[-99.12,20.3],[-99.12,20.31],[-99.12,20.32],[-99.11,20.33],[-99.11,20.34],[-99.11,20.35],[-99.1,20.35],[-99.09,20.35],[-99.09,20.34],[-99.08,20.34],[-99.07,20.33],[-99.06,20.32],[-99.05,20.3],[-99.04,20.29],[-99.04,20.28],[-99.05,20.28],[-99.06,20.28],[-99.07,20.29],[-99.08,20.29],[-99.09,20.28],[-99.1,20.28],[-99.11,20.28]],[[-99.02,20.23],[-99,20.23],[-98.99,20.2],[-98.99,20.18],[-99,20.16],[-99.01,20.15],[-99.02,20.14],[-99.03,20.14],[-99.05,20.15],[-99.05,20.16],[-99.05,20.18],[-99.06,20.18],[-99.08,20.18],[-99.09,20.18],[-99.14,20.17],[-99.15,20.17],[-99.15,20.18],[-99.15,20.21],[-99.14,20.22],[-99.11,20.22],[-99.1,20.22],[-99.08,20.22],[-99.06,20.22],[-99.04,20.22],[-99.02,20.23]],[[-99.1,20.06],[-99.09,20.06],[-99.08,20.06],[-99.07,20.05],[-99.06,20.04],[-99.06,20.03],[-99.05,20.03],[-99.05,20.02],[-99.04,20.01],[-99.04,20],[-99.05,19.99],[-99.06,19.99],[-99.06,19.98],[-99.07,19.98],[-99.08,19.98],[-99.08,19.97],[-99.09,19.97],[-99.09,19.96],[-99.1,19.96],[-99.11,19.96],[-99.11,19.97],[-99.12,19.97],[-99.12,19.98],[-99.12,19.99],[-99.12,20.01],[-99.13,20.02],[-99.14,20.02],[-99.15,20.02],[-99.16,20.03],[-99.17,20.03],[-99.18,20.03],[-99.18,20.04],[-99.16,20.05],[-99.15,20.06],[-99.14,20.06],[-99.13,20.06],[-99.12,20.06],[-99.11,20.06],[-99.1,20.06]],[[-101.1,22.53],[-101.1,22.52],[-101.1,22.5],[-101.11,22.49],[-101.11,22.48],[-101.12,22.48],[-101.13,22.47],[-101.14,22.46],[-101.15,22.46],[-101.17,22.45],[-101.17,22.44],[-101.18,22.44],[-101.19,22.45],[-101.2,22.46],[-101.21,22.48],[-101.22,22.49],[-101.23,22.5],[-101.24,22.52],[-101.25,22.53],[-101.26,22.54],[-101.26,22.55],[-101.26,22.57],[-101.26,22.58],[-101.25,22.59],[-101.24,22.59],[-101.23,22.59],[-101.22,22.58],[-101.22,22.57],[-101.21,22.56],[-101.2,22.56],[-101.19,22.55],[-101.18,22.55],[-101.17,22.56],[-101.16,22.55],[-101.15,22.55],[-101.12,22.55],[-101.1,22.53]]]]},"bbox":[-103.72,19.11,-98.25,23]},{"type":"Feature","properties":{},"geometry":{"type":"MultiPolygon","coordinates":[[[[48.7,37.34],[48.6,37.06],[49.25,36.54],[49.89,36.45],[48.82,37.17],[48.7,37.34]]],[[[57.56,37.56],[57.09,37.7],[57.07,37.48],[57.99,37.18],[59.12,36.11],[56.62,36.46],[57.9,36.42],[58.03,36.64],[56.82,37.25],[53.72,35.69],[52.44,35.36],[50.23,36.24],[48.97,36.4],[49.32,35.71],[50.14,35.79],[51.44,35.36],[50.11,35.22],[50.36,34.9],[49.52,34.38],[49.24,33.64],[50.53,34.44],[50.59,33.46],[51.88,32.86],[52.07,32.02],[52.36,31.91],[51.9,31.44],[52.02,30.57],[52.22,30.46],[52.61,31.09],[52.63,30.72],[53.27,30.53],[54.26,29.49],[54.91,29.43],[55.91,28.76],[56.26,28.97],[55.92,29.72],[53.25,31.62],[53.04,32.28],[50.84,34.42],[51.12,34.63],[52.23,33.62],[52.52,32.9],[53.15,32.85],[52.94,32.73],[53.53,31.85],[54.4,31.4],[54.51,30.95],[55.46,30.48],[55.8,29.97],[57.42,29.48],[56.68,30.33],[54.88,31.42],[55.51,31.29],[57.49,29.75],[56.97,30.58],[56.16,31.07],[56.38,31.2],[55.92,32.17],[57.54,30.44],[58.9,30.3],[58.85,29.66],[59.32,29.14],[60.03,30.98],[59.28,32.06],[59.17,33.41],[58.37,34.44],[59.34,33.95],[59.35,33.54],[60.19,33.49],[60.14,32.7],[60.47,32.44],[61.44,32.99],[61.49,33.37],[62.14,33.43],[61.49,34],[63.1,34.47],[61.52,34.69],[60.23,35.81],[60.72,35.84],[60.68,36.08],[60.08,36.61],[57.63,37.56],[57.56,37.56]],[[58.17,35.48],[57.6,35.9],[59.12,35.53],[59.54,35.83],[60.39,35.05],[59.3,35.44],[58.19,35.41],[58.17,35.48]],[[56.98,34.1],[57.33,34.4],[57.2,33.91],[57.68,33.1],[56.9,34.05],[56.98,34.1]],[[61.19,34.1],[61.54,34.38],[61.17,34.04],[61.19,34.1]]]]},"bbox":[48.6,28.76,63.1,37.7]},{"type":"Feature","properties":{},"geometry":{"type":"MultiPolygon","coordinates":[[[[129.78,-26.94],[129.31,-27.04],[130.64,-27.72],[129.81,-26.95],[129.78,-26.94]]],[[[134.23,-21.38],[133.74,-20.98],[133.29,-21.38],[133,-21.14],[133.12,-21.9],[131.18,-21.84],[130.2,-22.3],[130.62,-22.62],[130.91,-22.29],[131.57,-22.37],[133.05,-22.78],[133.33,-23.13],[131.29,-23.24],[131.65,-23.89],[131.43,-24.31],[132.21,-24.54],[131.58,-24.82],[131.63,-25.64],[130.84,-25.6],[129.85,-24.64],[129.01,-24.73],[128.43,-24.43],[129.19,-23.74],[128.82,-23.52],[127.54,-24.3],[126.5,-26.19],[127.46,-26.39],[128.71,-26],[128.8,-26.43],[130.44,-26.25],[131.18,-26.7],[132.68,-26.69],[132.86,-27.12],[132.48,-26.86],[132.12,-27.11],[133.27,-27.27],[133.36,-27.6],[133.77,-26.93],[135.12,-27.12],[135.27,-26.76],[134.46,-26.75],[134.05,-26.16],[133.47,-26.66],[133.88,-26.37],[133.67,-26.01],[135,-25.91],[134.42,-25.41],[134.64,-25.07],[134.01,-23.82],[135.41,-23.93],[136.04,-22.67],[135.78,-22.15],[134.71,-22.14],[134.18,-21.76],[134.24,-21.4],[134.23,-21.38]]]]},"bbox":[126.5,-27.72,136.04,-20.98]},{"type":"Feature","properties":{},"geometry":{"type":"MultiPolygon","coordinates":[[[[-105.64,26.31],[-105.65,26.32],[-105.65,26.33],[-105.66,26.34],[-105.67,26.34],[-105.67,26.33],[-105.68,26.33],[-105.68,26.32],[-105.69,26.32],[-105.69,26.31],[-105.7,26.31],[-105.71,26.31],[-105.72,26.31],[-105.72,26.32],[-105.73,26.32],[-105.74,26.32],[-105.75,26.32],[-105.75,26.31],[-105.75,26.3],[-105.74,26.3],[-105.74,26.29],[-105.74,26.28],[-105.74,26.27],[-105.73,26.26],[-105.72,26.25],[-105.72,26.24],[-105.72,26.23],[-105.73,26.21],[-105.73,26.2],[-105.73,26.19],[-105.73,26.18],[-105.73,26.17],[-105.73,26.16],[-105.73,26.15],[-105.73,26.14],[-105.72,26.14],[-105.71,26.15],[-105.7,26.15],[-105.69,26.15],[-105.68,26.15],[-105.67,26.14],[-105.66,26.13],[-105.66,26.12],[-105.65,26.11],[-105.65,26.1],[-105.65,26.09],[-105.65,26.08],[-105.65,26.07],[-105.64,26.06],[-105.63,26.06],[-105.62,26.07],[-105.61,26.07],[-105.61,26.08],[-105.6,26.08],[-105.59,26.08],[-105.59,26.07],[-105.58,26.07],[-105.57,26.07],[-105.56,26.07],[-105.56,26.08],[-105.56,26.09],[-105.56,26.1],[-105.57,26.11],[-105.58,26.13],[-105.59,26.14],[-105.59,26.15],[-105.59,26.16],[-105.59,26.17],[-105.59,26.18],[-105.59,26.19],[-105.59,26.2],[-105.6,26.2],[-105.6,26.21],[-105.61,26.22],[-105.62,26.22],[-105.63,26.23],[-105.63,26.24],[-105.63,26.25],[-105.64,26.25],[-105.64,26.26],[-105.65,26.25],[-105.66,26.25],[-105.67,26.25],[-105.68,26.26],[-105.68,26.27],[-105.67,26.28],[-105.66,26.28],[-105.66,26.29],[-105.65,26.29],[-105.65,26.3],[-105.65,26.31],[-105.64,26.31]]],[[[-107.93,29.39],[-107.94,29.39],[-107.94,29.4],[-107.95,29.4],[-107.96,29.41],[-107.97,29.42],[-107.98,29.43],[-107.98,29.44],[-107.99,29.45],[-108,29.46],[-108.01,29.47],[-108.02,29.47],[-108.03,29.48],[-108.04,29.48],[-108.05,29.48],[-108.06,29.48],[-108.07,29.48],[-108.08,29.47],[-108.08,29.46],[-108.08,29.45],[-108.08,29.43],[-108.09,29.42],[-108.1,29.41],[-108.1,29.39],[-108.11,29.38],[-108.1,29.38],[-108.09,29.38],[-108.07,29.39],[-108.06,29.39],[-108.05,29.38],[-108.04,29.38],[-108.03,29.37],[-108.02,29.36],[-108.02,29.35],[-108.01,29.34],[-108,29.33],[-107.99,29.32],[-107.97,29.32],[-107.96,29.32],[-107.95,29.33],[-107.94,29.33],[-107.92,29.33],[-107.92,29.32],[-107.91,29.31],[-107.91,29.3],[-107.91,29.29],[-107.9,29.28],[-107.89,29.27],[-107.88,29.26],[-107.87,29.26],[-107.86,29.25],[-107.85,29.26],[-107.84,29.26],[-107.83,29.25],[-107.82,29.25],[-107.82,29.24],[-107.81,29.24],[-107.8,29.24],[-107.79,29.25],[-107.78,29.25],[-107.77,29.25],[-107.77,29.26],[-107.76,29.26],[-107.75,29.26],[-107.74,29.25],[-107.73,29.25],[-107.72,29.24],[-107.71,29.24],[-107.7,29.23],[-107.69,29.23],[-107.68,29.24],[-107.68,29.26],[-107.69,29.27],[-107.7,29.27],[-107.7,29.28],[-107.71,29.3],[-107.71,29.31],[-107.72,29.31],[-107.73,29.32],[-107.74,29.33],[-107.75,29.34],[-107.75,29.35],[-107.75,29.36],[-107.76,29.37],[-107.77,29.38],[-107.78,29.39],[-107.78,29.4],[-107.79,29.41],[-107.79,29.42],[-107.79,29.43],[-107.79,29.44],[-107.79,29.45],[-107.8,29.46],[-107.81,29.46],[-107.83,29.47],[-107.84,29.47],[-107.85,29.47],[-107.86,29.47],[-107.87,29.46],[-107.88,29.45],[-107.88,29.44],[-107.89,29.44],[-107.89,29.43],[-107.89,29.42],[-107.89,29.41],[-107.89,29.4],[-107.89,29.39],[-107.9,29.38],[-107.91,29.37],[-107.91,29.38],[-107.92,29.38],[-107.93,29.38],[-107.93,29.39]]],[[[-107.31,29.42],[-107.43,29.59],[-107.54,28.81],[-107.3,29.41],[-107.31,29.42]],[[-107.34,29.41],[-107.33,29.41],[-107.33,29.4],[-107.33,29.39],[-107.32,29.39],[-107.32,29.38],[-107.31,29.38],[-107.31,29.36],[-107.31,29.35],[-107.31,29.34],[-107.32,29.33],[-107.32,29.32],[-107.32,29.31],[-107.32,29.3],[-107.31,29.29],[-107.31,29.28],[-107.32,29.27],[-107.33,29.26],[-107.34,29.27],[-107.34,29.28],[-107.35,29.28],[-107.35,29.29],[-107.35,29.3],[-107.36,29.31],[-107.37,29.31],[-107.38,29.31],[-107.39,29.31],[-107.4,29.31],[-107.41,29.32],[-107.42,29.33],[-107.42,29.34],[-107.42,29.35],[-107.42,29.36],[-107.42,29.37],[-107.41,29.38],[-107.4,29.38],[-107.39,29.39],[-107.38,29.4],[-107.37,29.4],[-107.37,29.41],[-107.36,29.41],[-107.35,29.41],[-107.34,29.41]]],[[[-107.76,29.9],[-107.82,29.7],[-107.75,29.9],[-107.76,29.9]]],[[[-100.6,25.85],[-100.45,27.15],[-100.78,27.03],[-101.86,27.81],[-102.42,28.65],[-102.38,28.1],[-102.89,29.28],[-101.91,28.15],[-101.29,28.42],[-101.27,28.97],[-101.74,29.17],[-101.4,28.74],[-102.01,28.58],[-102.31,29.45],[-101.99,29.28],[-101.84,29.71],[-101.44,29.75],[-100.97,29.35],[-100.97,29.56],[-101.65,30.22],[-102.02,31.28],[-102.8,31.36],[-103.33,32.38],[-104.03,32.78],[-103.98,33.36],[-104.39,33.77],[-104.98,32.7],[-104.58,32.24],[-104.8,31.9],[-105.12,32.41],[-105.86,32.65],[-106.03,33.43],[-105.8,33.77],[-106.34,33.71],[-106.35,34.11],[-106.89,34.27],[-107.49,33.46],[-107.68,32.47],[-108.13,32.78],[-108.48,32.41],[-109.45,33.3],[-110.29,33.52],[-109.63,32.92],[-110.55,33.11],[-110.3,32.24],[-110.98,32.98],[-110.74,31.97],[-111.05,31.69],[-111.67,32.03],[-111.45,31.29],[-110.44,31.28],[-110.94,30.55],[-110.8,30.39],[-110.39,30.83],[-109.64,29.49],[-109.44,29.52],[-109.67,30.3],[-110.29,30.86],[-110.05,31.08],[-109.36,29.91],[-109.23,30.75],[-108.89,30.25],[-108.96,30.86],[-107.3,29.8],[-107.11,29.05],[-106.76,29.05],[-106.95,28.69],[-107.09,28.84],[-107,28.25],[-107.62,28.78],[-107.08,28.13],[-106.62,28.45],[-106.67,29.21],[-107.04,29.62],[-106.48,29.44],[-106.25,28.69],[-106.47,28.46],[-106.3,27.97],[-106.65,27.95],[-106.34,27.75],[-106.43,26.96],[-105.74,27.12],[-104.86,25.94],[-104.85,25.74],[-105.18,25.97],[-105.27,25.39],[-104.22,24.78],[-104.11,24.2],[-103.49,24.71],[-103.65,25.09],[-103.26,25.6],[-101.22,25.19],[-100.6,25.86],[-100.6,25.85]],[[-100.71,25.88],[-100.7,25.88],[-100.7,25.87],[-100.7,25.86],[-100.69,25.85],[-100.7,25.84],[-100.71,25.84],[-100.72,25.84],[-100.73,25.84],[-100.73,25.85],[-100.73,25.86],[-100.73,25.87],[-100.73,25.88],[-100.72,25.88],[-100.71,25.89],[-100.71,25.88]],[[-101.41,25.89],[-101.61,25.85],[-101.51,26.19],[-101.4,25.9],[-101.41,25.89]],[[-101.26,26.34],[-101.25,26.34],[-101.25,26.33],[-101.24,26.33],[-101.23,26.32],[-101.22,26.32],[-101.21,26.31],[-101.2,26.29],[-101.19,26.28],[-101.18,26.27],[-101.17,26.26],[-101.15,26.25],[-101.14,26.24],[-101.14,26.22],[-101.14,26.21],[-101.15,26.21],[-101.17,26.22],[-101.18,26.23],[-101.19,26.24],[-101.2,26.24],[-101.2,26.25],[-101.22,26.26],[-101.23,26.26],[-101.24,26.27],[-101.25,26.28],[-101.27,26.28],[-101.28,26.28],[-101.29,26.28],[-101.3,26.28],[-101.32,26.29],[-101.33,26.3],[-101.33,26.31],[-101.32,26.33],[-101.3,26.35],[-101.28,26.35],[-101.27,26.35],[-101.26,26.34]],[[-101.21,26.35],[-101.22,26.36],[-101.23,26.36],[-101.23,26.37],[-101.24,26.38],[-101.24,26.39],[-101.24,26.4],[-101.24,26.41],[-101.22,26.41],[-101.21,26.4],[-101.2,26.4],[-101.19,26.39],[-101.19,26.38],[-101.18,26.38],[-101.18,26.36],[-101.18,26.35],[-101.19,26.35],[-101.2,26.34],[-101.21,26.35]],[[-101.53,26.41],[-101.88,26.53],[-101.54,26.41],[-101.53,26.41]],[[-103.04,26.62],[-103.04,26.61],[-103.03,26.6],[-103.03,26.59],[-103.03,26.57],[-103.04,26.56],[-103.05,26.56],[-103.05,26.57],[-103.06,26.57],[-103.06,26.58],[-103.06,26.59],[-103.06,26.6],[-103.07,26.61],[-103.07,26.62],[-103.07,26.64],[-103.07,26.65],[-103.07,26.66],[-103.08,26.67],[-103.08,26.68],[-103.09,26.7],[-103.09,26.71],[-103.09,26.73],[-103.09,26.74],[-103.09,26.75],[-103.08,26.75],[-103.08,26.76],[-103.07,26.76],[-103.06,26.75],[-103.05,26.75],[-103.04,26.75],[-103.03,26.75],[-103.02,26.74],[-103.01,26.72],[-103.01,26.7],[-103.01,26.68],[-103.02,26.67],[-103.02,26.66],[-103.03,26.65],[-103.04,26.64],[-103.04,26.62]],[[-105.05,26.75],[-105.04,26.74],[-105.04,26.73],[-105.03,26.73],[-105.03,26.72],[-105.03,26.71],[-105.02,26.7],[-105.02,26.69],[-105.02,26.68],[-105.03,26.68],[-105.04,26.67],[-105.05,26.67],[-105.06,26.67],[-105.07,26.67],[-105.08,26.68],[-105.08,26.69],[-105.08,26.7],[-105.08,26.71],[-105.07,26.71],[-105.07,26.72],[-105.07,26.73],[-105.07,26.74],[-105.06,26.75],[-105.05,26.75]],[[-102.58,26.76],[-102.59,26.76],[-102.61,26.77],[-102.62,26.78],[-102.64,26.8],[-102.63,26.82],[-102.63,26.83],[-102.63,26.84],[-102.62,26.85],[-102.61,26.86],[-102.6,26.86],[-102.6,26.85],[-102.59,26.85],[-102.58,26.84],[-102.57,26.84],[-102.56,26.84],[-102.55,26.84],[-102.53,26.84],[-102.52,26.85],[-102.51,26.85],[-102.49,26.86],[-102.48,26.86],[-102.47,26.86],[-102.46,26.86],[-102.44,26.86],[-102.43,26.86],[-102.42,26.85],[-102.41,26.84],[-102.4,26.82],[-102.4,26.81],[-102.4,26.8],[-102.41,26.8],[-102.41,26.79],[-102.43,26.77],[-102.44,26.77],[-102.45,26.77],[-102.46,26.76],[-102.48,26.75],[-102.5,26.75],[-102.51,26.74],[-102.53,26.74],[-102.54,26.74],[-102.55,26.75],[-102.57,26.75],[-102.58,26.76]],[[-105.64,26.85],[-105.65,26.84],[-105.66,26.85],[-105.67,26.85],[-105.68,26.86],[-105.69,26.86],[-105.69,26.87],[-105.69,26.88],[-105.68,26.89],[-105.67,26.91],[-105.65,26.91],[-105.64,26.92],[-105.63,26.92],[-105.62,26.92],[-105.61,26.92],[-105.6,26.92],[-105.59,26.92],[-105.58,26.92],[-105.57,26.91],[-105.56,26.91],[-105.56,26.9],[-105.55,26.9],[-105.54,26.9],[-105.54,26.89],[-105.53,26.89],[-105.52,26.88],[-105.51,26.88],[-105.5,26.88],[-105.49,26.88],[-105.48,26.88],[-105.48,26.87],[-105.49,26.86],[-105.5,26.86],[-105.51,26.85],[-105.52,26.85],[-105.53,26.85],[-105.54,26.85],[-105.55,26.85],[-105.57,26.85],[-105.58,26.86],[-105.59,26.86],[-105.61,26.86],[-105.62,26.86],[-105.62,26.85],[-105.63,26.85],[-105.64,26.85]],[[-101.81,26.92],[-101.82,26.93],[-101.83,26.93],[-101.84,26.93],[-101.84,26.94],[-101.84,26.95],[-101.84,26.96],[-101.83,26.96],[-101.82,26.97],[-101.82,26.98],[-101.81,26.98],[-101.8,26.98],[-101.78,26.98],[-101.77,26.97],[-101.76,26.96],[-101.77,26.95],[-101.77,26.94],[-101.78,26.94],[-101.78,26.93],[-101.79,26.92],[-101.8,26.91],[-101.81,26.92]],[[-101.06,26.98],[-101.06,26.99],[-101.07,27],[-101.09,27.01],[-101.09,27.03],[-101.09,27.04],[-101.09,27.05],[-101.1,27.06],[-101.1,27.07],[-101.11,27.09],[-101.11,27.1],[-101.11,27.11],[-101.1,27.11],[-101.09,27.1],[-101.08,27.09],[-101.07,27.08],[-101.06,27.07],[-101.06,27.06],[-101.06,27.04],[-101.06,27.03],[-101.05,27.02],[-101.04,27.01],[-101.03,26.99],[-101.04,26.99],[-101.04,26.98],[-101.05,26.98],[-101.06,26.98]],[[-102.24,27],[-102.64,27.09],[-102.23,27],[-102.24,27]],[[-104.13,27.06],[-104.21,27.25],[-104.12,27.07],[-104.13,27.06]],[[-105.83,27.24],[-105.85,27.24],[-105.85,27.25],[-105.85,27.26],[-105.86,27.27],[-105.86,27.28],[-105.87,27.28],[-105.88,27.29],[-105.89,27.29],[-105.89,27.3],[-105.9,27.31],[-105.91,27.32],[-105.91,27.33],[-105.9,27.34],[-105.89,27.34],[-105.88,27.35],[-105.87,27.35],[-105.86,27.34],[-105.85,27.33],[-105.84,27.32],[-105.83,27.31],[-105.82,27.3],[-105.82,27.29],[-105.82,27.28],[-105.82,27.27],[-105.82,27.26],[-105.82,27.25],[-105.83,27.24]],[[-104.1,27.25],[-104.11,27.26],[-104.13,27.27],[-104.15,27.27],[-104.16,27.28],[-104.17,27.28],[-104.17,27.29],[-104.17,27.3],[-104.17,27.31],[-104.16,27.32],[-104.15,27.33],[-104.14,27.34],[-104.14,27.35],[-104.14,27.36],[-104.14,27.37],[-104.14,27.39],[-104.14,27.4],[-104.14,27.41],[-104.13,27.42],[-104.12,27.43],[-104.11,27.43],[-104.1,27.43],[-104.09,27.42],[-104.09,27.41],[-104.08,27.39],[-104.08,27.38],[-104.07,27.37],[-104.06,27.36],[-104.06,27.35],[-104.05,27.35],[-104.04,27.35],[-104.02,27.35],[-104.01,27.35],[-104,27.34],[-103.99,27.34],[-103.98,27.33],[-103.97,27.32],[-103.96,27.29],[-103.97,27.27],[-103.97,27.26],[-103.98,27.25],[-103.98,27.24],[-103.98,27.23],[-103.98,27.21],[-103.98,27.2],[-103.98,27.19],[-103.99,27.17],[-103.99,27.16],[-104.01,27.15],[-104.02,27.14],[-104.03,27.13],[-104.04,27.14],[-104.05,27.14],[-104.05,27.15],[-104.05,27.16],[-104.06,27.17],[-104.06,27.19],[-104.07,27.2],[-104.07,27.21],[-104.08,27.22],[-104.08,27.24],[-104.09,27.24],[-104.1,27.25]],[[-102.63,27.37],[-102.51,27.58],[-102.63,27.36],[-102.63,27.37]],[[-106.19,27.66],[-106.18,27.66],[-106.18,27.65],[-106.18,27.64],[-106.17,27.63],[-106.17,27.61],[-106.17,27.6],[-106.16,27.6],[-106.16,27.59],[-106.16,27.58],[-106.16,27.57],[-106.15,27.56],[-106.15,27.55],[-106.16,27.55],[-106.16,27.54],[-106.17,27.54],[-106.18,27.54],[-106.19,27.55],[-106.2,27.55],[-106.21,27.56],[-106.22,27.57],[-106.23,27.58],[-106.24,27.58],[-106.25,27.58],[-106.25,27.59],[-106.26,27.59],[-106.26,27.6],[-106.27,27.61],[-106.26,27.61],[-106.26,27.62],[-106.26,27.63],[-106.25,27.63],[-106.25,27.64],[-106.24,27.64],[-106.24,27.65],[-106.23,27.65],[-106.22,27.66],[-106.21,27.66],[-106.19,27.66],[-106.19,27.66]],[[-102.13,27.69],[-102.25,27.86],[-102.13,27.68],[-102.13,27.69]],[[-102.31,27.85],[-102.32,27.85],[-102.32,27.86],[-102.33,27.87],[-102.34,27.87],[-102.34,27.88],[-102.35,27.88],[-102.36,27.89],[-102.36,27.9],[-102.37,27.91],[-102.37,27.92],[-102.37,27.93],[-102.37,27.94],[-102.36,27.94],[-102.35,27.94],[-102.34,27.94],[-102.33,27.93],[-102.33,27.92],[-102.32,27.91],[-102.31,27.91],[-102.31,27.9],[-102.3,27.89],[-102.29,27.87],[-102.29,27.86],[-102.29,27.85],[-102.3,27.85],[-102.31,27.85]],[[-102.4,27.94],[-102.41,27.94],[-102.42,27.95],[-102.44,27.95],[-102.45,27.96],[-102.46,27.96],[-102.47,27.97],[-102.47,27.99],[-102.46,28.01],[-102.44,28.01],[-102.43,28],[-102.42,27.99],[-102.41,27.99],[-102.4,27.98],[-102.39,27.99],[-102.4,28],[-102.4,28.01],[-102.4,28.02],[-102.4,28.03],[-102.39,28.03],[-102.39,28.02],[-102.38,28.02],[-102.37,28.02],[-102.36,28.01],[-102.35,28.01],[-102.35,28],[-102.34,27.98],[-102.34,27.97],[-102.35,27.96],[-102.36,27.96],[-102.37,27.96],[-102.38,27.96],[-102.39,27.95],[-102.4,27.94]],[[-102.93,28.01],[-103.16,28.35],[-102.93,28.02],[-102.93,28.01]],[[-106.01,28.22],[-106.01,28.21],[-106.01,28.19],[-106.02,28.19],[-106.03,28.19],[-106.03,28.17],[-106.03,28.16],[-106.02,28.15],[-106.02,28.14],[-106.02,28.13],[-106.01,28.12],[-106,28.11],[-106.01,28.1],[-106.02,28.09],[-106.03,28.09],[-106.03,28.1],[-106.04,28.1],[-106.05,28.11],[-106.06,28.11],[-106.08,28.11],[-106.09,28.11],[-106.1,28.11],[-106.11,28.1],[-106.11,28.11],[-106.12,28.11],[-106.11,28.12],[-106.11,28.13],[-106.1,28.14],[-106.09,28.15],[-106.09,28.16],[-106.08,28.16],[-106.08,28.17],[-106.07,28.17],[-106.07,28.18],[-106.07,28.19],[-106.08,28.19],[-106.08,28.2],[-106.09,28.21],[-106.1,28.22],[-106.11,28.24],[-106.12,28.25],[-106.12,28.26],[-106.12,28.27],[-106.12,28.28],[-106.11,28.28],[-106.12,28.29],[-106.12,28.3],[-106.13,28.31],[-106.13,28.33],[-106.12,28.34],[-106.11,28.34],[-106.11,28.33],[-106.1,28.32],[-106.09,28.31],[-106.08,28.31],[-106.07,28.3],[-106.06,28.3],[-106.05,28.31],[-106.04,28.31],[-106.03,28.31],[-106.03,28.3],[-106.03,28.29],[-106.02,28.28],[-106.02,28.26],[-106.02,28.25],[-106.02,28.24],[-106.02,28.23],[-106.01,28.22]],[[-106.03,28.34],[-106.04,28.35],[-106.05,28.35],[-106.05,28.36],[-106.06,28.36],[-106.07,28.36],[-106.09,28.36],[-106.1,28.36],[-106.1,28.37],[-106.11,28.38],[-106.1,28.39],[-106.1,28.41],[-106.11,28.41],[-106.11,28.42],[-106.12,28.42],[-106.13,28.43],[-106.13,28.44],[-106.14,28.44],[-106.13,28.45],[-106.13,28.46],[-106.11,28.47],[-106.1,28.48],[-106.09,28.48],[-106.08,28.47],[-106.07,28.46],[-106.07,28.45],[-106.06,28.44],[-106.05,28.44],[-106.04,28.44],[-106.03,28.45],[-106.02,28.45],[-106.01,28.44],[-106.01,28.43],[-106,28.42],[-106,28.41],[-105.98,28.4],[-105.98,28.39],[-105.98,28.38],[-105.98,28.36],[-105.98,28.35],[-105.99,28.34],[-106,28.34],[-106.01,28.34],[-106.02,28.34],[-106.03,28.34]],[[-104.16,28.22],[-104.17,28.23],[-104.17,28.24],[-104.18,28.24],[-104.19,28.24],[-104.2,28.25],[-104.2,28.26],[-104.2,28.27],[-104.2,28.28],[-104.19,28.28],[-104.19,28.29],[-104.18,28.29],[-104.17,28.29],[-104.16,28.3],[-104.15,28.29],[-104.14,28.29],[-104.13,28.29],[-104.12,28.28],[-104.11,28.27],[-104.11,28.26],[-104.11,28.25],[-104.12,28.24],[-104.12,28.23],[-104.13,28.23],[-104.14,28.22],[-104.15,28.22],[-104.16,28.22]],[[-102.8,28.08],[-102.81,28.09],[-102.82,28.1],[-102.82,28.11],[-102.82,28.12],[-102.82,28.13],[-102.81,28.14],[-102.81,28.15],[-102.82,28.16],[-102.83,28.16],[-102.83,28.17],[-102.84,28.18],[-102.84,28.2],[-102.84,28.21],[-102.83,28.22],[-102.82,28.22],[-102.81,28.22],[-102.8,28.22],[-102.78,28.22],[-102.77,28.21],[-102.77,28.19],[-102.78,28.18],[-102.79,28.17],[-102.79,28.16],[-102.8,28.15],[-102.8,28.14],[-102.79,28.13],[-102.79,28.12],[-102.79,28.11],[-102.79,28.1],[-102.78,28.1],[-102.78,28.09],[-102.78,28.08],[-102.79,28.08],[-102.8,28.08]],[[-102.24,28.04],[-102.25,28.04],[-102.25,28.05],[-102.26,28.06],[-102.26,28.07],[-102.26,28.08],[-102.27,28.08],[-102.28,28.09],[-102.29,28.1],[-102.29,28.12],[-102.28,28.13],[-102.27,28.13],[-102.26,28.13],[-102.26,28.12],[-102.25,28.11],[-102.25,28.1],[-102.24,28.09],[-102.24,28.08],[-102.23,28.07],[-102.23,28.06],[-102.23,28.05],[-102.23,28.04],[-102.24,28.04],[-102.24,28.04]],[[-101.93,27.64],[-102.07,27.79],[-101.92,27.64],[-101.93,27.64]],[[-101.62,27.64],[-101.62,27.66],[-101.62,27.67],[-101.62,27.68],[-101.62,27.69],[-101.61,27.69],[-101.6,27.69],[-101.6,27.68],[-101.59,27.67],[-101.58,27.66],[-101.58,27.65],[-101.58,27.64],[-101.57,27.63],[-101.56,27.62],[-101.55,27.6],[-101.55,27.59],[-101.55,27.57],[-101.55,27.56],[-101.55,27.55],[-101.56,27.55],[-101.57,27.56],[-101.58,27.57],[-101.58,27.58],[-101.59,27.58],[-101.6,27.59],[-101.61,27.6],[-101.61,27.61],[-101.61,27.62],[-101.61,27.63],[-101.62,27.64]],[[-101.95,27.61],[-101.99,27.2],[-101.96,27.62],[-101.95,27.61]],[[-103.65,27.21],[-103.66,27.2],[-103.67,27.19],[-103.68,27.19],[-103.7,27.19],[-103.71,27.2],[-103.71,27.21],[-103.72,27.22],[-103.73,27.23],[-103.74,27.23],[-103.75,27.24],[-103.76,27.24],[-103.77,27.24],[-103.77,27.25],[-103.78,27.26],[-103.79,27.28],[-103.8,27.3],[-103.8,27.32],[-103.81,27.33],[-103.81,27.34],[-103.81,27.35],[-103.81,27.36],[-103.8,27.36],[-103.79,27.36],[-103.78,27.36],[-103.77,27.36],[-103.77,27.35],[-103.77,27.34],[-103.76,27.33],[-103.76,27.32],[-103.76,27.31],[-103.75,27.3],[-103.74,27.29],[-103.73,27.28],[-103.72,27.28],[-103.71,27.28],[-103.69,27.28],[-103.67,27.28],[-103.67,27.27],[-103.66,27.26],[-103.65,27.23],[-103.65,27.22],[-103.65,27.21]],[[-103.4,27.29],[-103.4,27.3],[-103.39,27.31],[-103.38,27.31],[-103.37,27.31],[-103.36,27.31],[-103.36,27.3],[-103.36,27.29],[-103.36,27.28],[-103.36,27.27],[-103.36,27.26],[-103.36,27.25],[-103.37,27.24],[-103.38,27.24],[-103.38,27.25],[-103.39,27.26],[-103.4,27.28],[-103.4,27.29]],[[-102.78,27.14],[-102.79,27.15],[-102.78,27.16],[-102.77,27.16],[-102.76,27.16],[-102.75,27.16],[-102.74,27.15],[-102.73,27.15],[-102.72,27.14],[-102.71,27.13],[-102.71,27.12],[-102.72,27.11],[-102.72,27.12],[-102.74,27.12],[-102.75,27.13],[-102.77,27.13],[-102.78,27.14]],[[-101.75,26.92],[-101.74,26.91],[-101.73,26.9],[-101.72,26.88],[-101.73,26.87],[-101.73,26.86],[-101.73,26.85],[-101.74,26.84],[-101.75,26.84],[-101.76,26.84],[-101.76,26.85],[-101.76,26.86],[-101.77,26.86],[-101.78,26.87],[-101.78,26.88],[-101.77,26.88],[-101.77,26.89],[-101.77,26.9],[-101.77,26.91],[-101.76,26.91],[-101.75,26.92]],[[-100.8,26.87],[-100.8,26.88],[-100.8,26.89],[-100.8,26.9],[-100.81,26.9],[-100.8,26.91],[-100.79,26.91],[-100.78,26.91],[-100.77,26.9],[-100.76,26.89],[-100.75,26.89],[-100.74,26.88],[-100.74,26.87],[-100.73,26.86],[-100.73,26.84],[-100.73,26.83],[-100.73,26.82],[-100.74,26.81],[-100.75,26.81],[-100.76,26.82],[-100.76,26.83],[-100.77,26.84],[-100.77,26.85],[-100.78,26.85],[-100.79,26.86],[-100.79,26.87],[-100.8,26.87]],[[-101.28,26.87],[-101.12,26.74],[-101.29,26.87],[-101.28,26.87]],[[-100.61,26.78],[-100.6,26.78],[-100.59,26.78],[-100.58,26.77],[-100.58,26.75],[-100.58,26.74],[-100.59,26.73],[-100.6,26.73],[-100.6,26.74],[-100.61,26.74],[-100.62,26.75],[-100.63,26.75],[-100.64,26.76],[-100.64,26.77],[-100.64,26.78],[-100.63,26.78],[-100.62,26.78],[-100.61,26.78]],[[-102.1,26.74],[-102.1,26.75],[-102.1,26.76],[-102.1,26.77],[-102.09,26.78],[-102.09,26.79],[-102.08,26.79],[-102.07,26.78],[-102.06,26.77],[-102.06,26.76],[-102.06,26.75],[-102.05,26.74],[-102.05,26.73],[-102.05,26.72],[-102.04,26.72],[-102.05,26.71],[-102.06,26.72],[-102.07,26.72],[-102.08,26.73],[-102.09,26.73],[-102.1,26.73],[-102.11,26.73],[-102.1,26.74]],[[-103.56,28.6],[-103.54,28.6],[-103.53,28.6],[-103.52,28.59],[-103.51,28.58],[-103.5,28.57],[-103.51,28.56],[-103.52,28.55],[-103.53,28.54],[-103.54,28.53],[-103.55,28.52],[-103.56,28.52],[-103.57,28.52],[-103.58,28.51],[-103.59,28.51],[-103.6,28.51],[-103.62,28.5],[-103.63,28.5],[-103.64,28.51],[-103.65,28.52],[-103.66,28.52],[-103.66,28.53],[-103.66,28.54],[-103.66,28.56],[-103.66,28.57],[-103.67,28.57],[-103.67,28.58],[-103.68,28.59],[-103.68,28.6],[-103.68,28.61],[-103.68,28.62],[-103.67,28.63],[-103.67,28.64],[-103.66,28.64],[-103.66,28.65],[-103.65,28.65],[-103.64,28.65],[-103.63,28.65],[-103.63,28.66],[-103.62,28.65],[-103.61,28.65],[-103.61,28.64],[-103.61,28.63],[-103.61,28.61],[-103.61,28.6],[-103.61,28.59],[-103.6,28.58],[-103.59,28.59],[-103.58,28.59],[-103.57,28.6],[-103.56,28.6]],[[-103.61,28.77],[-103.61,28.76],[-103.62,28.75],[-103.63,28.73],[-103.64,28.72],[-103.65,28.71],[-103.67,28.7],[-103.68,28.7],[-103.68,28.71],[-103.69,28.72],[-103.68,28.73],[-103.68,28.75],[-103.68,28.77],[-103.68,28.79],[-103.69,28.8],[-103.7,28.8],[-103.72,28.81],[-103.74,28.81],[-103.76,28.81],[-103.77,28.81],[-103.77,28.82],[-103.77,28.83],[-103.76,28.84],[-103.75,28.84],[-103.74,28.85],[-103.72,28.85],[-103.71,28.85],[-103.69,28.85],[-103.68,28.86],[-103.67,28.86],[-103.66,28.86],[-103.65,28.86],[-103.64,28.87],[-103.63,28.87],[-103.63,28.86],[-103.63,28.85],[-103.63,28.84],[-103.63,28.83],[-103.62,28.82],[-103.62,28.81],[-103.61,28.8],[-103.6,28.79],[-103.6,28.78],[-103.61,28.77]],[[-105.14,28.87],[-105.13,28.87],[-105.11,28.84],[-105.1,28.83],[-105.09,28.81],[-105.09,28.8],[-105.09,28.79],[-105.1,28.78],[-105.11,28.78],[-105.12,28.78],[-105.13,28.79],[-105.13,28.8],[-105.13,28.81],[-105.14,28.82],[-105.15,28.82],[-105.16,28.83],[-105.17,28.83],[-105.18,28.83],[-105.18,28.84],[-105.18,28.85],[-105.17,28.86],[-105.17,28.87],[-105.16,28.87],[-105.15,28.87],[-105.14,28.87],[-105.14,28.87]],[[-106.2,28.97],[-106.21,28.97],[-106.22,28.97],[-106.23,28.97],[-106.24,28.98],[-106.24,28.99],[-106.23,29],[-106.23,29.01],[-106.23,29.02],[-106.22,29.03],[-106.21,29.03],[-106.21,29.02],[-106.2,29.02],[-106.19,29.01],[-106.19,29],[-106.19,28.99],[-106.2,28.98],[-106.2,28.97]],[[-106.05,28.99],[-106.05,29],[-106.06,29.01],[-106.07,29.03],[-106.07,29.04],[-106.08,29.05],[-106.09,29.06],[-106.09,29.08],[-106.08,29.09],[-106.07,29.09],[-106.06,29.09],[-106.05,29.09],[-106.04,29.08],[-106.04,29.07],[-106.03,29.06],[-106.03,29.05],[-106.03,29.03],[-106.02,29.02],[-106.02,29.01],[-106.03,29],[-106.03,28.99],[-106.04,28.99],[-106.05,28.99]],[[-104.26,29.04],[-104.26,29.05],[-104.25,29.06],[-104.25,29.07],[-104.24,29.07],[-104.23,29.08],[-104.22,29.07],[-104.21,29.07],[-104.21,29.06],[-104.2,29.05],[-104.19,29.04],[-104.19,29.03],[-104.19,29.02],[-104.18,29.01],[-104.18,29],[-104.19,28.99],[-104.19,28.98],[-104.21,28.98],[-104.22,28.99],[-104.23,28.99],[-104.24,29],[-104.25,29],[-104.26,29],[-104.27,28.99],[-104.28,28.98],[-104.29,28.98],[-104.3,28.98],[-104.31,28.99],[-104.32,29],[-104.32,29.01],[-104.32,29.02],[-104.32,29.03],[-104.31,29.03],[-104.3,29.02],[-104.29,29.01],[-104.28,29.02],[-104.27,29.02],[-104.26,29.03],[-104.26,29.04]],[[-104.01,28.99],[-104.01,29],[-104.01,29.01],[-104.01,29.02],[-104.01,29.03],[-104,29.03],[-104,29.04],[-103.99,29.04],[-103.98,29.04],[-103.97,29.04],[-103.97,29.03],[-103.96,29.03],[-103.96,29.02],[-103.96,29.01],[-103.96,29],[-103.97,29],[-103.98,28.99],[-103.99,28.99],[-104,28.98],[-104.01,28.98],[-104.01,28.99]],[[-104.09,29.19],[-104.09,29.18],[-104.08,29.18],[-104.07,29.17],[-104.07,29.15],[-104.07,29.14],[-104.08,29.13],[-104.09,29.13],[-104.11,29.12],[-104.12,29.12],[-104.14,29.11],[-104.15,29.12],[-104.16,29.13],[-104.17,29.13],[-104.19,29.14],[-104.18,29.16],[-104.17,29.17],[-104.15,29.18],[-104.14,29.18],[-104.12,29.19],[-104.1,29.19],[-104.09,29.19]],[[-104.48,29.18],[-104.68,29.44],[-104.48,29.2],[-104.48,29.18]],[[-105.48,29.44],[-105.49,29.43],[-105.5,29.42],[-105.51,29.42],[-105.52,29.41],[-105.53,29.42],[-105.54,29.42],[-105.54,29.43],[-105.54,29.44],[-105.54,29.45],[-105.53,29.45],[-105.53,29.46],[-105.52,29.46],[-105.52,29.47],[-105.51,29.47],[-105.51,29.48],[-105.5,29.49],[-105.5,29.5],[-105.48,29.5],[-105.47,29.49],[-105.47,29.47],[-105.47,29.46],[-105.47,29.45],[-105.48,29.44]],[[-102.96,29.46],[-102.97,29.46],[-102.97,29.47],[-102.98,29.47],[-102.98,29.48],[-102.98,29.49],[-102.98,29.5],[-102.97,29.5],[-102.97,29.51],[-102.98,29.51],[-102.98,29.52],[-102.98,29.53],[-102.98,29.54],[-102.98,29.53],[-102.97,29.53],[-102.96,29.52],[-102.95,29.51],[-102.94,29.51],[-102.94,29.5],[-102.94,29.49],[-102.93,29.49],[-102.93,29.48],[-102.93,29.47],[-102.93,29.46],[-102.92,29.46],[-102.92,29.45],[-102.93,29.45],[-102.93,29.44],[-102.94,29.43],[-102.94,29.44],[-102.95,29.44],[-102.95,29.45],[-102.95,29.46],[-102.96,29.46],[-102.96,29.46]],[[-102.36,29.44],[-102.37,29.45],[-102.38,29.45],[-102.38,29.46],[-102.38,29.47],[-102.38,29.48],[-102.37,29.49],[-102.36,29.5],[-102.36,29.51],[-102.35,29.51],[-102.35,29.52],[-102.35,29.53],[-102.36,29.54],[-102.35,29.55],[-102.34,29.55],[-102.33,29.54],[-102.33,29.53],[-102.32,29.52],[-102.32,29.51],[-102.31,29.51],[-102.31,29.49],[-102.32,29.49],[-102.32,29.48],[-102.33,29.48],[-102.33,29.47],[-102.33,29.46],[-102.33,29.45],[-102.34,29.44],[-102.36,29.44],[-102.36,29.44]],[[-102.98,29.45],[-102.97,29.45],[-102.97,29.44],[-102.96,29.44],[-102.96,29.43],[-102.96,29.42],[-102.95,29.42],[-102.95,29.41],[-102.96,29.41],[-102.97,29.41],[-102.98,29.41],[-102.99,29.41],[-102.99,29.42],[-102.99,29.43],[-102.98,29.43],[-102.98,29.44],[-102.98,29.45],[-102.98,29.45]],[[-103.27,29.28],[-103.27,29.29],[-103.26,29.29],[-103.25,29.29],[-103.25,29.28],[-103.25,29.27],[-103.24,29.27],[-103.24,29.26],[-103.24,29.25],[-103.24,29.24],[-103.25,29.24],[-103.26,29.24],[-103.27,29.24],[-103.28,29.24],[-103.28,29.23],[-103.29,29.23],[-103.3,29.22],[-103.31,29.22],[-103.31,29.23],[-103.32,29.22],[-103.33,29.22],[-103.33,29.23],[-103.33,29.24],[-103.34,29.24],[-103.34,29.25],[-103.34,29.26],[-103.33,29.26],[-103.33,29.27],[-103.32,29.28],[-103.31,29.28],[-103.3,29.28],[-103.29,29.28],[-103.28,29.28],[-103.27,29.28],[-103.27,29.28]],[[-102.54,29.2],[-102.53,29.2],[-102.53,29.21],[-102.52,29.21],[-102.52,29.22],[-102.52,29.23],[-102.51,29.23],[-102.51,29.24],[-102.5,29.25],[-102.49,29.25],[-102.49,29.24],[-102.48,29.24],[-102.48,29.23],[-102.48,29.21],[-102.48,29.2],[-102.48,29.19],[-102.48,29.18],[-102.49,29.17],[-102.49,29.16],[-102.5,29.15],[-102.51,29.15],[-102.52,29.14],[-102.53,29.14],[-102.54,29.14],[-102.55,29.13],[-102.56,29.14],[-102.57,29.14],[-102.58,29.15],[-102.58,29.16],[-102.58,29.17],[-102.58,29.18],[-102.58,29.19],[-102.57,29.19],[-102.57,29.2],[-102.55,29.2],[-102.54,29.2],[-102.54,29.2]],[[-101.85,28.29],[-101.85,28.3],[-101.86,28.31],[-101.86,28.32],[-101.87,28.32],[-101.87,28.33],[-101.87,28.34],[-101.88,28.35],[-101.88,28.36],[-101.88,28.37],[-101.89,28.38],[-101.89,28.39],[-101.89,28.4],[-101.89,28.41],[-101.89,28.42],[-101.9,28.42],[-101.9,28.43],[-101.9,28.44],[-101.89,28.44],[-101.88,28.43],[-101.87,28.42],[-101.86,28.42],[-101.86,28.41],[-101.85,28.4],[-101.85,28.39],[-101.84,28.38],[-101.84,28.37],[-101.84,28.35],[-101.83,28.35],[-101.83,28.34],[-101.83,28.33],[-101.83,28.32],[-101.83,28.31],[-101.83,28.3],[-101.83,28.29],[-101.84,28.29],[-101.85,28.29]],[[-106.48,29.7],[-106.48,29.69],[-106.47,29.69],[-106.47,29.68],[-106.47,29.67],[-106.47,29.66],[-106.47,29.65],[-106.46,29.65],[-106.46,29.64],[-106.45,29.64],[-106.45,29.63],[-106.46,29.63],[-106.46,29.62],[-106.47,29.62],[-106.48,29.62],[-106.49,29.63],[-106.5,29.63],[-106.51,29.63],[-106.52,29.64],[-106.53,29.64],[-106.53,29.65],[-106.54,29.65],[-106.54,29.66],[-106.54,29.67],[-106.55,29.68],[-106.55,29.69],[-106.54,29.7],[-106.53,29.7],[-106.53,29.71],[-106.52,29.71],[-106.52,29.72],[-106.53,29.73],[-106.53,29.74],[-106.54,29.74],[-106.55,29.75],[-106.56,29.75],[-106.56,29.76],[-106.57,29.76],[-106.57,29.77],[-106.57,29.78],[-106.56,29.79],[-106.55,29.79],[-106.54,29.79],[-106.53,29.78],[-106.52,29.78],[-106.52,29.77],[-106.51,29.77],[-106.5,29.77],[-106.49,29.76],[-106.48,29.75],[-106.47,29.74],[-106.47,29.72],[-106.48,29.71],[-106.48,29.7]],[[-106.3,29.74],[-106.31,29.74],[-106.31,29.75],[-106.32,29.75],[-106.32,29.76],[-106.33,29.77],[-106.33,29.78],[-106.33,29.79],[-106.33,29.8],[-106.33,29.81],[-106.34,29.82],[-106.35,29.83],[-106.35,29.84],[-106.35,29.85],[-106.35,29.86],[-106.34,29.87],[-106.33,29.87],[-106.33,29.86],[-106.32,29.86],[-106.31,29.85],[-106.31,29.84],[-106.31,29.83],[-106.31,29.82],[-106.3,29.8],[-106.3,29.79],[-106.3,29.78],[-106.3,29.77],[-106.29,29.76],[-106.28,29.75],[-106.28,29.74],[-106.29,29.73],[-106.3,29.73],[-106.3,29.74]],[[-104.36,29.85],[-104.37,29.85],[-104.38,29.85],[-104.38,29.86],[-104.39,29.86],[-104.4,29.86],[-104.4,29.87],[-104.41,29.87],[-104.41,29.88],[-104.42,29.88],[-104.43,29.88],[-104.44,29.88],[-104.44,29.89],[-104.44,29.9],[-104.45,29.9],[-104.45,29.91],[-104.46,29.91],[-104.46,29.92],[-104.47,29.92],[-104.48,29.92],[-104.49,29.92],[-104.5,29.92],[-104.5,29.93],[-104.51,29.93],[-104.51,29.94],[-104.5,29.94],[-104.49,29.94],[-104.49,29.95],[-104.48,29.95],[-104.47,29.96],[-104.46,29.96],[-104.45,29.96],[-104.44,29.96],[-104.44,29.95],[-104.43,29.95],[-104.43,29.94],[-104.43,29.93],[-104.43,29.92],[-104.43,29.91],[-104.42,29.91],[-104.41,29.91],[-104.41,29.9],[-104.4,29.9],[-104.4,29.89],[-104.39,29.88],[-104.38,29.88],[-104.38,29.87],[-104.37,29.87],[-104.37,29.86],[-104.36,29.86],[-104.36,29.85],[-104.36,29.85]],[[-106.67,29.89],[-106.67,29.88],[-106.68,29.88],[-106.69,29.89],[-106.7,29.9],[-106.7,29.91],[-106.71,29.92],[-106.71,29.93],[-106.71,29.94],[-106.71,29.95],[-106.71,29.96],[-106.71,29.97],[-106.71,29.98],[-106.71,29.99],[-106.71,30],[-106.72,30.01],[-106.72,30.02],[-106.73,30.03],[-106.73,30.04],[-106.72,30.04],[-106.71,30.05],[-106.7,30.06],[-106.7,30.07],[-106.69,30.07],[-106.68,30.07],[-106.67,30.07],[-106.66,30.06],[-106.65,30.05],[-106.65,30.04],[-106.65,30.03],[-106.65,30.02],[-106.65,30.01],[-106.65,30],[-106.65,29.99],[-106.65,29.98],[-106.65,29.97],[-106.65,29.96],[-106.66,29.95],[-106.66,29.94],[-106.66,29.93],[-106.66,29.92],[-106.66,29.91],[-106.66,29.9],[-106.67,29.89]],[[-105.28,29.89],[-105.29,29.9],[-105.29,29.91],[-105.29,29.92],[-105.29,29.93],[-105.29,29.94],[-105.3,29.95],[-105.29,29.95],[-105.29,29.96],[-105.28,29.96],[-105.27,29.97],[-105.26,29.96],[-105.25,29.95],[-105.25,29.94],[-105.25,29.93],[-105.25,29.92],[-105.25,29.91],[-105.26,29.91],[-105.26,29.9],[-105.27,29.89],[-105.28,29.89]],[[-105.15,29.74],[-105.16,29.75],[-105.16,29.76],[-105.16,29.77],[-105.16,29.78],[-105.15,29.79],[-105.14,29.79],[-105.14,29.8],[-105.13,29.8],[-105.12,29.81],[-105.11,29.81],[-105.11,29.8],[-105.11,29.78],[-105.11,29.77],[-105.11,29.76],[-105.11,29.75],[-105.11,29.74],[-105.12,29.74],[-105.13,29.74],[-105.13,29.73],[-105.14,29.73],[-105.15,29.73],[-105.15,29.74]],[[-103.45,30.12],[-103.56,30.29],[-103.45,30.12],[-103.45,30.12]],[[-103.43,30.29],[-103.13,30.54],[-103.43,30.29],[-103.43,30.29]],[[-103.52,30.36],[-103.51,30.35],[-103.51,30.34],[-103.5,30.34],[-103.5,30.33],[-103.5,30.32],[-103.5,30.31],[-103.5,30.3],[-103.51,30.3],[-103.52,30.3],[-103.53,30.3],[-103.54,30.3],[-103.54,30.31],[-103.55,30.31],[-103.55,30.32],[-103.54,30.32],[-103.54,30.33],[-103.54,30.34],[-103.53,30.35],[-103.53,30.36],[-103.52,30.36],[-103.52,30.36]],[[-104.6,30.36],[-104.69,30.54],[-104.6,30.36],[-104.6,30.36]],[[-107.64,30.53],[-107.65,30.53],[-107.65,30.52],[-107.66,30.52],[-107.66,30.51],[-107.66,30.5],[-107.66,30.49],[-107.67,30.48],[-107.68,30.48],[-107.69,30.48],[-107.7,30.48],[-107.7,30.49],[-107.71,30.5],[-107.72,30.51],[-107.73,30.52],[-107.74,30.53],[-107.74,30.54],[-107.75,30.54],[-107.76,30.54],[-107.77,30.54],[-107.78,30.54],[-107.78,30.55],[-107.78,30.56],[-107.77,30.56],[-107.76,30.57],[-107.75,30.57],[-107.74,30.58],[-107.73,30.59],[-107.73,30.6],[-107.72,30.6],[-107.72,30.61],[-107.71,30.62],[-107.71,30.63],[-107.7,30.63],[-107.69,30.64],[-107.68,30.64],[-107.67,30.64],[-107.66,30.63],[-107.65,30.63],[-107.64,30.62],[-107.63,30.61],[-107.63,30.6],[-107.63,30.59],[-107.63,30.57],[-107.62,30.57],[-107.62,30.56],[-107.62,30.55],[-107.63,30.54],[-107.64,30.53]],[[-105.4,30.61],[-105.41,30.61],[-105.42,30.62],[-105.43,30.62],[-105.44,30.63],[-105.44,30.64],[-105.45,30.64],[-105.45,30.65],[-105.45,30.66],[-105.45,30.67],[-105.46,30.69],[-105.46,30.7],[-105.47,30.71],[-105.47,30.72],[-105.48,30.73],[-105.48,30.74],[-105.48,30.75],[-105.47,30.76],[-105.46,30.76],[-105.46,30.75],[-105.45,30.75],[-105.45,30.74],[-105.44,30.73],[-105.44,30.72],[-105.43,30.71],[-105.42,30.7],[-105.41,30.69],[-105.4,30.68],[-105.39,30.67],[-105.39,30.66],[-105.38,30.65],[-105.38,30.64],[-105.38,30.63],[-105.38,30.62],[-105.39,30.61],[-105.4,30.61],[-105.4,30.61]],[[-104.09,30.75],[-104.12,30.95],[-103.72,30.53],[-104.09,30.75],[-104.09,30.75]],[[-107.7,30.81],[-107.69,30.81],[-107.69,30.8],[-107.69,30.79],[-107.7,30.79],[-107.71,30.78],[-107.72,30.78],[-107.73,30.78],[-107.74,30.78],[-107.75,30.78],[-107.75,30.79],[-107.76,30.79],[-107.76,30.8],[-107.77,30.81],[-107.77,30.82],[-107.78,30.82],[-107.79,30.83],[-107.79,30.84],[-107.79,30.85],[-107.8,30.85],[-107.8,30.86],[-107.81,30.86],[-107.81,30.87],[-107.81,30.88],[-107.81,30.89],[-107.8,30.89],[-107.8,30.9],[-107.79,30.9],[-107.78,30.9],[-107.77,30.9],[-107.76,30.9],[-107.75,30.9],[-107.74,30.9],[-107.73,30.89],[-107.72,30.88],[-107.72,30.87],[-107.71,30.87],[-107.7,30.86],[-107.69,30.85],[-107.69,30.84],[-107.7,30.83],[-107.7,30.82],[-107.7,30.81]],[[-105.14,30.9],[-105.14,30.91],[-105.15,30.91],[-105.15,30.92],[-105.15,30.93],[-105.15,30.94],[-105.14,30.94],[-105.14,30.95],[-105.15,30.95],[-105.16,30.95],[-105.16,30.96],[-105.17,30.96],[-105.17,30.97],[-105.17,30.98],[-105.16,30.98],[-105.15,30.98],[-105.14,30.98],[-105.14,30.99],[-105.13,30.99],[-105.12,30.99],[-105.12,30.98],[-105.11,30.98],[-105.1,30.98],[-105.1,30.97],[-105.09,30.97],[-105.09,30.96],[-105.09,30.95],[-105.09,30.94],[-105.08,30.94],[-105.07,30.93],[-105.06,30.92],[-105.06,30.91],[-105.05,30.91],[-105.05,30.9],[-105.05,30.89],[-105.06,30.89],[-105.06,30.88],[-105.07,30.88],[-105.08,30.88],[-105.08,30.89],[-105.09,30.9],[-105.1,30.9],[-105.1,30.89],[-105.11,30.89],[-105.12,30.89],[-105.12,30.9],[-105.13,30.9],[-105.14,30.9]],[[-108.93,30.99],[-109.13,30.98],[-108.68,31.31],[-108.92,30.99],[-108.93,30.99]],[[-109.96,31.24],[-109.97,31.23],[-109.98,31.23],[-109.99,31.23],[-110,31.23],[-110.01,31.23],[-110.02,31.23],[-110.03,31.23],[-110.04,31.24],[-110.05,31.25],[-110.06,31.25],[-110.06,31.26],[-110.07,31.26],[-110.08,31.27],[-110.08,31.28],[-110.07,31.29],[-110.06,31.29],[-110.05,31.29],[-110.04,31.29],[-110.03,31.29],[-110.02,31.29],[-110.01,31.29],[-110,31.3],[-109.99,31.31],[-109.99,31.32],[-109.99,31.33],[-109.98,31.33],[-109.95,31.33],[-109.94,31.32],[-109.94,31.31],[-109.95,31.31],[-109.95,31.3],[-109.95,31.29],[-109.96,31.29],[-109.96,31.28],[-109.97,31.28],[-109.97,31.27],[-109.96,31.26],[-109.96,31.25],[-109.96,31.24]],[[-110.27,31.32],[-110.28,31.32],[-110.29,31.31],[-110.3,31.3],[-110.31,31.3],[-110.32,31.3],[-110.33,31.3],[-110.34,31.3],[-110.35,31.31],[-110.35,31.32],[-110.36,31.32],[-110.36,31.33],[-110.35,31.33],[-110.34,31.33],[-110.33,31.33],[-110.32,31.33],[-110.3,31.33],[-110.29,31.33],[-110.27,31.33],[-110.26,31.33],[-110.27,31.32]],[[-104.94,31.33],[-104.94,31.34],[-104.94,31.35],[-104.95,31.35],[-104.95,31.36],[-104.95,31.37],[-104.95,31.38],[-104.96,31.38],[-104.96,31.39],[-104.96,31.4],[-104.96,31.41],[-104.96,31.42],[-104.96,31.43],[-104.96,31.44],[-104.96,31.45],[-104.95,31.45],[-104.94,31.45],[-104.94,31.46],[-104.93,31.46],[-104.92,31.46],[-104.91,31.47],[-104.9,31.46],[-104.9,31.45],[-104.9,31.44],[-104.9,31.43],[-104.9,31.42],[-104.9,31.41],[-104.89,31.41],[-104.89,31.4],[-104.89,31.39],[-104.88,31.39],[-104.88,31.38],[-104.88,31.37],[-104.89,31.37],[-104.89,31.36],[-104.9,31.36],[-104.91,31.36],[-104.91,31.35],[-104.91,31.34],[-104.91,31.33],[-104.91,31.32],[-104.91,31.31],[-104.9,31.31],[-104.89,31.31],[-104.89,31.3],[-104.89,31.29],[-104.89,31.28],[-104.89,31.27],[-104.9,31.26],[-104.9,31.25],[-104.91,31.25],[-104.91,31.24],[-104.91,31.23],[-104.92,31.23],[-104.93,31.23],[-104.93,31.24],[-104.93,31.25],[-104.93,31.26],[-104.93,31.27],[-104.93,31.28],[-104.93,31.29],[-104.93,31.3],[-104.93,31.31],[-104.93,31.32],[-104.94,31.32],[-104.94,31.33],[-104.94,31.33]],[[-110.25,31.37],[-110.42,31.5],[-110.25,31.37],[-110.25,31.37]],[[-108.8,31.54],[-108.8,31.55],[-108.81,31.55],[-108.81,31.56],[-108.81,31.57],[-108.81,31.58],[-108.81,31.59],[-108.81,31.6],[-108.8,31.6],[-108.79,31.6],[-108.78,31.6],[-108.77,31.6],[-108.76,31.6],[-108.75,31.6],[-108.75,31.59],[-108.75,31.58],[-108.74,31.58],[-108.74,31.57],[-108.74,31.56],[-108.74,31.55],[-108.74,31.54],[-108.75,31.53],[-108.75,31.52],[-108.75,31.51],[-108.76,31.51],[-108.76,31.5],[-108.76,31.49],[-108.77,31.49],[-108.78,31.5],[-108.78,31.51],[-108.79,31.52],[-108.79,31.53],[-108.79,31.54],[-108.8,31.54],[-108.8,31.54]],[[-109.06,31.26],[-109.07,31.27],[-109.07,31.28],[-109.06,31.29],[-109.06,31.3],[-109.05,31.31],[-109.04,31.32],[-109.03,31.32],[-109.02,31.32],[-109.01,31.31],[-109.01,31.3],[-109.01,31.29],[-109.01,31.28],[-109.02,31.28],[-109.02,31.27],[-109.03,31.27],[-109.04,31.26],[-109.05,31.26],[-109.06,31.26]],[[-104.42,31.16],[-104.43,31.17],[-104.44,31.17],[-104.44,31.18],[-104.45,31.18],[-104.45,31.19],[-104.46,31.19],[-104.47,31.19],[-104.47,31.2],[-104.48,31.2],[-104.48,31.21],[-104.48,31.22],[-104.48,31.23],[-104.47,31.23],[-104.46,31.23],[-104.45,31.23],[-104.45,31.22],[-104.44,31.22],[-104.43,31.22],[-104.43,31.21],[-104.42,31.21],[-104.41,31.21],[-104.4,31.21],[-104.4,31.2],[-104.39,31.2],[-104.38,31.2],[-104.37,31.2],[-104.36,31.2],[-104.36,31.19],[-104.35,31.19],[-104.34,31.19],[-104.33,31.19],[-104.33,31.18],[-104.32,31.18],[-104.31,31.18],[-104.3,31.18],[-104.3,31.17],[-104.29,31.17],[-104.28,31.17],[-104.27,31.17],[-104.27,31.16],[-104.26,31.16],[-104.26,31.15],[-104.25,31.15],[-104.26,31.15],[-104.26,31.14],[-104.27,31.14],[-104.28,31.14],[-104.29,31.14],[-104.3,31.14],[-104.31,31.14],[-104.32,31.14],[-104.33,31.14],[-104.34,31.14],[-104.35,31.14],[-104.36,31.14],[-104.36,31.15],[-104.37,31.15],[-104.38,31.15],[-104.38,31.16],[-104.39,31.16],[-104.4,31.15],[-104.41,31.15],[-104.41,31.16],[-104.42,31.16],[-104.42,31.16]],[[-108.58,31.15],[-108.58,31.14],[-108.58,31.13],[-108.58,31.12],[-108.57,31.11],[-108.57,31.1],[-108.56,31.09],[-108.56,31.07],[-108.55,31.06],[-108.55,31.05],[-108.55,31.04],[-108.56,31.03],[-108.57,31.03],[-108.58,31.04],[-108.58,31.05],[-108.59,31.06],[-108.59,31.07],[-108.6,31.08],[-108.61,31.09],[-108.62,31.1],[-108.63,31.1],[-108.64,31.11],[-108.64,31.12],[-108.64,31.13],[-108.63,31.14],[-108.63,31.15],[-108.62,31.15],[-108.62,31.16],[-108.61,31.16],[-108.6,31.16],[-108.59,31.16],[-108.58,31.15]],[[-105.9,31.03],[-105.91,31.04],[-105.92,31.05],[-105.92,31.06],[-105.93,31.07],[-105.93,31.08],[-105.93,31.09],[-105.93,31.1],[-105.93,31.11],[-105.92,31.11],[-105.91,31.11],[-105.9,31.11],[-105.89,31.1],[-105.88,31.1],[-105.88,31.09],[-105.87,31.08],[-105.86,31.08],[-105.85,31.07],[-105.84,31.05],[-105.84,31.04],[-105.84,31.03],[-105.85,31.03],[-105.86,31.03],[-105.87,31.03],[-105.88,31.03],[-105.89,31.03],[-105.9,31.03],[-105.9,31.03]],[[-102.88,30.26],[-102.87,30.26],[-102.86,30.26],[-102.85,30.26],[-102.84,30.26],[-102.83,30.26],[-102.82,30.26],[-102.83,30.25],[-102.82,30.25],[-102.81,30.25],[-102.81,30.24],[-102.8,30.24],[-102.8,30.23],[-102.8,30.22],[-102.79,30.21],[-102.79,30.2],[-102.79,30.19],[-102.8,30.19],[-102.81,30.19],[-102.81,30.2],[-102.82,30.2],[-102.83,30.2],[-102.83,30.21],[-102.84,30.21],[-102.85,30.22],[-102.86,30.22],[-102.87,30.21],[-102.86,30.21],[-102.85,30.21],[-102.85,30.2],[-102.86,30.2],[-102.87,30.2],[-102.88,30.2],[-102.89,30.2],[-102.89,30.21],[-102.89,30.22],[-102.9,30.22],[-102.9,30.21],[-102.91,30.21],[-102.91,30.22],[-102.92,30.22],[-102.92,30.23],[-102.93,30.23],[-102.94,30.23],[-102.95,30.23],[-102.95,30.22],[-102.95,30.23],[-102.96,30.23],[-102.97,30.23],[-102.97,30.24],[-102.96,30.24],[-102.96,30.25],[-102.95,30.25],[-102.95,30.26],[-102.94,30.26],[-102.93,30.26],[-102.93,30.25],[-102.92,30.25],[-102.91,30.26],[-102.9,30.26],[-102.89,30.26],[-102.88,30.26],[-102.88,30.26]],[[-108.4,31.67],[-108.39,31.67],[-108.39,31.66],[-108.38,31.66],[-108.38,31.65],[-108.37,31.65],[-108.37,31.64],[-108.37,31.63],[-108.37,31.62],[-108.36,31.62],[-108.36,31.61],[-108.37,31.61],[-108.38,31.61],[-108.39,31.61],[-108.39,31.62],[-108.4,31.62],[-108.4,31.63],[-108.41,31.63],[-108.41,31.64],[-108.42,31.64],[-108.42,31.65],[-108.41,31.65],[-108.4,31.65],[-108.4,31.66],[-108.4,31.67],[-108.4,31.67]],[[-110.83,31.67],[-110.84,31.66],[-110.84,31.67],[-110.85,31.67],[-110.85,31.68],[-110.86,31.68],[-110.86,31.69],[-110.87,31.69],[-110.87,31.68],[-110.88,31.68],[-110.88,31.67],[-110.89,31.68],[-110.9,31.68],[-110.89,31.68],[-110.89,31.69],[-110.9,31.69],[-110.91,31.69],[-110.9,31.69],[-110.9,31.7],[-110.91,31.7],[-110.91,31.71],[-110.91,31.72],[-110.9,31.72],[-110.9,31.71],[-110.9,31.72],[-110.89,31.72],[-110.89,31.71],[-110.88,31.71],[-110.88,31.7],[-110.88,31.71],[-110.87,31.71],[-110.87,31.7],[-110.87,31.71],[-110.86,31.71],[-110.86,31.72],[-110.86,31.73],[-110.86,31.74],[-110.86,31.75],[-110.85,31.75],[-110.85,31.74],[-110.84,31.74],[-110.83,31.74],[-110.82,31.74],[-110.81,31.73],[-110.81,31.72],[-110.82,31.72],[-110.83,31.72],[-110.83,31.71],[-110.83,31.7],[-110.82,31.7],[-110.82,31.69],[-110.83,31.69],[-110.83,31.68],[-110.83,31.67],[-110.83,31.67]],[[-109.3,31.75],[-109.35,32.1],[-109.29,31.75],[-109.3,31.75]],[[-110.5,32.09],[-110.5,32.08],[-110.5,32.07],[-110.51,32.07],[-110.51,32.08],[-110.52,32.08],[-110.53,32.08],[-110.53,32.09],[-110.54,32.09],[-110.55,32.09],[-110.55,32.1],[-110.56,32.1],[-110.56,32.11],[-110.56,32.12],[-110.55,32.12],[-110.55,32.13],[-110.54,32.13],[-110.54,32.14],[-110.54,32.15],[-110.54,32.16],[-110.55,32.16],[-110.55,32.17],[-110.56,32.17],[-110.57,32.17],[-110.58,32.17],[-110.58,32.18],[-110.59,32.18],[-110.6,32.18],[-110.61,32.18],[-110.62,32.18],[-110.62,32.17],[-110.63,32.17],[-110.64,32.17],[-110.65,32.17],[-110.66,32.17],[-110.66,32.18],[-110.67,32.18],[-110.68,32.18],[-110.67,32.18],[-110.67,32.19],[-110.66,32.19],[-110.66,32.2],[-110.65,32.2],[-110.64,32.2],[-110.64,32.21],[-110.63,32.21],[-110.62,32.21],[-110.61,32.21],[-110.6,32.21],[-110.6,32.22],[-110.59,32.22],[-110.58,32.23],[-110.57,32.24],[-110.56,32.24],[-110.55,32.25],[-110.54,32.25],[-110.53,32.25],[-110.52,32.26],[-110.51,32.26],[-110.51,32.25],[-110.5,32.25],[-110.5,32.24],[-110.49,32.24],[-110.48,32.24],[-110.48,32.23],[-110.47,32.23],[-110.47,32.22],[-110.48,32.22],[-110.48,32.21],[-110.49,32.22],[-110.5,32.22],[-110.5,32.21],[-110.51,32.21],[-110.51,32.2],[-110.52,32.2],[-110.51,32.2],[-110.52,32.19],[-110.51,32.19],[-110.51,32.18],[-110.51,32.17],[-110.51,32.16],[-110.51,32.15],[-110.51,32.14],[-110.51,32.13],[-110.5,32.13],[-110.5,32.12],[-110.5,32.11],[-110.5,32.1],[-110.5,32.09]],[[-106.51,32.22],[-106.59,32.41],[-106.51,32.22],[-106.51,32.22]],[[-110.05,32.33],[-110.06,32.33],[-110.06,32.32],[-110.07,32.33],[-110.08,32.33],[-110.08,32.34],[-110.08,32.35],[-110.09,32.35],[-110.1,32.36],[-110.11,32.36],[-110.11,32.37],[-110.1,32.37],[-110.11,32.37],[-110.11,32.38],[-110.12,32.38],[-110.11,32.38],[-110.11,32.39],[-110.12,32.39],[-110.11,32.39],[-110.11,32.4],[-110.12,32.4],[-110.12,32.41],[-110.11,32.41],[-110.1,32.41],[-110.1,32.4],[-110.09,32.4],[-110.09,32.39],[-110.08,32.39],[-110.07,32.39],[-110.07,32.4],[-110.06,32.39],[-110.06,32.38],[-110.07,32.38],[-110.07,32.37],[-110.06,32.37],[-110.06,32.36],[-110.07,32.36],[-110.06,32.35],[-110.07,32.35],[-110.06,32.35],[-110.06,32.34],[-110.06,32.33],[-110.05,32.33],[-110.05,32.33]],[[-107.64,32.11],[-107.64,32.12],[-107.65,32.12],[-107.64,32.13],[-107.65,32.13],[-107.65,32.14],[-107.65,32.15],[-107.65,32.16],[-107.65,32.17],[-107.64,32.17],[-107.64,32.16],[-107.63,32.16],[-107.62,32.16],[-107.61,32.16],[-107.6,32.15],[-107.6,32.14],[-107.59,32.14],[-107.59,32.13],[-107.59,32.12],[-107.6,32.12],[-107.6,32.11],[-107.6,32.1],[-107.6,32.09],[-107.59,32.09],[-107.59,32.08],[-107.59,32.07],[-107.59,32.06],[-107.59,32.05],[-107.59,32.04],[-107.59,32.03],[-107.6,32.03],[-107.6,32.04],[-107.61,32.04],[-107.62,32.04],[-107.63,32.04],[-107.64,32.04],[-107.65,32.04],[-107.66,32.04],[-107.66,32.05],[-107.67,32.05],[-107.67,32.06],[-107.66,32.06],[-107.66,32.07],[-107.66,32.08],[-107.66,32.09],[-107.65,32.09],[-107.64,32.09],[-107.64,32.1],[-107.64,32.11],[-107.64,32.11]],[[-106.56,32.45],[-106.61,32.85],[-106.56,32.45],[-106.56,32.45]],[[-107.2,32.95],[-107.2,32.94],[-107.2,32.93],[-107.21,32.93],[-107.21,32.92],[-107.21,32.91],[-107.22,32.91],[-107.23,32.91],[-107.24,32.91],[-107.24,32.92],[-107.24,32.93],[-107.24,32.94],[-107.23,32.94],[-107.23,32.95],[-107.24,32.95],[-107.24,32.96],[-107.24,32.97],[-107.23,32.97],[-107.23,32.98],[-107.24,32.98],[-107.24,32.99],[-107.24,33],[-107.23,33],[-107.22,33],[-107.22,32.99],[-107.21,32.98],[-107.21,32.97],[-107.2,32.97],[-107.2,32.96],[-107.2,32.95],[-107.2,32.95]],[[-106.6,33.04],[-106.59,33.04],[-106.6,33.04],[-106.6,33.03],[-106.61,33.03],[-106.62,33.03],[-106.63,33.03],[-106.63,33.04],[-106.64,33.04],[-106.64,33.03],[-106.65,33.03],[-106.66,33.03],[-106.66,33.04],[-106.66,33.05],[-106.67,33.05],[-106.67,33.06],[-106.68,33.06],[-106.68,33.07],[-106.68,33.08],[-106.67,33.08],[-106.67,33.09],[-106.66,33.09],[-106.66,33.1],[-106.65,33.09],[-106.64,33.09],[-106.63,33.09],[-106.62,33.09],[-106.62,33.1],[-106.61,33.1],[-106.6,33.09],[-106.61,33.09],[-106.62,33.09],[-106.62,33.08],[-106.63,33.08],[-106.62,33.08],[-106.61,33.08],[-106.61,33.07],[-106.61,33.06],[-106.62,33.06],[-106.62,33.05],[-106.61,33.05],[-106.6,33.05],[-106.6,33.04],[-106.6,33.04]],[[-106.72,33.09],[-106.59,33.32],[-106.72,33.1],[-106.72,33.09]],[[-110.26,32.46],[-110.25,32.45],[-110.26,32.45],[-110.26,32.46],[-110.27,32.46],[-110.27,32.47],[-110.27,32.48],[-110.27,32.49],[-110.28,32.49],[-110.28,32.5],[-110.29,32.5],[-110.29,32.51],[-110.28,32.51],[-110.29,32.52],[-110.29,32.53],[-110.28,32.53],[-110.28,32.54],[-110.28,32.55],[-110.29,32.55],[-110.29,32.56],[-110.28,32.56],[-110.29,32.57],[-110.3,32.57],[-110.31,32.57],[-110.32,32.57],[-110.32,32.58],[-110.33,32.58],[-110.34,32.58],[-110.34,32.57],[-110.35,32.57],[-110.36,32.57],[-110.36,32.58],[-110.35,32.59],[-110.35,32.6],[-110.35,32.61],[-110.36,32.61],[-110.37,32.61],[-110.37,32.62],[-110.37,32.63],[-110.38,32.63],[-110.39,32.63],[-110.39,32.64],[-110.39,32.65],[-110.39,32.66],[-110.4,32.66],[-110.41,32.66],[-110.41,32.67],[-110.42,32.67],[-110.42,32.68],[-110.42,32.69],[-110.41,32.69],[-110.41,32.7],[-110.4,32.7],[-110.39,32.7],[-110.38,32.69],[-110.37,32.69],[-110.36,32.69],[-110.36,32.68],[-110.35,32.68],[-110.34,32.67],[-110.34,32.66],[-110.33,32.66],[-110.32,32.66],[-110.32,32.65],[-110.31,32.65],[-110.3,32.66],[-110.29,32.66],[-110.29,32.65],[-110.28,32.65],[-110.28,32.64],[-110.27,32.64],[-110.27,32.63],[-110.27,32.62],[-110.28,32.62],[-110.28,32.61],[-110.27,32.61],[-110.26,32.61],[-110.26,32.6],[-110.26,32.59],[-110.27,32.59],[-110.27,32.58],[-110.28,32.58],[-110.27,32.57],[-110.27,32.56],[-110.27,32.55],[-110.26,32.55],[-110.26,32.54],[-110.27,32.54],[-110.27,32.53],[-110.26,32.52],[-110.25,32.51],[-110.24,32.51],[-110.24,32.5],[-110.24,32.49],[-110.25,32.49],[-110.25,32.48],[-110.24,32.48],[-110.24,32.47],[-110.25,32.47],[-110.25,32.48],[-110.25,32.47],[-110.26,32.47],[-110.26,32.46]],[[-109.98,32.69],[-109.78,32.62],[-109.98,32.69],[-109.98,32.69]],[[-110.22,32.87],[-110.23,32.86],[-110.24,32.86],[-110.25,32.86],[-110.26,32.86],[-110.26,32.87],[-110.25,32.87],[-110.24,32.87],[-110.23,32.87],[-110.23,32.88],[-110.22,32.88],[-110.21,32.89],[-110.21,32.88],[-110.2,32.88],[-110.2,32.89],[-110.19,32.89],[-110.19,32.9],[-110.18,32.9],[-110.18,32.91],[-110.17,32.91],[-110.17,32.9],[-110.17,32.89],[-110.17,32.88],[-110.18,32.88],[-110.19,32.88],[-110.19,32.87],[-110.2,32.87],[-110.21,32.87],[-110.22,32.87],[-110.22,32.87]],[[-110.29,32.96],[-110.29,32.95],[-110.29,32.96],[-110.3,32.96],[-110.3,32.97],[-110.31,32.97],[-110.31,32.98],[-110.3,32.98],[-110.29,32.98],[-110.28,32.98],[-110.28,32.99],[-110.27,32.99],[-110.27,32.98],[-110.28,32.98],[-110.28,32.97],[-110.28,32.96],[-110.29,32.96],[-110.29,32.96]],[[-110.3,33.04],[-110.31,33.04],[-110.31,33.03],[-110.31,33.02],[-110.32,33.02],[-110.32,33.03],[-110.33,33.03],[-110.33,33.04],[-110.32,33.04],[-110.31,33.04],[-110.31,33.05],[-110.3,33.05],[-110.29,33.06],[-110.29,33.07],[-110.28,33.08],[-110.28,33.09],[-110.27,33.09],[-110.26,33.09],[-110.25,33.09],[-110.25,33.08],[-110.25,33.07],[-110.24,33.07],[-110.23,33.07],[-110.24,33.06],[-110.25,33.06],[-110.26,33.06],[-110.26,33.07],[-110.26,33.06],[-110.27,33.06],[-110.27,33.07],[-110.28,33.07],[-110.28,33.06],[-110.29,33.06],[-110.29,33.05],[-110.28,33.05],[-110.28,33.04],[-110.29,33.04],[-110.3,33.04],[-110.3,33.04]],[[-110.69,32.36],[-110.89,32.37],[-110.68,32.36],[-110.69,32.36]],[[-110.01,30.32],[-110,30.32],[-109.99,30.31],[-109.98,30.31],[-109.97,30.31],[-109.97,30.3],[-109.96,30.3],[-109.95,30.3],[-109.94,30.3],[-109.93,30.3],[-109.92,30.3],[-109.91,30.29],[-109.9,30.28],[-109.89,30.27],[-109.88,30.27],[-109.88,30.26],[-109.88,30.25],[-109.88,30.24],[-109.89,30.24],[-109.9,30.23],[-109.91,30.22],[-109.91,30.21],[-109.91,30.2],[-109.92,30.2],[-109.93,30.2],[-109.94,30.2],[-109.95,30.2],[-109.95,30.19],[-109.96,30.18],[-109.96,30.17],[-109.97,30.17],[-109.98,30.17],[-109.99,30.17],[-110,30.18],[-110.01,30.18],[-110.01,30.19],[-110.01,30.2],[-110.02,30.21],[-110.02,30.22],[-110.02,30.23],[-110.02,30.24],[-110.02,30.25],[-110.01,30.26],[-110,30.26],[-109.99,30.25],[-109.98,30.25],[-109.97,30.25],[-109.96,30.25],[-109.95,30.25],[-109.94,30.26],[-109.95,30.27],[-109.96,30.28],[-109.97,30.28],[-109.98,30.28],[-109.99,30.28],[-110,30.28],[-110.01,30.28],[-110.02,30.29],[-110.03,30.29],[-110.03,30.3],[-110.04,30.3],[-110.04,30.31],[-110.03,30.31],[-110.03,30.32],[-110.02,30.32],[-110.01,30.32]],[[-109.92,30.17],[-109.92,30.18],[-109.91,30.18],[-109.91,30.19],[-109.9,30.19],[-109.89,30.19],[-109.89,30.18],[-109.89,30.17],[-109.89,30.16],[-109.88,30.15],[-109.88,30.14],[-109.87,30.13],[-109.87,30.12],[-109.87,30.11],[-109.86,30.11],[-109.87,30.1],[-109.88,30.09],[-109.89,30.09],[-109.9,30.09],[-109.91,30.09],[-109.92,30.1],[-109.93,30.09],[-109.94,30.09],[-109.95,30.09],[-109.96,30.1],[-109.96,30.11],[-109.96,30.12],[-109.96,30.13],[-109.95,30.13],[-109.94,30.13],[-109.93,30.12],[-109.92,30.12],[-109.91,30.12],[-109.91,30.13],[-109.91,30.14],[-109.91,30.15],[-109.92,30.15],[-109.92,30.16],[-109.92,30.17],[-109.92,30.17]],[[-109.48,30.68],[-109.49,30.69],[-109.5,30.69],[-109.5,30.7],[-109.51,30.7],[-109.51,30.71],[-109.51,30.72],[-109.5,30.72],[-109.5,30.73],[-109.49,30.73],[-109.48,30.73],[-109.47,30.73],[-109.46,30.72],[-109.46,30.71],[-109.46,30.7],[-109.46,30.69],[-109.47,30.69],[-109.48,30.68],[-109.48,30.68]],[[-103.79,25.74],[-103.8,25.75],[-103.81,25.76],[-103.82,25.77],[-103.83,25.78],[-103.84,25.79],[-103.85,25.8],[-103.84,25.81],[-103.84,25.82],[-103.83,25.82],[-103.82,25.82],[-103.81,25.81],[-103.8,25.8],[-103.79,25.79],[-103.78,25.79],[-103.78,25.78],[-103.77,25.77],[-103.76,25.75],[-103.75,25.73],[-103.75,25.72],[-103.75,25.71],[-103.76,25.71],[-103.77,25.71],[-103.78,25.71],[-103.78,25.72],[-103.79,25.73],[-103.79,25.74]],[[-103.94,25.74],[-103.77,25.37],[-103.95,25.74],[-103.94,25.74]],[[-101.15,25.58],[-101.16,25.58],[-101.17,25.58],[-101.18,25.58],[-101.19,25.58],[-101.2,25.58],[-101.2,25.59],[-101.21,25.59],[-101.21,25.6],[-101.21,25.61],[-101.2,25.61],[-101.2,25.62],[-101.19,25.62],[-101.18,25.62],[-101.17,25.62],[-101.17,25.61],[-101.16,25.61],[-101.15,25.61],[-101.14,25.61],[-101.14,25.6],[-101.14,25.59],[-101.14,25.58],[-101.15,25.58],[-101.15,25.58]],[[-101.1,25.53],[-101.1,25.54],[-101.09,25.54],[-101.08,25.53],[-101.07,25.52],[-101.07,25.51],[-101.07,25.5],[-101.07,25.49],[-101.08,25.49],[-101.09,25.49],[-101.1,25.49],[-101.11,25.49],[-101.11,25.5],[-101.11,25.51],[-101.12,25.52],[-101.11,25.53],[-101.1,25.53]],[[-101.18,25.32],[-101.18,25.33],[-101.19,25.33],[-101.2,25.33],[-101.2,25.34],[-101.19,25.35],[-101.18,25.35],[-101.17,25.35],[-101.17,25.36],[-101.16,25.36],[-101.15,25.36],[-101.14,25.36],[-101.12,25.36],[-101.11,25.36],[-101.1,25.36],[-101.09,25.36],[-101.09,25.35],[-101.08,25.34],[-101.09,25.34],[-101.1,25.33],[-101.11,25.33],[-101.12,25.33],[-101.12,25.32],[-101.13,25.32],[-101.14,25.31],[-101.15,25.31],[-101.16,25.32],[-101.17,25.32],[-101.18,25.32]]]]},"bbox":[-111.67,24.2,-100.45,34.27]},{"type":"Feature","properties":{},"geometry":{"type":"Polygon","coordinates":[[[-107.69,40.2],[-109.08,40.83],[-110.96,40.46],[-110.77,40.38],[-111.02,40.1],[-110.47,39.82],[-111.21,39.58],[-111.3,38.09],[-112.32,37.43],[-113.12,37.47],[-113.36,36.92],[-114.07,36.67],[-113.76,36.03],[-113.47,35.9],[-113.14,36.21],[-113.37,35.65],[-114.03,35.85],[-112.24,34.54],[-112.78,35.38],[-112.08,35.67],[-112.45,36.12],[-111.86,36.02],[-111.2,34.96],[-110.33,34.44],[-108.98,34.12],[-107.64,34.45],[-107.33,34.12],[-107.64,34.28],[-108.31,33.72],[-107.27,33.85],[-106.6,34.37],[-106.37,35.32],[-105.87,35.44],[-105.38,37.2],[-105.99,38.38],[-106.52,37.71],[-105.93,36.53],[-106.61,36.22],[-106.16,35.95],[-106.79,35.57],[-107.65,37.27],[-107.98,37.16],[-108.63,37.61],[-108.2,38.09],[-108.65,38.77],[-107.83,38.21],[-107.51,38.35],[-107.71,38.89],[-108.25,39.02],[-107.89,39.21],[-107.99,39.44],[-107.48,39.49],[-107.92,39.84],[-107.69,40.2],[-107.69,40.2]],[[-108.69,38.93],[-108.85,38.8],[-108.69,38.93],[-108.69,38.93]],[[-109.19,38.61],[-109.24,38.33],[-109.2,38.62],[-109.19,38.61]],[[-110.77,38.15],[-110.74,37.95],[-110.77,38.15],[-110.77,38.15]],[[-109.5,37.92],[-109.35,37.78],[-109.5,37.92],[-109.5,37.92]],[[-112.15,36.89],[-111.91,36.14],[-112.45,36.41],[-112.15,36.89],[-112.15,36.89]],[[-109.13,36.88],[-108.67,36],[-109.18,35.41],[-109.42,35.88],[-109.14,36.89],[-109.13,36.88]],[[-107.32,35.61],[-107.36,35.1],[-107.76,35.12],[-107.32,35.61],[-107.32,35.61]],[[-108.5,35.47],[-107.93,34.98],[-108.22,34.79],[-108.5,35.47],[-108.5,35.47]],[[-107.76,34.98],[-107.84,34.68],[-107.76,34.98],[-107.76,34.98]]]},"bbox":[-114.07,33.72,-105.38,40.83]},{"type":"Feature","properties":{},"geometry":{"type":"MultiPolygon","coordinates":[[[[-75.79,20.07],[-76.78,19.95],[-75.57,19.89],[-75.78,20.06],[-75.79,20.07]]],[[[-74.23,20.12],[-74.22,20.32],[-75.31,20.02],[-74.23,20.09],[-74.23,20.12]]],[[[-76.5,21.28],[-76.12,21.13],[-76.48,21.28],[-76.5,21.28]]],[[[-84.36,21.84],[-84.16,21.93],[-84.44,21.78],[-84.36,21.84]]],[[[-80.43,22.07],[-80.12,21.82],[-80.42,22.06],[-80.43,22.07]]],[[[-82.38,23.15],[-82.76,23.03],[-82.37,23.15],[-82.38,23.15]]],[[[-82.02,23.19],[-82.22,23.18],[-81.42,23.07],[-82.01,23.18],[-82.02,23.19]]]]},"bbox":[-84.44,19.89,-74.22,23.19]},{"type":"Feature","properties":{},"geometry":{"type":"MultiPolygon","coordinates":[[[[80.25,9.82],[79.93,8.84],[80.46,9.46],[80.26,9.8],[80.25,9.82]]],[[[75.19,21.07],[74.48,21.89],[73.86,20.39],[74.4,15.88],[75.43,14.49],[75.96,14.23],[76.51,13],[77.91,13.15],[78.37,12.65],[79.12,12.96],[79.34,12.61],[78.03,9.74],[77.62,8.54],[77.85,8.25],[78.41,9.1],[79.28,9.25],[78.8,9.79],[79.55,11.69],[79.55,13.19],[80.15,15.66],[81.12,16],[79.97,16.68],[79.3,15.95],[79.23,14.43],[77.82,15.01],[77.78,15.76],[78.2,16.31],[77.43,16.72],[77.27,18.22],[76.68,19.26],[74.49,20.13],[74.62,20.57],[75.88,20.81],[75.26,21.07],[75.19,21.07]]]]},"bbox":[73.86,8.25,81.12,21.89]},{"type":"Feature","properties":{},"geometry":{"type":"MultiPolygon","coordinates":[[[[39.95,15.88],[40.42,15.55],[39.96,15.87],[39.95,15.88]]],[[[38.4,18.16],[38.21,17.89],[38.65,16.06],[39.73,14.87],[39.88,14.04],[39.52,12.37],[39.89,9.82],[39.22,8.53],[38.7,8.34],[38.35,7.67],[38.51,6.96],[38.99,8.16],[41.21,9.37],[43.01,9.75],[43.93,10.62],[43.49,11.36],[42.7,11.54],[43.33,12.07],[41.99,13.81],[39.83,15.47],[39.8,15.06],[38.4,18.16],[38.4,18.16]],[[39.83,13.55],[39.84,13.55],[39.84,13.54],[39.85,13.54],[39.85,13.53],[39.84,13.53],[39.83,13.53],[39.82,13.53],[39.81,13.53],[39.81,13.54],[39.82,13.54],[39.83,13.54],[39.83,13.55],[39.83,13.55]],[[39.87,13.45],[39.87,13.44],[39.88,13.44],[39.88,13.43],[39.88,13.44],[39.88,13.45],[39.89,13.45],[39.89,13.44],[39.88,13.44],[39.89,13.44],[39.89,13.43],[39.89,13.44],[39.9,13.44],[39.9,13.43],[39.91,13.43],[39.91,13.42],[39.91,13.43],[39.92,13.43],[39.92,13.42],[39.92,13.41],[39.93,13.41],[39.92,13.41],[39.91,13.41],[39.91,13.4],[39.92,13.4],[39.92,13.39],[39.92,13.38],[39.91,13.38],[39.91,13.37],[39.91,13.38],[39.9,13.38],[39.9,13.37],[39.9,13.36],[39.89,13.36],[39.89,13.37],[39.89,13.38],[39.89,13.39],[39.88,13.39],[39.88,13.4],[39.88,13.41],[39.88,13.42],[39.87,13.42],[39.87,13.43],[39.87,13.44],[39.86,13.44],[39.87,13.44],[39.87,13.45]],[[39.95,13.12],[39.96,13.12],[39.96,13.11],[39.96,13.1],[39.97,13.1],[39.98,13.1],[39.98,13.09],[39.99,13.09],[39.98,13.09],[39.98,13.08],[39.97,13.08],[39.96,13.08],[39.97,13.08],[39.97,13.07],[39.97,13.06],[39.98,13.06],[39.97,13.06],[39.97,13.05],[39.97,13.04],[39.96,13.04],[39.96,13.03],[39.96,13.04],[39.95,13.04],[39.95,13.03],[39.94,13.03],[39.94,13.02],[39.95,13.02],[39.95,13.01],[39.95,13],[39.95,12.99],[39.94,12.99],[39.94,13],[39.94,13.01],[39.94,13.02],[39.94,13.03],[39.93,13.03],[39.92,13.03],[39.92,13.04],[39.92,13.05],[39.93,13.05],[39.92,13.05],[39.92,13.06],[39.93,13.06],[39.93,13.07],[39.93,13.08],[39.94,13.08],[39.94,13.09],[39.94,13.1],[39.94,13.11],[39.94,13.1],[39.94,13.09],[39.95,13.09],[39.95,13.1],[39.94,13.1],[39.95,13.1],[39.94,13.1],[39.94,13.11],[39.94,13.12],[39.95,13.12],[39.95,13.12]],[[39.95,12.98],[39.96,12.98],[39.96,12.97],[39.97,12.97],[39.98,12.97],[39.99,12.97],[39.99,12.96],[39.98,12.96],[39.99,12.96],[39.99,12.95],[40,12.95],[40,12.94],[39.99,12.94],[39.99,12.93],[40,12.93],[40,12.92],[40,12.91],[40,12.9],[40,12.89],[40.01,12.89],[40.02,12.89],[40.02,12.88],[40.01,12.88],[40.01,12.87],[40,12.87],[39.99,12.87],[39.99,12.85],[39.99,12.84],[40,12.84],[39.99,12.84],[40,12.84],[40,12.83],[39.99,12.83],[39.99,12.84],[39.99,12.85],[39.98,12.85],[39.98,12.86],[39.98,12.87],[39.97,12.87],[39.98,12.87],[39.98,12.88],[39.98,12.89],[39.98,12.9],[39.98,12.91],[39.98,12.92],[39.99,12.92],[39.99,12.93],[39.98,12.93],[39.98,12.94],[39.98,12.95],[39.98,12.94],[39.97,12.94],[39.97,12.95],[39.97,12.96],[39.96,12.96],[39.96,12.97],[39.95,12.97],[39.95,12.98],[39.95,12.98]],[[39.85,12.83],[39.86,12.83],[39.86,12.82],[39.85,12.82],[39.86,12.82],[39.86,12.81],[39.86,12.82],[39.87,12.82],[39.88,12.82],[39.88,12.81],[39.88,12.8],[39.89,12.8],[39.89,12.79],[39.89,12.78],[39.89,12.77],[39.9,12.77],[39.9,12.76],[39.9,12.75],[39.89,12.75],[39.9,12.75],[39.89,12.75],[39.89,12.74],[39.88,12.74],[39.89,12.74],[39.89,12.73],[39.89,12.72],[39.9,12.72],[39.9,12.71],[39.9,12.7],[39.9,12.69],[39.89,12.69],[39.89,12.68],[39.89,12.67],[39.89,12.68],[39.88,12.68],[39.88,12.69],[39.88,12.68],[39.87,12.68],[39.87,12.69],[39.86,12.69],[39.86,12.7],[39.86,12.71],[39.85,12.71],[39.85,12.72],[39.85,12.71],[39.84,12.71],[39.84,12.72],[39.85,12.72],[39.85,12.73],[39.84,12.73],[39.85,12.73],[39.85,12.74],[39.85,12.75],[39.86,12.75],[39.85,12.75],[39.85,12.76],[39.85,12.77],[39.84,12.77],[39.84,12.78],[39.85,12.78],[39.85,12.79],[39.85,12.8],[39.85,12.81],[39.84,12.81],[39.84,12.82],[39.84,12.83],[39.83,12.83],[39.84,12.83],[39.85,12.83],[39.85,12.83]],[[39.82,12.67],[39.82,12.66],[39.83,12.66],[39.83,12.65],[39.84,12.65],[39.84,12.64],[39.84,12.63],[39.85,12.63],[39.84,12.63],[39.84,12.62],[39.83,12.62],[39.82,12.62],[39.82,12.63],[39.82,12.62],[39.83,12.62],[39.83,12.63],[39.82,12.63],[39.82,12.64],[39.82,12.65],[39.82,12.66],[39.82,12.67],[39.82,12.68],[39.82,12.69],[39.82,12.68],[39.82,12.67]],[[39.62,12.63],[39.61,12.63],[39.61,12.64],[39.62,12.64],[39.63,12.64],[39.63,12.65],[39.63,12.64],[39.63,12.65],[39.64,12.65],[39.64,12.64],[39.63,12.64],[39.63,12.63],[39.64,12.63],[39.63,12.63],[39.62,12.63],[39.62,12.63]],[[39.86,12.68],[39.87,12.68],[39.86,12.68],[39.86,12.68]],[[39.82,12.69],[39.81,12.69],[39.81,12.7],[39.81,12.71],[39.81,12.72],[39.81,12.73],[39.82,12.73],[39.82,12.72],[39.83,12.72],[39.83,12.71],[39.82,12.71],[39.82,12.72],[39.82,12.71],[39.82,12.7],[39.82,12.69],[39.82,12.69]],[[39.65,12.72],[39.65,12.71],[39.65,12.72],[39.64,12.72],[39.64,12.73],[39.65,12.73],[39.65,12.72],[39.65,12.72]],[[39.83,12.71],[39.83,12.71],[39.83,12.71],[39.83,12.71],[39.83,12.71],[39.83,12.71],[39.83,12.71],[39.83,12.71],[39.83,12.71],[39.83,12.71],[39.83,12.71],[39.83,12.71],[39.83,12.71]],[[39.83,12.7],[39.84,12.7],[39.83,12.7],[39.83,12.7]],[[39.8,12.61],[39.8,12.62],[39.8,12.61],[39.81,12.61],[39.81,12.6],[39.82,12.6],[39.82,12.59],[39.81,12.59],[39.8,12.59],[39.8,12.58],[39.8,12.59],[39.8,12.6],[39.8,12.61],[39.8,12.61]],[[39.85,12.6],[39.85,12.6],[39.85,12.6],[39.85,12.6],[39.85,12.6],[39.85,12.6],[39.85,12.6],[39.85,12.6],[39.85,12.59],[39.85,12.59],[39.85,12.59],[39.85,12.59],[39.85,12.59],[39.85,12.59],[39.85,12.59],[39.85,12.59],[39.85,12.59],[39.85,12.59],[39.85,12.59],[39.85,12.59],[39.85,12.59],[39.85,12.59],[39.85,12.6]],[[42.32,12.59],[42.32,12.59],[42.32,12.59],[42.32,12.59],[42.32,12.59],[42.32,12.59],[42.32,12.59]],[[39.64,12.56],[39.64,12.55],[39.63,12.55],[39.62,12.55],[39.62,12.56],[39.63,12.56],[39.64,12.56],[39.64,12.56]],[[39.78,12.54],[39.79,12.54],[39.79,12.53],[39.8,12.53],[39.8,12.52],[39.81,12.52],[39.8,12.52],[39.8,12.51],[39.8,12.5],[39.8,12.49],[39.8,12.48],[39.81,12.48],[39.81,12.47],[39.8,12.47],[39.81,12.47],[39.81,12.48],[39.8,12.48],[39.8,12.47],[39.8,12.48],[39.79,12.48],[39.79,12.49],[39.78,12.49],[39.79,12.49],[39.78,12.49],[39.78,12.48],[39.78,12.49],[39.77,12.49],[39.77,12.5],[39.78,12.5],[39.78,12.51],[39.77,12.51],[39.77,12.52],[39.77,12.53],[39.78,12.53],[39.78,12.54],[39.78,12.54]],[[39.79,12.47],[39.79,12.46],[39.78,12.46],[39.78,12.47],[39.79,12.47],[39.79,12.47]],[[39.78,12.4],[39.79,12.4],[39.79,12.39],[39.78,12.39],[39.78,12.4],[39.78,12.4]],[[39.73,12.39],[39.74,12.39],[39.74,12.38],[39.74,12.39],[39.74,12.38],[39.73,12.38],[39.73,12.39],[39.72,12.39],[39.72,12.38],[39.73,12.38],[39.72,12.38],[39.72,12.37],[39.72,12.38],[39.73,12.38],[39.73,12.37],[39.72,12.37],[39.71,12.37],[39.72,12.37],[39.71,12.37],[39.71,12.36],[39.72,12.36],[39.73,12.36],[39.74,12.36],[39.73,12.36],[39.73,12.35],[39.72,12.35],[39.72,12.34],[39.73,12.34],[39.73,12.33],[39.72,12.33],[39.72,12.34],[39.72,12.35],[39.71,12.35],[39.71,12.36],[39.71,12.37],[39.71,12.38],[39.72,12.38],[39.72,12.39],[39.73,12.39],[39.73,12.4],[39.73,12.39],[39.73,12.39]],[[39.73,12.32],[39.73,12.32],[39.73,12.32],[39.73,12.32],[39.73,12.32],[39.73,12.32],[39.73,12.32],[39.73,12.32],[39.73,12.32],[39.73,12.32],[39.73,12.32],[39.73,12.32],[39.73,12.32],[39.73,12.32],[39.73,12.32],[39.73,12.32],[39.73,12.32],[39.73,12.32],[39.73,12.32]],[[39.74,12.3],[39.77,12.1],[39.74,12.3],[39.74,12.3]],[[39.74,11.99],[39.74,11.98],[39.75,11.98],[39.76,11.98],[39.76,11.97],[39.77,11.97],[39.77,11.96],[39.78,11.96],[39.79,11.96],[39.79,11.97],[39.8,11.97],[39.8,11.96],[39.79,11.96],[39.79,11.95],[39.8,11.95],[39.79,11.95],[39.78,11.95],[39.77,11.95],[39.76,11.95],[39.76,11.94],[39.75,11.94],[39.76,11.94],[39.76,11.95],[39.75,11.95],[39.75,11.96],[39.74,11.96],[39.74,11.95],[39.73,11.95],[39.73,11.96],[39.73,11.97],[39.72,11.97],[39.73,11.97],[39.73,11.98],[39.74,11.98],[39.74,11.99]],[[39.71,11.94],[39.71,11.95],[39.7,11.95],[39.7,11.96],[39.7,11.97],[39.7,11.98],[39.71,11.98],[39.71,11.97],[39.72,11.97],[39.72,11.96],[39.71,11.96],[39.72,11.96],[39.72,11.95],[39.71,11.95],[39.71,11.96],[39.71,11.95],[39.71,11.94],[39.71,11.94]],[[39.71,11.76],[39.72,11.76],[39.72,11.75],[39.73,11.75],[39.74,11.75],[39.73,11.75],[39.73,11.74],[39.72,11.74],[39.72,11.73],[39.73,11.73],[39.72,11.73],[39.73,11.73],[39.73,11.72],[39.73,11.71],[39.73,11.7],[39.73,11.71],[39.72,11.71],[39.73,11.71],[39.73,11.7],[39.72,11.7],[39.72,11.69],[39.72,11.7],[39.72,11.71],[39.72,11.72],[39.72,11.73],[39.72,11.74],[39.72,11.75],[39.71,11.75],[39.71,11.76],[39.7,11.76],[39.71,11.76],[39.71,11.76]],[[39.73,11.69],[39.73,11.7],[39.74,11.7],[39.74,11.69],[39.74,11.68],[39.75,11.68],[39.75,11.67],[39.74,11.67],[39.75,11.67],[39.75,11.66],[39.75,11.65],[39.74,11.65],[39.74,11.66],[39.74,11.65],[39.75,11.65],[39.75,11.64],[39.76,11.64],[39.77,11.64],[39.77,11.63],[39.76,11.63],[39.76,11.62],[39.76,11.61],[39.77,11.61],[39.77,11.62],[39.78,11.62],[39.78,11.61],[39.79,11.61],[39.78,11.61],[39.77,11.61],[39.77,11.6],[39.78,11.6],[39.79,11.6],[39.79,11.59],[39.8,11.59],[39.79,11.59],[39.79,11.58],[39.79,11.59],[39.79,11.58],[39.78,11.58],[39.78,11.59],[39.77,11.59],[39.77,11.6],[39.77,11.59],[39.76,11.59],[39.76,11.6],[39.76,11.61],[39.75,11.61],[39.75,11.62],[39.74,11.62],[39.74,11.63],[39.74,11.64],[39.73,11.64],[39.73,11.65],[39.73,11.66],[39.73,11.67],[39.72,11.67],[39.72,11.68],[39.72,11.69],[39.73,11.69],[39.73,11.69]],[[39.6,11.42],[39.6,11.42],[39.6,11.42],[39.6,11.42],[39.6,11.42]],[[40,11.15],[40,11.14],[40.01,11.14],[40.01,11.13],[40,11.13],[40,11.12],[40.01,11.12],[40,11.12],[40,11.11],[40.01,11.11],[40.01,11.1],[40.01,11.09],[40.02,11.09],[40.03,11.09],[40.04,11.09],[40.05,11.09],[40.04,11.09],[40.04,11.08],[40.03,11.08],[40.03,11.07],[40.04,11.07],[40.04,11.06],[40.03,11.06],[40.02,11.06],[40.02,11.07],[40.02,11.06],[40.02,11.05],[40.02,11.04],[40.02,11.05],[40.02,11.04],[40.01,11.04],[40,11.04],[40,11.05],[40.01,11.05],[40,11.05],[40,11.06],[40.01,11.06],[40.01,11.07],[40,11.07],[40.01,11.07],[40,11.07],[40,11.08],[40.01,11.08],[40.01,11.09],[40.01,11.1],[40,11.1],[40,11.11],[39.99,11.11],[39.99,11.12],[39.99,11.13],[39.98,11.13],[39.98,11.14],[39.99,11.14],[39.99,11.15],[40,11.15],[40,11.15]],[[41.79,11],[41.79,11],[41.79,11],[41.79,11],[41.79,11]],[[41.79,11],[41.79,11],[41.79,11],[41.79,11],[41.79,11]],[[39.89,10.91],[39.9,10.91],[39.91,10.91],[39.91,10.9],[39.9,10.9],[39.89,10.9],[39.89,10.89],[39.88,10.89],[39.88,10.88],[39.88,10.89],[39.89,10.89],[39.89,10.88],[39.9,10.88],[39.9,10.89],[39.9,10.88],[39.9,10.89],[39.91,10.89],[39.92,10.89],[39.93,10.89],[39.94,10.89],[39.94,10.9],[39.94,10.89],[39.93,10.89],[39.92,10.89],[39.92,10.88],[39.92,10.87],[39.91,10.87],[39.9,10.87],[39.9,10.86],[39.89,10.86],[39.89,10.85],[39.88,10.85],[39.87,10.85],[39.86,10.85],[39.86,10.84],[39.86,10.85],[39.85,10.85],[39.85,10.84],[39.85,10.85],[39.86,10.85],[39.86,10.86],[39.86,10.87],[39.86,10.88],[39.85,10.88],[39.84,10.88],[39.84,10.87],[39.84,10.86],[39.83,10.86],[39.83,10.87],[39.82,10.87],[39.82,10.88],[39.82,10.89],[39.83,10.89],[39.83,10.88],[39.83,10.89],[39.83,10.88],[39.83,10.89],[39.84,10.89],[39.84,10.88],[39.84,10.89],[39.85,10.89],[39.85,10.9],[39.86,10.9],[39.87,10.9],[39.87,10.89],[39.87,10.9],[39.88,10.9],[39.88,10.91],[39.88,10.9],[39.88,10.91],[39.89,10.91],[39.89,10.91]],[[39.91,10.85],[39.98,10.66],[39.91,10.85],[39.91,10.85]],[[39.85,10.74],[39.84,10.74],[39.84,10.75],[39.84,10.76],[39.85,10.76],[39.85,10.75],[39.85,10.74],[39.85,10.74]],[[39.85,10.77],[39.85,10.78],[39.86,10.78],[39.85,10.78],[39.86,10.78],[39.86,10.79],[39.85,10.79],[39.86,10.79],[39.86,10.78],[39.87,10.78],[39.86,10.78],[39.86,10.77],[39.86,10.76],[39.85,10.76],[39.85,10.77]],[[39.85,10.77],[39.85,10.76],[39.85,10.77],[39.84,10.77],[39.85,10.77],[39.85,10.77]],[[39.95,10.6],[39.95,10.59],[39.96,10.59],[39.97,10.59],[39.97,10.58],[39.98,10.58],[39.97,10.58],[39.97,10.57],[39.98,10.57],[39.97,10.57],[39.97,10.56],[39.98,10.56],[39.99,10.56],[39.98,10.56],[39.98,10.55],[39.99,10.55],[39.98,10.55],[39.97,10.55],[39.97,10.56],[39.96,10.56],[39.96,10.55],[39.96,10.56],[39.95,10.56],[39.96,10.56],[39.96,10.57],[39.95,10.57],[39.95,10.58],[39.94,10.58],[39.94,10.59],[39.95,10.59],[39.95,10.6]],[[39.98,10.52],[39.98,10.51],[39.98,10.52],[39.98,10.51],[39.97,10.51],[39.97,10.5],[39.96,10.5],[39.96,10.51],[39.97,10.51],[39.98,10.51],[39.97,10.51],[39.97,10.52],[39.98,10.52],[39.98,10.52]],[[39.96,10.5],[39.97,10.5],[39.97,10.49],[39.97,10.5],[39.97,10.49],[39.98,10.49],[39.99,10.49],[39.98,10.49],[39.97,10.49],[39.98,10.49],[39.98,10.48],[39.98,10.47],[39.98,10.48],[39.99,10.48],[39.99,10.47],[39.99,10.48],[39.99,10.47],[39.99,10.46],[39.98,10.46],[39.98,10.47],[39.97,10.47],[39.96,10.47],[39.95,10.47],[39.95,10.48],[39.95,10.49],[39.96,10.49],[39.96,10.5],[39.95,10.5],[39.96,10.5],[39.96,10.5]],[[39.95,10.46],[39.94,10.46],[39.94,10.47],[39.95,10.47],[39.95,10.46],[39.95,10.46]],[[39.97,10.46],[39.97,10.45],[39.98,10.45],[39.97,10.45],[39.97,10.44],[39.96,10.44],[39.97,10.44],[39.96,10.44],[39.96,10.43],[39.96,10.44],[39.97,10.44],[39.98,10.44],[39.98,10.45],[39.98,10.44],[39.99,10.44],[39.99,10.43],[39.98,10.43],[39.97,10.43],[39.97,10.42],[39.96,10.42],[39.96,10.41],[39.95,10.41],[39.95,10.42],[39.95,10.41],[39.95,10.4],[39.95,10.41],[39.94,10.41],[39.94,10.4],[39.94,10.41],[39.94,10.42],[39.93,10.42],[39.93,10.43],[39.94,10.43],[39.94,10.44],[39.94,10.45],[39.94,10.44],[39.95,10.44],[39.95,10.45],[39.96,10.45],[39.97,10.45],[39.97,10.46],[39.97,10.45],[39.97,10.46]],[[39.94,10.39],[39.94,10.38],[39.94,10.39],[39.94,10.39]],[[39.97,10.38],[39.98,10.38],[39.98,10.37],[39.97,10.37],[39.97,10.38],[39.98,10.38],[39.97,10.38],[39.97,10.38]],[[39.83,9.77],[39.83,9.77],[39.83,9.77],[39.83,9.77],[39.83,9.77],[39.83,9.77],[39.83,9.77],[39.83,9.77],[39.83,9.77],[39.83,9.77],[39.83,9.77],[39.83,9.77],[39.83,9.77]],[[42.29,9.64],[42.3,9.64],[42.3,9.63],[42.3,9.62],[42.3,9.63],[42.31,9.63],[42.31,9.62],[42.32,9.62],[42.32,9.63],[42.32,9.62],[42.32,9.63],[42.33,9.63],[42.33,9.62],[42.34,9.62],[42.33,9.62],[42.33,9.61],[42.33,9.62],[42.32,9.62],[42.31,9.62],[42.31,9.61],[42.3,9.61],[42.29,9.61],[42.29,9.6],[42.29,9.61],[42.29,9.62],[42.29,9.63],[42.29,9.62],[42.29,9.63],[42.28,9.63],[42.28,9.64],[42.28,9.63],[42.29,9.63],[42.29,9.64]],[[40.56,9.3],[40.57,9.3],[40.57,9.29],[40.57,9.3],[40.58,9.3],[40.58,9.29],[40.58,9.3],[40.59,9.3],[40.59,9.29],[40.6,9.29],[40.6,9.28],[40.61,9.28],[40.6,9.28],[40.61,9.28],[40.6,9.28],[40.6,9.27],[40.59,9.27],[40.59,9.26],[40.59,9.27],[40.59,9.26],[40.58,9.26],[40.59,9.26],[40.58,9.26],[40.58,9.25],[40.57,9.25],[40.56,9.25],[40.57,9.25],[40.57,9.24],[40.56,9.24],[40.56,9.25],[40.55,9.25],[40.55,9.26],[40.56,9.26],[40.56,9.27],[40.55,9.27],[40.56,9.27],[40.56,9.28],[40.56,9.27],[40.56,9.28],[40.55,9.28],[40.55,9.29],[40.56,9.29],[40.56,9.3],[40.56,9.3]],[[39.81,9.24],[39.81,9.23],[39.82,9.23],[39.82,9.22],[39.81,9.22],[39.81,9.23],[39.81,9.22],[39.8,9.22],[39.79,9.22],[39.79,9.23],[39.8,9.23],[39.8,9.24],[39.8,9.25],[39.81,9.25],[39.81,9.24],[39.82,9.24],[39.82,9.25],[39.82,9.24],[39.81,9.24],[39.81,9.24]],[[39.77,9.22],[39.76,9.22],[39.76,9.21],[39.76,9.22],[39.77,9.22],[39.77,9.23],[39.76,9.23],[39.77,9.23],[39.77,9.24],[39.78,9.24],[39.77,9.24],[39.77,9.23],[39.77,9.22],[39.77,9.22]],[[40.37,8.87],[40.37,8.86],[40.38,8.86],[40.39,8.86],[40.38,8.86],[40.38,8.85],[40.38,8.84],[40.38,8.83],[40.37,8.83],[40.37,8.82],[40.38,8.82],[40.37,8.82],[40.37,8.81],[40.37,8.82],[40.37,8.83],[40.37,8.84],[40.38,8.84],[40.37,8.84],[40.37,8.85],[40.38,8.85],[40.37,8.85],[40.37,8.86],[40.36,8.86],[40.37,8.86],[40.37,8.87]],[[39.51,8.62],[39.52,8.62],[39.52,8.61],[39.51,8.61],[39.51,8.6],[39.5,8.6],[39.5,8.61],[39.5,8.62],[39.51,8.62],[39.51,8.62]],[[39.46,8.6],[39.46,8.59],[39.47,8.59],[39.48,8.59],[39.48,8.58],[39.49,8.58],[39.49,8.59],[39.49,8.58],[39.5,8.58],[39.5,8.57],[39.51,8.57],[39.51,8.56],[39.52,8.56],[39.52,8.55],[39.51,8.55],[39.5,8.55],[39.5,8.54],[39.49,8.54],[39.49,8.53],[39.49,8.52],[39.49,8.53],[39.48,8.53],[39.48,8.52],[39.48,8.53],[39.47,8.53],[39.47,8.54],[39.46,8.54],[39.46,8.55],[39.45,8.55],[39.45,8.54],[39.45,8.55],[39.44,8.55],[39.44,8.56],[39.44,8.57],[39.43,8.57],[39.42,8.57],[39.42,8.58],[39.43,8.58],[39.44,8.58],[39.43,8.58],[39.43,8.59],[39.44,8.59],[39.44,8.6],[39.45,8.6],[39.46,8.6],[39.46,8.6]],[[39.02,8.28],[39.03,8.28],[39.03,8.29],[39.03,8.28],[39.04,8.28],[39.05,8.28],[39.06,8.28],[39.06,8.27],[39.06,8.28],[39.07,8.28],[39.07,8.27],[39.08,8.27],[39.08,8.28],[39.09,8.28],[39.09,8.27],[39.09,8.26],[39.09,8.25],[39.08,8.25],[39.08,8.24],[39.07,8.24],[39.07,8.23],[39.06,8.23],[39.06,8.24],[39.07,8.24],[39.07,8.25],[39.06,8.25],[39.05,8.25],[39.05,8.24],[39.05,8.25],[39.04,8.25],[39.04,8.24],[39.03,8.24],[39.02,8.24],[39.02,8.25],[39.01,8.25],[39.01,8.26],[39.01,8.27],[39.02,8.27],[39.02,8.28],[39.02,8.28]]]]},"bbox":[38.21,6.96,43.93,18.16]},{"type":"Feature","properties":{},"geometry":{"type":"MultiPolygon","coordinates":[[[[58.04,21],[57.38,20.36],[57.4,19.59],[58.3,20.71],[58.04,21],[58.04,21]]],[[[58.69,22.47],[58.42,21.92],[58.77,20.91],[59.32,21.91],[58.69,22.46],[58.69,22.47]]]]},"bbox":[57.38,19.59,59.32,22.47]},{"type":"Feature","properties":{},"geometry":{"type":"Polygon","coordinates":[[[25.61,29.1],[25.39,29.32],[22.23,29.38],[20.63,27.59],[19.2,27.58],[17.23,26.57],[15.78,27.4],[12.57,27.87],[11.07,26.54],[10.19,26.58],[9.91,25.1],[10.13,24.66],[10.33,25.43],[10.83,23.86],[12.55,22.34],[12.02,22.37],[11.35,22.94],[10.52,22.74],[10.28,22.91],[10.36,23.6],[9.44,24.34],[8.12,24.37],[8.42,24.13],[8.33,23.44],[8.8,23.55],[8.52,23.02],[9.07,22.41],[11.09,21.44],[12.18,21.64],[14.12,22.77],[15.44,23.02],[16.52,22.09],[17.97,21.85],[18.92,22.28],[19.01,22.72],[19.57,23.08],[19.59,21.93],[18.99,21.17],[19.55,21.03],[30.74,21.46],[30.48,22.38],[30.64,23.06],[32.09,23.58],[32.71,24.8],[32.35,25.29],[32.49,25.86],[31.77,26.18],[30.78,27.38],[30.74,28.84],[30.4,28.95],[29.79,28.38],[28.65,28.5],[27.89,27.94],[26.24,29.09],[25.62,29.1],[25.61,29.1]],[[24.76,22.27],[24.76,22.28],[24.75,22.28],[24.75,22.29],[24.75,22.3],[24.76,22.3],[24.76,22.31],[24.77,22.31],[24.78,22.3],[24.79,22.3],[24.79,22.29],[24.79,22.28],[24.78,22.28],[24.78,22.27],[24.77,22.27],[24.76,22.27]],[[24.99,22.04],[25.23,21.86],[24.83,21.81],[24.99,22.03],[24.99,22.04]]]},"bbox":[8.12,21.03,32.71,29.38]},{"type":"Feature","properties":{},"geometry":{"type":"MultiPolygon","coordinates":[[[[24.59,12.77],[24.39,13.34],[24.19,12.94],[24.51,12.71],[24.59,12.77]]],[[[22.53,15.83],[21.8,15.19],[21.98,14.82],[22.53,15.82],[22.53,15.83]]],[[[24.01,17.85],[21.89,17.28],[22.53,16.83],[22.35,16.46],[23.11,15.92],[22.98,16.28],[23.38,16.23],[23.09,16.43],[24.03,17.83],[24.01,17.85]]]]},"bbox":[21.8,12.71,24.59,17.85]},{"type":"Feature","properties":{},"geometry":{"type":"Polygon","coordinates":[[[110.98,46.41],[108.21,45.82],[106.16,46.08],[105.1,45.38],[104.44,45.56],[104.04,44.42],[103.05,43.97],[103.15,43.61],[103.58,43.59],[103.1,43.53],[105.71,42.41],[106.99,43.12],[107.07,43.86],[107.43,44.15],[108.35,44.57],[109.75,44.65],[110.35,44.19],[109.91,44.09],[109.66,43.66],[109.9,43.47],[108.84,43.39],[110.41,43.04],[109.85,42.21],[105.9,40.88],[105.14,40.25],[103.81,40.77],[103.35,40.61],[103.49,40.38],[104.36,40.32],[104.92,39.93],[107.44,41.2],[108.41,41.33],[108.97,40.96],[113.06,42.19],[113.43,42.84],[113.29,43.28],[114.02,44.09],[114.08,44.94],[112.8,45.4],[112.68,45.79],[112.23,45.52],[111.92,45.85],[111.34,45.66],[111,46.32],[110.98,46.41]]]},"bbox":[103.05,39.93,114.08,46.41]},{"type":"Feature","properties":{},"geometry":{"type":"MultiPolygon","coordinates":[[[[42.19,13.66],[42.3,13.08],[43.38,12],[43.11,12.73],[42.2,13.65],[42.19,13.66]]]]},"bbox":[42.19,12,43.38,13.66]},{"type":"Feature","properties":{},"geometry":{"type":"MultiPolygon","coordinates":[[[[-89.33,-0.69],[-89.49,-0.82],[-89.32,-0.69],[-89.33,-0.69]]],[[[-90.25,-0.48],[-90.52,-0.7],[-90.24,-0.5],[-90.25,-0.48]]],[[[-91.46,-0.26],[-91.57,-0.48],[-91.45,-0.26],[-91.46,-0.26]]],[[[-90.79,-0.14],[-90.56,-0.33],[-90.78,-0.14],[-90.79,-0.14]]],[[[-91.36,0.17],[-91.14,-0.67],[-91.49,-0.85],[-91.18,-1.04],[-90.83,-0.82],[-91.35,0.16],[-91.36,0.17]]]]},"bbox":[-91.57,-1.04,-89.32,0.17]},{"type":"Feature","properties":{},"geometry":{"type":"MultiPolygon","coordinates":[[[[17.55,-27.6],[17.43,-27.76],[17.55,-27.6],[17.55,-27.6]]],[[[16.94,-23.16],[16.58,-23.06],[16.16,-23.79],[17.08,-27.63],[17.67,-27.34],[17.5,-28.12],[16.92,-28.23],[17.49,-28.96],[17.88,-28.99],[18.59,-30.39],[18.99,-30.08],[20.01,-31.22],[20.76,-31.25],[21.93,-30.83],[22.6,-30.12],[22.98,-30.21],[22.68,-29.39],[21.74,-28.5],[20.95,-27.88],[20.77,-28.09],[20.43,-27.88],[20.1,-27.37],[20.29,-26.82],[19.43,-26.32],[19.31,-26.16],[19.65,-26.39],[18.97,-25.38],[17.04,-23.35],[16.94,-23.16]],[[18.43,-27.44],[18.42,-27.44],[18.42,-27.43],[18.42,-27.42],[18.42,-27.41],[18.43,-27.41],[18.42,-27.41],[18.41,-27.41],[18.41,-27.4],[18.4,-27.4],[18.39,-27.4],[18.38,-27.4],[18.38,-27.39],[18.39,-27.39],[18.4,-27.39],[18.41,-27.39],[18.42,-27.39],[18.43,-27.39],[18.44,-27.39],[18.45,-27.39],[18.46,-27.39],[18.47,-27.4],[18.48,-27.4],[18.49,-27.4],[18.5,-27.41],[18.5,-27.42],[18.49,-27.42],[18.48,-27.42],[18.47,-27.42],[18.46,-27.42],[18.45,-27.43],[18.45,-27.44],[18.44,-27.44],[18.43,-27.44]],[[18.2,-27.57],[18.2,-27.56],[18.19,-27.56],[18.19,-27.55],[18.19,-27.54],[18.19,-27.53],[18.2,-27.53],[18.21,-27.53],[18.22,-27.53],[18.23,-27.53],[18.24,-27.53],[18.25,-27.53],[18.26,-27.53],[18.27,-27.53],[18.28,-27.54],[18.29,-27.55],[18.3,-27.56],[18.29,-27.56],[18.28,-27.56],[18.27,-27.56],[18.26,-27.56],[18.25,-27.56],[18.24,-27.56],[18.23,-27.56],[18.22,-27.56],[18.22,-27.57],[18.22,-27.58],[18.22,-27.59],[18.22,-27.6],[18.22,-27.61],[18.21,-27.62],[18.21,-27.63],[18.22,-27.63],[18.23,-27.64],[18.23,-27.63],[18.24,-27.63],[18.25,-27.62],[18.26,-27.61],[18.27,-27.61],[18.27,-27.62],[18.27,-27.63],[18.26,-27.63],[18.26,-27.64],[18.27,-27.65],[18.28,-27.66],[18.29,-27.67],[18.3,-27.67],[18.3,-27.68],[18.3,-27.69],[18.29,-27.69],[18.28,-27.69],[18.27,-27.69],[18.27,-27.68],[18.26,-27.68],[18.26,-27.67],[18.25,-27.67],[18.24,-27.66],[18.23,-27.66],[18.22,-27.66],[18.22,-27.67],[18.21,-27.67],[18.21,-27.68],[18.2,-27.68],[18.19,-27.69],[18.18,-27.69],[18.18,-27.7],[18.17,-27.71],[18.17,-27.72],[18.16,-27.72],[18.16,-27.73],[18.15,-27.73],[18.15,-27.74],[18.14,-27.74],[18.14,-27.75],[18.13,-27.74],[18.13,-27.73],[18.14,-27.72],[18.14,-27.71],[18.14,-27.7],[18.15,-27.69],[18.16,-27.68],[18.17,-27.67],[18.18,-27.67],[18.18,-27.66],[18.19,-27.66],[18.19,-27.65],[18.19,-27.64],[18.19,-27.63],[18.19,-27.62],[18.2,-27.61],[18.2,-27.6],[18.2,-27.59],[18.2,-27.58],[18.2,-27.57]],[[18.13,-27.65],[18.12,-27.66],[18.12,-27.67],[18.11,-27.68],[18.1,-27.69],[18.1,-27.7],[18.09,-27.71],[18.09,-27.72],[18.09,-27.73],[18.09,-27.74],[18.09,-27.75],[18.08,-27.76],[18.07,-27.76],[18.07,-27.75],[18.07,-27.74],[18.06,-27.74],[18.05,-27.74],[18.04,-27.73],[18.04,-27.72],[18.05,-27.72],[18.05,-27.71],[18.06,-27.71],[18.06,-27.7],[18.06,-27.69],[18.07,-27.69],[18.07,-27.68],[18.07,-27.67],[18.08,-27.66],[18.09,-27.66],[18.09,-27.67],[18.1,-27.66],[18.11,-27.65],[18.12,-27.65],[18.12,-27.64],[18.13,-27.64],[18.13,-27.65]],[[18.01,-27.74],[17.81,-27.79],[18.02,-27.74],[18.01,-27.74]],[[17.98,-27.81],[17.99,-27.81],[18,-27.81],[18.01,-27.81],[18.01,-27.8],[18.02,-27.8],[18.03,-27.8],[18.04,-27.79],[18.05,-27.79],[18.04,-27.8],[18.03,-27.81],[18.02,-27.82],[18.01,-27.83],[18,-27.83],[18,-27.84],[17.99,-27.84],[17.99,-27.85],[17.99,-27.86],[17.98,-27.86],[17.97,-27.86],[17.96,-27.86],[17.96,-27.85],[17.95,-27.85],[17.94,-27.85],[17.93,-27.85],[17.93,-27.86],[17.92,-27.86],[17.91,-27.86],[17.91,-27.87],[17.9,-27.87],[17.89,-27.87],[17.88,-27.87],[17.87,-27.88],[17.86,-27.89],[17.85,-27.89],[17.84,-27.89],[17.83,-27.89],[17.82,-27.88],[17.83,-27.87],[17.84,-27.86],[17.85,-27.85],[17.86,-27.85],[17.87,-27.84],[17.88,-27.84],[17.89,-27.84],[17.9,-27.84],[17.91,-27.83],[17.92,-27.83],[17.92,-27.82],[17.93,-27.82],[17.94,-27.81],[17.95,-27.81],[17.96,-27.82],[17.96,-27.81],[17.97,-27.81],[17.98,-27.81]],[[17.94,-27.89],[17.95,-27.89],[17.95,-27.88],[17.96,-27.88],[17.97,-27.88],[17.97,-27.87],[17.98,-27.87],[17.98,-27.88],[17.98,-27.89],[17.98,-27.9],[17.98,-27.91],[17.97,-27.91],[17.97,-27.92],[17.97,-27.93],[17.97,-27.94],[17.96,-27.95],[17.95,-27.95],[17.95,-27.96],[17.94,-27.97],[17.94,-27.98],[17.93,-27.99],[17.92,-28],[17.92,-28.01],[17.91,-28],[17.91,-27.99],[17.91,-27.98],[17.92,-27.98],[17.92,-27.97],[17.92,-27.96],[17.93,-27.96],[17.93,-27.95],[17.92,-27.94],[17.92,-27.93],[17.92,-27.92],[17.92,-27.91],[17.93,-27.91],[17.93,-27.9],[17.94,-27.9],[17.94,-27.89]],[[17.28,-28.31],[17.28,-28.3],[17.3,-28.3],[17.29,-28.31],[17.28,-28.31],[17.28,-28.32],[17.28,-28.33],[17.27,-28.33],[17.26,-28.33],[17.25,-28.33],[17.26,-28.33],[17.26,-28.34],[17.25,-28.34],[17.26,-28.34],[17.25,-28.34],[17.26,-28.35],[17.25,-28.36],[17.25,-28.35],[17.25,-28.34],[17.24,-28.33],[17.25,-28.33],[17.24,-28.33],[17.25,-28.32],[17.24,-28.32],[17.23,-28.32],[17.24,-28.31],[17.25,-28.32],[17.26,-28.32],[17.27,-28.32],[17.27,-28.31],[17.28,-28.31],[17.28,-28.31]],[[21.73,-28.52],[21.73,-28.53],[21.73,-28.52],[21.73,-28.52]],[[18.58,-29.09],[18.58,-29.08],[18.58,-29.07],[18.59,-29.06],[18.6,-29.05],[18.6,-29.06],[18.6,-29.07],[18.61,-29.07],[18.62,-29.07],[18.62,-29.08],[18.6,-29.09],[18.59,-29.09],[18.58,-29.09]],[[18.83,-29.08],[18.82,-29.08],[18.82,-29.07],[18.83,-29.07],[18.83,-29.08],[18.83,-29.08]],[[19.4,-29.09],[19.41,-29.09],[19.42,-29.09],[19.42,-29.1],[19.43,-29.1],[19.43,-29.11],[19.43,-29.12],[19.44,-29.12],[19.44,-29.13],[19.45,-29.13],[19.44,-29.13],[19.44,-29.12],[19.43,-29.12],[19.42,-29.12],[19.42,-29.11],[19.41,-29.11],[19.41,-29.1],[19.4,-29.1],[19.4,-29.09],[19.4,-29.09]],[[18.65,-29.13],[18.66,-29.13],[18.67,-29.13],[18.67,-29.14],[18.68,-29.14],[18.69,-29.14],[18.7,-29.14],[18.7,-29.15],[18.71,-29.15],[18.7,-29.15],[18.69,-29.15],[18.68,-29.15],[18.66,-29.15],[18.64,-29.15],[18.64,-29.14],[18.66,-29.14],[18.65,-29.13],[18.64,-29.13],[18.65,-29.13],[18.65,-29.13]],[[19.22,-29.14],[19.23,-29.14],[19.24,-29.15],[19.25,-29.15],[19.25,-29.16],[19.24,-29.16],[19.25,-29.16],[19.24,-29.17],[19.23,-29.17],[19.23,-29.16],[19.23,-29.15],[19.22,-29.15],[19.22,-29.14]],[[18.83,-29.14],[18.84,-29.14],[18.84,-29.15],[18.85,-29.15],[18.86,-29.16],[18.86,-29.17],[18.87,-29.17],[18.86,-29.17],[18.85,-29.17],[18.85,-29.18],[18.86,-29.18],[18.87,-29.18],[18.88,-29.18],[18.89,-29.18],[18.89,-29.19],[18.9,-29.19],[18.9,-29.2],[18.91,-29.2],[18.93,-29.2],[18.92,-29.21],[18.91,-29.2],[18.9,-29.21],[18.89,-29.21],[18.89,-29.22],[18.88,-29.21],[18.87,-29.21],[18.86,-29.2],[18.85,-29.21],[18.85,-29.2],[18.84,-29.2],[18.84,-29.21],[18.83,-29.21],[18.82,-29.22],[18.81,-29.22],[18.8,-29.22],[18.8,-29.23],[18.79,-29.23],[18.77,-29.23],[18.76,-29.24],[18.76,-29.23],[18.77,-29.22],[18.77,-29.21],[18.78,-29.21],[18.78,-29.2],[18.79,-29.2],[18.79,-29.19],[18.8,-29.19],[18.8,-29.18],[18.81,-29.18],[18.81,-29.17],[18.8,-29.17],[18.8,-29.16],[18.79,-29.17],[18.79,-29.16],[18.78,-29.16],[18.79,-29.16],[18.79,-29.15],[18.8,-29.15],[18.8,-29.16],[18.81,-29.16],[18.82,-29.16],[18.81,-29.15],[18.81,-29.16],[18.81,-29.15],[18.82,-29.15],[18.83,-29.14],[18.83,-29.14]],[[18.96,-29.23],[18.96,-29.22],[18.97,-29.22],[18.98,-29.22],[18.98,-29.23],[18.99,-29.23],[19,-29.23],[19.01,-29.23],[19.01,-29.24],[19.01,-29.25],[19.01,-29.26],[19,-29.26],[19,-29.27],[18.99,-29.27],[18.98,-29.27],[18.96,-29.26],[18.96,-29.27],[18.97,-29.27],[18.97,-29.28],[18.96,-29.28],[18.95,-29.27],[18.96,-29.27],[18.96,-29.26],[18.95,-29.26],[18.94,-29.26],[18.94,-29.27],[18.93,-29.26],[18.91,-29.25],[18.92,-29.25],[18.93,-29.25],[18.92,-29.25],[18.92,-29.24],[18.93,-29.24],[18.94,-29.23],[18.95,-29.23],[18.96,-29.23]],[[19.04,-29.24],[19.03,-29.23],[19.04,-29.23],[19.05,-29.23],[19.05,-29.24],[19.04,-29.24],[19.04,-29.24]],[[19.44,-29.24],[19.43,-29.25],[19.42,-29.26],[19.41,-29.26],[19.4,-29.26],[19.39,-29.26],[19.38,-29.26],[19.38,-29.27],[19.39,-29.27],[19.38,-29.28],[19.39,-29.28],[19.4,-29.28],[19.4,-29.29],[19.41,-29.29],[19.42,-29.29],[19.41,-29.3],[19.44,-29.3],[19.46,-29.3],[19.46,-29.31],[19.47,-29.3],[19.48,-29.3],[19.49,-29.29],[19.5,-29.29],[19.5,-29.3],[19.49,-29.3],[19.49,-29.31],[19.48,-29.31],[19.47,-29.31],[19.46,-29.31],[19.45,-29.32],[19.45,-29.31],[19.44,-29.31],[19.43,-29.31],[19.42,-29.31],[19.41,-29.31],[19.4,-29.31],[19.39,-29.3],[19.38,-29.3],[19.37,-29.3],[19.37,-29.31],[19.36,-29.3],[19.36,-29.31],[19.35,-29.3],[19.34,-29.3],[19.33,-29.31],[19.33,-29.3],[19.32,-29.3],[19.31,-29.3],[19.3,-29.29],[19.29,-29.28],[19.29,-29.29],[19.28,-29.29],[19.27,-29.29],[19.26,-29.3],[19.25,-29.3],[19.24,-29.3],[19.23,-29.3],[19.22,-29.3],[19.22,-29.31],[19.21,-29.31],[19.2,-29.31],[19.2,-29.3],[19.19,-29.3],[19.2,-29.3],[19.21,-29.3],[19.2,-29.29],[19.19,-29.29],[19.18,-29.29],[19.17,-29.29],[19.16,-29.29],[19.15,-29.28],[19.16,-29.28],[19.17,-29.28],[19.17,-29.27],[19.18,-29.27],[19.19,-29.28],[19.19,-29.27],[19.2,-29.27],[19.21,-29.27],[19.22,-29.27],[19.21,-29.27],[19.21,-29.26],[19.22,-29.26],[19.22,-29.27],[19.23,-29.27],[19.23,-29.28],[19.22,-29.28],[19.21,-29.28],[19.2,-29.28],[19.21,-29.28],[19.21,-29.29],[19.22,-29.29],[19.23,-29.29],[19.24,-29.28],[19.25,-29.28],[19.27,-29.27],[19.27,-29.28],[19.29,-29.27],[19.3,-29.27],[19.31,-29.28],[19.32,-29.28],[19.33,-29.27],[19.34,-29.27],[19.35,-29.27],[19.36,-29.26],[19.37,-29.26],[19.37,-29.25],[19.38,-29.25],[19.39,-29.25],[19.4,-29.25],[19.41,-29.25],[19.41,-29.26],[19.42,-29.25],[19.43,-29.24],[19.44,-29.24]],[[19.57,-29.28],[19.58,-29.28],[19.58,-29.27],[19.59,-29.27],[19.6,-29.27],[19.62,-29.26],[19.63,-29.27],[19.64,-29.27],[19.64,-29.28],[19.61,-29.28],[19.59,-29.29],[19.58,-29.29],[19.58,-29.3],[19.57,-29.3],[19.56,-29.3],[19.55,-29.3],[19.54,-29.3],[19.53,-29.3],[19.52,-29.3],[19.51,-29.3],[19.51,-29.29],[19.51,-29.28],[19.52,-29.29],[19.52,-29.3],[19.53,-29.3],[19.53,-29.29],[19.54,-29.29],[19.55,-29.29],[19.56,-29.29],[19.56,-29.28],[19.57,-29.28]],[[18.75,-29.32],[18.74,-29.32],[18.73,-29.31],[18.72,-29.31],[18.72,-29.3],[18.73,-29.3],[18.73,-29.31],[18.74,-29.31],[18.75,-29.32]],[[18.33,-29.32],[18.34,-29.32],[18.36,-29.32],[18.36,-29.33],[18.37,-29.34],[18.37,-29.35],[18.35,-29.36],[18.34,-29.36],[18.32,-29.36],[18.31,-29.37],[18.3,-29.37],[18.3,-29.36],[18.31,-29.36],[18.3,-29.36],[18.29,-29.35],[18.29,-29.36],[18.28,-29.37],[18.28,-29.38],[18.28,-29.39],[18.27,-29.38],[18.26,-29.38],[18.25,-29.38],[18.24,-29.38],[18.23,-29.38],[18.23,-29.37],[18.24,-29.37],[18.26,-29.37],[18.26,-29.36],[18.27,-29.36],[18.27,-29.34],[18.28,-29.34],[18.28,-29.33],[18.29,-29.33],[18.3,-29.32],[18.31,-29.32],[18.32,-29.32],[18.33,-29.32]],[[18.7,-29.33],[18.7,-29.32],[18.71,-29.32],[18.72,-29.33],[18.73,-29.33],[18.74,-29.33],[18.73,-29.34],[18.72,-29.33],[18.71,-29.33],[18.7,-29.33],[18.7,-29.34],[18.69,-29.34],[18.68,-29.34],[18.67,-29.34],[18.66,-29.34],[18.66,-29.33],[18.67,-29.33],[18.69,-29.33],[18.7,-29.33],[18.7,-29.33]],[[18.74,-29.34],[18.76,-29.34],[18.76,-29.35],[18.75,-29.35],[18.74,-29.34],[18.74,-29.34]],[[18.87,-29.36],[18.87,-29.35],[18.89,-29.35],[18.9,-29.36],[18.91,-29.36],[18.9,-29.36],[18.88,-29.36],[18.87,-29.36]],[[18.87,-29.36],[18.86,-29.37],[18.82,-29.37],[18.82,-29.36],[18.83,-29.36],[18.87,-29.36]],[[18.21,-29.33],[18.2,-29.33],[18.19,-29.33],[18.18,-29.33],[18.19,-29.32],[18.2,-29.32],[18.21,-29.32],[18.21,-29.31],[18.22,-29.31],[18.23,-29.31],[18.24,-29.31],[18.23,-29.32],[18.22,-29.32],[18.21,-29.33]],[[18.25,-29.32],[18.25,-29.31],[18.26,-29.3],[18.26,-29.31],[18.26,-29.32],[18.25,-29.32],[18.25,-29.32]],[[18.28,-29.31],[18.28,-29.3],[18.29,-29.3],[18.3,-29.29],[18.31,-29.29],[18.31,-29.3],[18.3,-29.3],[18.29,-29.31],[18.28,-29.31],[18.28,-29.31]],[[18.4,-29.29],[18.39,-29.29],[18.4,-29.29],[18.41,-29.29],[18.41,-29.28],[18.42,-29.28],[18.43,-29.28],[18.44,-29.28],[18.42,-29.28],[18.42,-29.29],[18.41,-29.29],[18.4,-29.29],[18.4,-29.29]],[[18.16,-29.28],[18.15,-29.28],[18.13,-29.27],[18.12,-29.27],[18.11,-29.27],[18.12,-29.27],[18.13,-29.27],[18.13,-29.25],[18.12,-29.25],[18.11,-29.25],[18.1,-29.25],[18.1,-29.24],[18.09,-29.24],[18.09,-29.25],[18.08,-29.25],[18.08,-29.26],[18.09,-29.26],[18.09,-29.27],[18.08,-29.27],[18.07,-29.27],[18.06,-29.26],[18.06,-29.25],[18.05,-29.25],[18.05,-29.24],[18.05,-29.23],[18.04,-29.22],[18.04,-29.21],[18.04,-29.2],[18.05,-29.2],[18.05,-29.19],[18.06,-29.19],[18.06,-29.18],[18.07,-29.18],[18.07,-29.17],[18.08,-29.17],[18.08,-29.16],[18.09,-29.16],[18.09,-29.15],[18.1,-29.15],[18.11,-29.15],[18.1,-29.16],[18.1,-29.17],[18.09,-29.17],[18.08,-29.17],[18.08,-29.18],[18.09,-29.18],[18.08,-29.19],[18.08,-29.2],[18.08,-29.21],[18.07,-29.21],[18.06,-29.21],[18.06,-29.2],[18.05,-29.21],[18.05,-29.22],[18.05,-29.23],[18.06,-29.24],[18.07,-29.24],[18.08,-29.24],[18.09,-29.24],[18.09,-29.23],[18.09,-29.22],[18.1,-29.22],[18.11,-29.22],[18.11,-29.23],[18.12,-29.23],[18.13,-29.23],[18.14,-29.23],[18.14,-29.22],[18.13,-29.22],[18.13,-29.21],[18.14,-29.21],[18.14,-29.2],[18.15,-29.2],[18.14,-29.19],[18.13,-29.19],[18.13,-29.18],[18.13,-29.17],[18.14,-29.17],[18.13,-29.16],[18.13,-29.15],[18.14,-29.15],[18.15,-29.15],[18.15,-29.14],[18.16,-29.14],[18.16,-29.13],[18.16,-29.12],[18.17,-29.12],[18.17,-29.11],[18.17,-29.1],[18.18,-29.1],[18.18,-29.11],[18.19,-29.11],[18.19,-29.12],[18.2,-29.12],[18.2,-29.13],[18.21,-29.13],[18.22,-29.14],[18.22,-29.15],[18.23,-29.15],[18.24,-29.15],[18.25,-29.16],[18.23,-29.16],[18.23,-29.17],[18.21,-29.17],[18.2,-29.17],[18.19,-29.17],[18.18,-29.18],[18.17,-29.18],[18.18,-29.19],[18.19,-29.19],[18.2,-29.19],[18.21,-29.2],[18.21,-29.21],[18.21,-29.22],[18.21,-29.23],[18.21,-29.25],[18.22,-29.26],[18.22,-29.25],[18.23,-29.25],[18.24,-29.25],[18.23,-29.26],[18.22,-29.26],[18.22,-29.27],[18.22,-29.28],[18.21,-29.28],[18.19,-29.28],[18.18,-29.28],[18.17,-29.28],[18.16,-29.28]],[[18.42,-29.11],[18.43,-29.11],[18.43,-29.1],[18.44,-29.1],[18.44,-29.11],[18.43,-29.12],[18.43,-29.13],[18.43,-29.14],[18.44,-29.14],[18.44,-29.13],[18.45,-29.13],[18.45,-29.14],[18.45,-29.15],[18.44,-29.16],[18.44,-29.15],[18.44,-29.14],[18.43,-29.14],[18.43,-29.16],[18.42,-29.16],[18.42,-29.15],[18.41,-29.14],[18.4,-29.15],[18.4,-29.16],[18.4,-29.15],[18.4,-29.14],[18.39,-29.14],[18.39,-29.13],[18.4,-29.13],[18.41,-29.13],[18.41,-29.12],[18.42,-29.13],[18.42,-29.12],[18.42,-29.11]],[[18.47,-29.13],[18.47,-29.12],[18.48,-29.11],[18.48,-29.1],[18.49,-29.1],[18.5,-29.09],[18.51,-29.09],[18.5,-29.1],[18.49,-29.11],[18.49,-29.12],[18.5,-29.12],[18.49,-29.13],[18.48,-29.13],[18.47,-29.13]],[[18.85,-29.09],[18.85,-29.09],[18.85,-29.09],[18.85,-29.09],[18.85,-29.09],[18.85,-29.09],[18.85,-29.09],[18.85,-29.09],[18.85,-29.09],[18.85,-29.1],[18.85,-29.09]],[[19.07,-29.11],[19.08,-29.1],[19.09,-29.1],[19.1,-29.11],[19.11,-29.1],[19.12,-29.11],[19.13,-29.11],[19.12,-29.12],[19.12,-29.13],[19.11,-29.13],[19.1,-29.13],[19.09,-29.12],[19.08,-29.12],[19.07,-29.11],[19.07,-29.11]],[[18.6,-29.13],[18.61,-29.13],[18.6,-29.14],[18.6,-29.15],[18.61,-29.15],[18.6,-29.15],[18.6,-29.16],[18.59,-29.16],[18.59,-29.17],[18.59,-29.18],[18.6,-29.18],[18.6,-29.19],[18.59,-29.2],[18.58,-29.2],[18.57,-29.2],[18.57,-29.19],[18.57,-29.18],[18.56,-29.18],[18.56,-29.17],[18.57,-29.16],[18.58,-29.16],[18.59,-29.14],[18.59,-29.13],[18.6,-29.13]],[[18.49,-29.15],[18.49,-29.16],[18.48,-29.17],[18.48,-29.16],[18.49,-29.15],[18.49,-29.14],[18.49,-29.15]],[[18.59,-29.22],[18.6,-29.21],[18.61,-29.21],[18.61,-29.22],[18.61,-29.23],[18.6,-29.24],[18.59,-29.24],[18.57,-29.24],[18.56,-29.24],[18.56,-29.23],[18.57,-29.23],[18.58,-29.23],[18.59,-29.23],[18.6,-29.23],[18.6,-29.22],[18.59,-29.22]],[[18.72,-29.23],[18.72,-29.22],[18.73,-29.22],[18.73,-29.23],[18.74,-29.23],[18.75,-29.24],[18.75,-29.25],[18.74,-29.25],[18.73,-29.24],[18.72,-29.24],[18.72,-29.23]],[[18.8,-29.24],[18.81,-29.23],[18.82,-29.23],[18.82,-29.24],[18.81,-29.24],[18.81,-29.25],[18.81,-29.26],[18.81,-29.25],[18.8,-29.25],[18.79,-29.25],[18.8,-29.25],[18.79,-29.24],[18.78,-29.24],[18.79,-29.24],[18.8,-29.24]],[[18.83,-29.25],[18.82,-29.25],[18.83,-29.25],[18.84,-29.25],[18.83,-29.26],[18.83,-29.25]],[[18.29,-29.25],[18.29,-29.24],[18.3,-29.24],[18.31,-29.24],[18.31,-29.23],[18.3,-29.23],[18.3,-29.22],[18.31,-29.22],[18.31,-29.23],[18.32,-29.23],[18.33,-29.24],[18.32,-29.24],[18.32,-29.25],[18.31,-29.25],[18.29,-29.25]],[[18.26,-29.24],[18.25,-29.25],[18.25,-29.24],[18.26,-29.23],[18.27,-29.23],[18.27,-29.22],[18.28,-29.22],[18.28,-29.23],[18.27,-29.23],[18.26,-29.23],[18.26,-29.24]],[[18.39,-29.22],[18.4,-29.22],[18.39,-29.22],[18.39,-29.23],[18.4,-29.23],[18.41,-29.24],[18.4,-29.24],[18.39,-29.24],[18.38,-29.24],[18.37,-29.23],[18.37,-29.24],[18.37,-29.25],[18.36,-29.25],[18.35,-29.24],[18.34,-29.24],[18.34,-29.23],[18.35,-29.23],[18.36,-29.23],[18.38,-29.23],[18.39,-29.22],[18.39,-29.22]],[[18.71,-29.27],[18.72,-29.27],[18.72,-29.28],[18.71,-29.28],[18.71,-29.29],[18.71,-29.28],[18.71,-29.27]],[[18.99,-29.29],[18.99,-29.28],[19,-29.28],[19.01,-29.28],[19.02,-29.29],[19.01,-29.29],[19,-29.29],[18.99,-29.29]],[[19.07,-29.29],[19.06,-29.29],[19.06,-29.28],[19.06,-29.27],[19.06,-29.26],[19.06,-29.25],[19.07,-29.25],[19.08,-29.24],[19.09,-29.24],[19.1,-29.25],[19.11,-29.25],[19.12,-29.25],[19.13,-29.25],[19.12,-29.25],[19.17,-29.25],[19.18,-29.25],[19.19,-29.25],[19.2,-29.25],[19.21,-29.25],[19.22,-29.25],[19.23,-29.25],[19.22,-29.25],[19.21,-29.25],[19.2,-29.26],[19.19,-29.27],[19.18,-29.27],[19.17,-29.27],[19.16,-29.27],[19.15,-29.27],[19.16,-29.27],[19.15,-29.28],[19.12,-29.28],[19.11,-29.27],[19.11,-29.28],[19.12,-29.28],[19.11,-29.28],[19.1,-29.28],[19.09,-29.28],[19.09,-29.29],[19.08,-29.29],[19.07,-29.29],[19.07,-29.28],[19.06,-29.28],[19.06,-29.27],[19.06,-29.28],[19.07,-29.29],[19.08,-29.29],[19.09,-29.29],[19.1,-29.29],[19.11,-29.29],[19.11,-29.28],[19.12,-29.28],[19.11,-29.29],[19.1,-29.29],[19.09,-29.29],[19.08,-29.29],[19.07,-29.29],[19.07,-29.29]],[[18.79,-29.14],[18.79,-29.15],[18.79,-29.14],[18.79,-29.14]],[[18.24,-29.39],[18.24,-29.4],[18.25,-29.4],[18.26,-29.41],[18.27,-29.42],[18.28,-29.42],[18.27,-29.42],[18.26,-29.42],[18.26,-29.41],[18.25,-29.41],[18.25,-29.4],[18.24,-29.4],[18.24,-29.39]],[[18.15,-29.42],[18.14,-29.43],[18.14,-29.44],[18.13,-29.44],[18.13,-29.45],[18.14,-29.45],[18.14,-29.46],[18.13,-29.46],[18.12,-29.46],[18.12,-29.47],[18.12,-29.46],[18.11,-29.46],[18.11,-29.45],[18.11,-29.44],[18.1,-29.44],[18.1,-29.43],[18.09,-29.43],[18.09,-29.42],[18.08,-29.41],[18.09,-29.41],[18.1,-29.42],[18.1,-29.41],[18.11,-29.41],[18.11,-29.4],[18.12,-29.4],[18.13,-29.4],[18.12,-29.42],[18.13,-29.43],[18.14,-29.42],[18.15,-29.41],[18.15,-29.42]],[[19.09,-29.45],[19.09,-29.44],[19.1,-29.44],[19.12,-29.44],[19.13,-29.44],[19.13,-29.45],[19.12,-29.45],[19.11,-29.45],[19.1,-29.45],[19.09,-29.45]],[[18.16,-29.46],[18.17,-29.45],[18.17,-29.46],[18.18,-29.46],[18.19,-29.46],[18.19,-29.47],[18.19,-29.48],[18.19,-29.49],[18.19,-29.48],[18.18,-29.48],[18.17,-29.47],[18.16,-29.46]],[[19.22,-29.49],[19.22,-29.48],[19.23,-29.48],[19.24,-29.48],[19.24,-29.49],[19.23,-29.49],[19.22,-29.5],[19.22,-29.51],[19.21,-29.51],[19.2,-29.51],[19.2,-29.5],[19.21,-29.5],[19.22,-29.49],[19.22,-29.49]],[[19.15,-29.51],[19.15,-29.52],[19.14,-29.52],[19.13,-29.53],[19.12,-29.54],[19.11,-29.54],[19.11,-29.53],[19.12,-29.53],[19.12,-29.52],[19.13,-29.52],[19.13,-29.51],[19.14,-29.51],[19.15,-29.51]],[[18.38,-29.52],[18.37,-29.53],[18.37,-29.54],[18.36,-29.56],[18.35,-29.57],[18.35,-29.58],[18.34,-29.58],[18.33,-29.58],[18.33,-29.57],[18.33,-29.56],[18.32,-29.55],[18.32,-29.54],[18.31,-29.54],[18.31,-29.53],[18.3,-29.53],[18.29,-29.53],[18.28,-29.53],[18.28,-29.52],[18.29,-29.51],[18.3,-29.51],[18.31,-29.51],[18.31,-29.52],[18.32,-29.52],[18.33,-29.53],[18.34,-29.54],[18.34,-29.55],[18.34,-29.56],[18.35,-29.56],[18.35,-29.57],[18.35,-29.56],[18.36,-29.56],[18.36,-29.55],[18.36,-29.54],[18.36,-29.53],[18.36,-29.52],[18.37,-29.52],[18.38,-29.52],[18.38,-29.52]],[[18.27,-29.58],[18.26,-29.58],[18.26,-29.59],[18.25,-29.59],[18.25,-29.58],[18.26,-29.58],[18.26,-29.57],[18.27,-29.57],[18.27,-29.58]],[[18.08,-29.58],[18.08,-29.59],[18.07,-29.58],[18.08,-29.57],[18.09,-29.56],[18.09,-29.57],[18.08,-29.58]],[[18.22,-29.57],[18.22,-29.56],[18.22,-29.55],[18.23,-29.56],[18.23,-29.55],[18.24,-29.56],[18.25,-29.56],[18.24,-29.57],[18.23,-29.57],[18.22,-29.57]],[[18.25,-29.55],[18.25,-29.54],[18.25,-29.53],[18.25,-29.51],[18.26,-29.51],[18.26,-29.52],[18.26,-29.53],[18.26,-29.54],[18.26,-29.55],[18.26,-29.56],[18.26,-29.57],[18.25,-29.57],[18.25,-29.56],[18.25,-29.55]],[[18.17,-29.52],[18.17,-29.53],[18.18,-29.54],[18.2,-29.54],[18.21,-29.54],[18.21,-29.55],[18.2,-29.54],[18.19,-29.54],[18.18,-29.54],[18.17,-29.54],[18.16,-29.53],[18.16,-29.52],[18.17,-29.52]],[[18.11,-29.52],[18.11,-29.53],[18.1,-29.54],[18.09,-29.53],[18.1,-29.52],[18.1,-29.51],[18.11,-29.51],[18.11,-29.52]],[[18.08,-29.51],[18.08,-29.52],[18.07,-29.52],[18.07,-29.51],[18.07,-29.5],[18.08,-29.51]],[[18.16,-29.5],[18.16,-29.49],[18.17,-29.49],[18.18,-29.49],[18.19,-29.49],[18.19,-29.5],[18.2,-29.5],[18.2,-29.49],[18.21,-29.49],[18.22,-29.5],[18.21,-29.5],[18.19,-29.5],[18.18,-29.5],[18.17,-29.51],[18.16,-29.51],[18.16,-29.5]],[[18.23,-29.5],[18.25,-29.5],[18.25,-29.51],[18.24,-29.51],[18.23,-29.5],[18.23,-29.5]],[[22.86,-29.8],[22.87,-29.79],[22.87,-29.8],[22.86,-29.8],[22.86,-29.8]],[[21.07,-28.1],[21.07,-28.1],[21.07,-28.1],[21.07,-28.1],[21.07,-28.1],[21.07,-28.1],[21.07,-28.1],[21.07,-28.1],[21.07,-28.1],[21.07,-28.1],[21.07,-28.1],[21.07,-28.1],[21.07,-28.1],[21.07,-28.1],[21.07,-28.1],[21.07,-28.1],[21.07,-28.1],[21.07,-28.1],[21.07,-28.1],[21.07,-28.1],[21.07,-28.1],[21.07,-28.1],[21.07,-28.1],[21.07,-28.1],[21.07,-28.1],[21.07,-28.1],[21.07,-28.1],[21.07,-28.1],[21.07,-28.1],[21.07,-28.1],[21.07,-28.1],[21.07,-28.1],[21.07,-28.1],[21.07,-28.1],[21.07,-28.1],[21.07,-28.1],[21.07,-28.1],[21.07,-28.1],[21.07,-28.1],[21.07,-28.1],[21.07,-28.1],[21.07,-28.1],[21.07,-28.1],[21.07,-28.1],[21.07,-28.1],[21.07,-28.1],[21.07,-28.1],[21.07,-28.1],[21.07,-28.1],[21.07,-28.1],[21.07,-28.1],[21.07,-28.1],[21.07,-28.1],[21.07,-28.1],[21.07,-28.1],[21.07,-28.1],[21.07,-28.1],[21.07,-28.1],[21.07,-28.1],[21.07,-28.1],[21.07,-28.1],[21.07,-28.1],[21.07,-28.1],[21.07,-28.1],[21.07,-28.1],[21.07,-28.1],[21.07,-28.1],[21.07,-28.1],[21.07,-28.1],[21.07,-28.1],[21.07,-28.1],[21.07,-28.1],[21.07,-28.1],[21.07,-28.1],[21.07,-28.1],[21.07,-28.1],[21.07,-28.1],[21.07,-28.1],[21.07,-28.1],[21.07,-28.1],[21.07,-28.1],[21.07,-28.1],[21.07,-28.1],[21.07,-28.1],[21.07,-28.1],[21.07,-28.1],[21.07,-28.1],[21.07,-28.1],[21.07,-28.1],[21.07,-28.1],[21.07,-28.1],[21.07,-28.1],[21.07,-28.1],[21.07,-28.1],[21.07,-28.1],[21.07,-28.1],[21.07,-28.1],[21.07,-28.1],[21.07,-28.1],[21.07,-28.1],[21.07,-28.1],[21.07,-28.1],[21.07,-28.1],[21.07,-28.1],[21.07,-28.1],[21.07,-28.1],[21.07,-28.1],[21.07,-28.1],[21.07,-28.1],[21.07,-28.1],[21.07,-28.1],[21.07,-28.1],[21.07,-28.1],[21.07,-28.1],[21.07,-28.1],[21.07,-28.1],[21.07,-28.1],[21.07,-28.1],[21.07,-28.1],[21.07,-28.1],[21.07,-28.1],[21.07,-28.1],[21.07,-28.1],[21.07,-28.1],[21.07,-28.1],[21.07,-28.1],[21.07,-28.1],[21.07,-28.1],[21.07,-28.1],[21.07,-28.1],[21.07,-28.1],[21.07,-28.1],[21.07,-28.1],[21.07,-28.1],[21.07,-28.1],[21.07,-28.1],[21.07,-28.1],[21.07,-28.1],[21.07,-28.1],[21.07,-28.1],[21.07,-28.1],[21.07,-28.1],[21.07,-28.1],[21.07,-28.1]]]]},"bbox":[16.16,-31.25,22.98,-23.06]},{"type":"Feature","properties":{},"geometry":{"type":"Polygon","coordinates":[[[128.71,-23.51],[128.4,-23.06],[127.4,-23.01],[126.81,-22.26],[125.69,-22],[124.54,-22.39],[124.81,-22.96],[123.92,-25.31],[125.84,-27.27],[127.21,-26.38],[126.63,-26.27],[126.49,-25.91],[127.44,-24.42],[128.71,-23.51],[128.71,-23.51]]]},"bbox":[123.92,-27.27,128.71,-22]},{"type":"Feature","properties":{},"geometry":{"type":"MultiPolygon","coordinates":[[[[80.15,14.69],[80.23,13.13],[80.15,14.67],[80.15,14.69]]],[[[81.12,16],[80.1,15.49],[81.14,16],[81.12,16]]],[[[82.26,16.89],[82.05,16.51],[81.22,16.35],[82.22,16.53],[82.26,16.88],[82.26,16.89]]],[[[86.97,20.77],[86.11,19.88],[86.97,20.76],[86.97,20.77]]]]},"bbox":[80.1,13.13,86.97,20.77]},{"type":"Feature","properties":{},"geometry":{"type":"Polygon","coordinates":[[[103.35,46.41],[102.06,45.85],[99.51,47.01],[97.92,46.7],[97.05,47.04],[96.61,46.47],[97.68,45.96],[96.3,46],[98.4,45.16],[96.9,45.21],[98.66,44.05],[102,44.12],[102.18,44.46],[103.61,44.22],[104.21,44.65],[104.26,45.49],[103.37,46.33],[103.35,46.41]]]},"bbox":[96.3,44.05,104.26,47.04]},{"type":"Feature","properties":{},"geometry":{"type":"Polygon","coordinates":[[[-111.73,42.04],[-111.99,42.35],[-112.12,41.99],[-112.95,42.1],[-113.66,41.51],[-113.86,41.71],[-114.35,41.11],[-115.79,41.69],[-116.22,41.04],[-116.48,41.34],[-117.61,41.41],[-117.72,41.75],[-117.99,41.55],[-118.22,41.89],[-119.9,40.37],[-120.65,40.43],[-120.06,39.87],[-120.42,39.7],[-119.87,39.49],[-119.45,38.25],[-118.76,37.83],[-118.17,36.56],[-118.15,36.76],[-117.83,36.49],[-117.73,37.34],[-117.01,36.96],[-116.09,37.21],[-115.32,37.01],[-114.6,37.36],[-113.63,37.27],[-112.8,37.84],[-112.16,39.21],[-112.23,38.67],[-111.69,39.18],[-111.63,40.22],[-112.07,41.77],[-111.8,41.46],[-111.73,42.03],[-111.73,42.04]],[[-114.09,41],[-114.1,40.99],[-114.1,41],[-114.1,41.01],[-114.11,41.01],[-114.1,41.02],[-114.1,41.03],[-114.09,41.03],[-114.09,41.04],[-114.08,41.05],[-114.08,41.06],[-114.07,41.06],[-114.06,41.06],[-114.06,41.07],[-114.05,41.07],[-114.05,41.06],[-114.05,41.05],[-114.06,41.04],[-114.06,41.03],[-114.07,41.02],[-114.07,41.01],[-114.07,41],[-114.08,41],[-114.09,41],[-114.09,41]],[[-115.09,41.03],[-115.09,41.02],[-115.09,41.01],[-115.09,41],[-115.09,40.99],[-115.1,40.98],[-115.1,40.97],[-115.1,40.96],[-115.1,40.95],[-115.11,40.95],[-115.11,40.94],[-115.1,40.93],[-115.1,40.92],[-115.1,40.91],[-115.1,40.9],[-115.1,40.89],[-115.1,40.88],[-115.1,40.87],[-115.11,40.87],[-115.11,40.88],[-115.12,40.88],[-115.13,40.87],[-115.14,40.87],[-115.15,40.87],[-115.15,40.88],[-115.16,40.88],[-115.16,40.89],[-115.17,40.89],[-115.18,40.89],[-115.18,40.9],[-115.17,40.9],[-115.16,40.91],[-115.16,40.92],[-115.17,40.92],[-115.18,40.93],[-115.17,40.93],[-115.16,40.92],[-115.16,40.93],[-115.16,40.94],[-115.15,40.94],[-115.14,40.94],[-115.14,40.95],[-115.15,40.95],[-115.16,40.95],[-115.16,40.96],[-115.15,40.97],[-115.14,40.96],[-115.13,40.96],[-115.13,40.97],[-115.12,40.97],[-115.11,40.97],[-115.11,40.98],[-115.12,40.98],[-115.12,40.99],[-115.13,40.99],[-115.13,41],[-115.12,41],[-115.12,41.01],[-115.12,41.02],[-115.12,41.03],[-115.11,41.03],[-115.11,41.04],[-115.11,41.05],[-115.1,41.05],[-115.1,41.04],[-115.09,41.04],[-115.09,41.03],[-115.09,41.03]],[[-114.58,40.88],[-114.59,40.88],[-114.59,40.89],[-114.59,40.9],[-114.59,40.91],[-114.59,40.92],[-114.59,40.93],[-114.59,40.94],[-114.59,40.95],[-114.59,40.96],[-114.59,40.97],[-114.59,40.98],[-114.58,40.97],[-114.58,40.96],[-114.57,40.96],[-114.57,40.95],[-114.57,40.94],[-114.58,40.94],[-114.58,40.93],[-114.58,40.92],[-114.58,40.91],[-114.58,40.9],[-114.58,40.89],[-114.58,40.88],[-114.58,40.88]],[[-115.26,40.77],[-115.47,40.41],[-115.26,40.77],[-115.26,40.77]],[[-114.59,40.62],[-114.6,40.62],[-114.61,40.61],[-114.62,40.61],[-114.63,40.61],[-114.63,40.62],[-114.62,40.62],[-114.61,40.62],[-114.61,40.63],[-114.6,40.63],[-114.59,40.64],[-114.59,40.65],[-114.6,40.65],[-114.6,40.66],[-114.61,40.66],[-114.61,40.67],[-114.6,40.68],[-114.6,40.67],[-114.6,40.66],[-114.59,40.66],[-114.58,40.66],[-114.58,40.65],[-114.58,40.64],[-114.58,40.63],[-114.59,40.63],[-114.59,40.62],[-114.59,40.62]],[[-114.82,40.58],[-114.82,40.57],[-114.81,40.57],[-114.81,40.58],[-114.8,40.58],[-114.79,40.58],[-114.8,40.57],[-114.81,40.57],[-114.81,40.56],[-114.8,40.56],[-114.8,40.55],[-114.8,40.54],[-114.81,40.54],[-114.82,40.53],[-114.82,40.52],[-114.83,40.51],[-114.84,40.51],[-114.85,40.51],[-114.85,40.52],[-114.86,40.52],[-114.86,40.53],[-114.85,40.53],[-114.85,40.54],[-114.84,40.54],[-114.84,40.55],[-114.84,40.56],[-114.83,40.56],[-114.83,40.57],[-114.84,40.57],[-114.84,40.58],[-114.84,40.59],[-114.85,40.59],[-114.84,40.6],[-114.84,40.61],[-114.83,40.61],[-114.83,40.62],[-114.82,40.61],[-114.82,40.6],[-114.83,40.6],[-114.84,40.59],[-114.83,40.58],[-114.82,40.58]],[[-114.31,40.55],[-114.31,40.56],[-114.32,40.56],[-114.31,40.57],[-114.31,40.58],[-114.31,40.59],[-114.3,40.59],[-114.3,40.58],[-114.3,40.57],[-114.3,40.56],[-114.31,40.55]],[[-112.61,40.58],[-112.62,40.57],[-112.63,40.58],[-112.63,40.59],[-112.62,40.59],[-112.62,40.6],[-112.62,40.61],[-112.61,40.61],[-112.61,40.6],[-112.61,40.59],[-112.61,40.58],[-112.61,40.58]],[[-112.62,40.52],[-112.62,40.51],[-112.61,40.51],[-112.61,40.5],[-112.62,40.5],[-112.62,40.49],[-112.61,40.49],[-112.6,40.48],[-112.6,40.49],[-112.59,40.49],[-112.58,40.49],[-112.58,40.48],[-112.58,40.47],[-112.57,40.47],[-112.57,40.46],[-112.56,40.45],[-112.56,40.44],[-112.57,40.44],[-112.58,40.44],[-112.59,40.45],[-112.59,40.44],[-112.59,40.43],[-112.59,40.42],[-112.59,40.41],[-112.58,40.41],[-112.57,40.4],[-112.56,40.39],[-112.56,40.38],[-112.57,40.38],[-112.58,40.38],[-112.59,40.38],[-112.6,40.38],[-112.6,40.39],[-112.61,40.4],[-112.61,40.41],[-112.61,40.42],[-112.61,40.43],[-112.61,40.44],[-112.62,40.44],[-112.63,40.44],[-112.64,40.43],[-112.65,40.44],[-112.64,40.44],[-112.64,40.45],[-112.64,40.46],[-112.65,40.46],[-112.64,40.47],[-112.64,40.48],[-112.65,40.49],[-112.64,40.5],[-112.64,40.51],[-112.64,40.52],[-112.63,40.53],[-112.63,40.54],[-112.63,40.55],[-112.62,40.56],[-112.62,40.55],[-112.62,40.54],[-112.61,40.54],[-112.61,40.53],[-112.62,40.53],[-112.62,40.52],[-112.62,40.52]],[[-112.24,40.5],[-112.24,40.49],[-112.23,40.49],[-112.22,40.49],[-112.22,40.48],[-112.22,40.49],[-112.21,40.49],[-112.21,40.48],[-112.2,40.48],[-112.2,40.47],[-112.19,40.47],[-112.18,40.47],[-112.18,40.48],[-112.17,40.48],[-112.16,40.47],[-112.15,40.47],[-112.15,40.46],[-112.16,40.46],[-112.17,40.46],[-112.18,40.46],[-112.19,40.46],[-112.19,40.45],[-112.2,40.45],[-112.2,40.44],[-112.19,40.44],[-112.18,40.44],[-112.18,40.43],[-112.18,40.42],[-112.18,40.41],[-112.18,40.4],[-112.18,40.39],[-112.17,40.39],[-112.16,40.39],[-112.15,40.39],[-112.15,40.38],[-112.15,40.37],[-112.15,40.36],[-112.15,40.35],[-112.16,40.35],[-112.16,40.36],[-112.17,40.36],[-112.17,40.35],[-112.17,40.34],[-112.18,40.33],[-112.18,40.34],[-112.19,40.34],[-112.2,40.35],[-112.21,40.35],[-112.22,40.34],[-112.23,40.34],[-112.23,40.33],[-112.24,40.33],[-112.24,40.34],[-112.24,40.35],[-112.23,40.35],[-112.24,40.35],[-112.24,40.36],[-112.25,40.36],[-112.24,40.36],[-112.23,40.36],[-112.22,40.36],[-112.21,40.36],[-112.21,40.37],[-112.21,40.38],[-112.22,40.38],[-112.22,40.39],[-112.22,40.4],[-112.21,40.4],[-112.21,40.41],[-112.21,40.42],[-112.22,40.42],[-112.23,40.42],[-112.23,40.41],[-112.24,40.41],[-112.24,40.4],[-112.25,40.39],[-112.26,40.39],[-112.27,40.39],[-112.28,40.39],[-112.28,40.4],[-112.28,40.41],[-112.27,40.41],[-112.27,40.42],[-112.26,40.42],[-112.26,40.41],[-112.25,40.41],[-112.25,40.42],[-112.25,40.43],[-112.26,40.43],[-112.27,40.44],[-112.28,40.44],[-112.27,40.45],[-112.26,40.44],[-112.25,40.44],[-112.24,40.45],[-112.23,40.46],[-112.23,40.47],[-112.24,40.47],[-112.24,40.48],[-112.24,40.49],[-112.25,40.49],[-112.25,40.5],[-112.24,40.5],[-112.24,40.5]],[[-116.87,40.42],[-116.86,40.42],[-116.85,40.42],[-116.84,40.42],[-116.84,40.41],[-116.84,40.4],[-116.84,40.39],[-116.84,40.38],[-116.84,40.37],[-116.85,40.37],[-116.85,40.36],[-116.85,40.35],[-116.84,40.35],[-116.84,40.34],[-116.85,40.34],[-116.85,40.33],[-116.84,40.33],[-116.84,40.32],[-116.85,40.32],[-116.85,40.31],[-116.86,40.3],[-116.87,40.3],[-116.88,40.3],[-116.88,40.31],[-116.88,40.32],[-116.89,40.32],[-116.89,40.33],[-116.88,40.33],[-116.88,40.34],[-116.89,40.34],[-116.9,40.34],[-116.91,40.34],[-116.92,40.35],[-116.93,40.36],[-116.93,40.37],[-116.92,40.37],[-116.91,40.36],[-116.9,40.36],[-116.89,40.36],[-116.88,40.36],[-116.87,40.36],[-116.88,40.36],[-116.88,40.37],[-116.89,40.38],[-116.89,40.39],[-116.9,40.39],[-116.9,40.4],[-116.91,40.4],[-116.9,40.41],[-116.91,40.41],[-116.91,40.42],[-116.89,40.42],[-116.88,40.42],[-116.87,40.42],[-116.87,40.42]],[[-114.53,40.35],[-114.53,40.34],[-114.54,40.34],[-114.55,40.34],[-114.56,40.35],[-114.57,40.35],[-114.56,40.35],[-114.56,40.36],[-114.56,40.37],[-114.55,40.37],[-114.54,40.37],[-114.54,40.36],[-114.53,40.36],[-114.53,40.35],[-114.53,40.35]],[[-114.89,40.27],[-114.89,40.28],[-114.88,40.29],[-114.87,40.28],[-114.87,40.27],[-114.87,40.26],[-114.87,40.25],[-114.87,40.24],[-114.88,40.23],[-114.87,40.23],[-114.87,40.22],[-114.87,40.21],[-114.88,40.21],[-114.88,40.22],[-114.88,40.23],[-114.89,40.24],[-114.9,40.25],[-114.91,40.25],[-114.92,40.26],[-114.93,40.26],[-114.93,40.27],[-114.93,40.28],[-114.92,40.29],[-114.92,40.3],[-114.93,40.3],[-114.93,40.31],[-114.93,40.32],[-114.92,40.32],[-114.92,40.31],[-114.91,40.3],[-114.91,40.29],[-114.9,40.27],[-114.89,40.27],[-114.89,40.27]],[[-112.55,40.27],[-112.55,40.26],[-112.54,40.26],[-112.54,40.25],[-112.53,40.25],[-112.53,40.24],[-112.54,40.24],[-112.54,40.23],[-112.55,40.23],[-112.56,40.24],[-112.56,40.25],[-112.56,40.26],[-112.56,40.27],[-112.55,40.27]],[[-114.9,40.21],[-114.87,40.01],[-114.91,40.21],[-114.9,40.21]],[[-112.19,40.03],[-112.18,40.03],[-112.18,40.02],[-112.17,40.03],[-112.16,40.03],[-112.15,40.03],[-112.14,40.03],[-112.13,40.03],[-112.12,40.03],[-112.11,40.03],[-112.11,40.02],[-112.12,40.02],[-112.13,40.02],[-112.14,40.02],[-112.14,40.01],[-112.15,40.01],[-112.16,40.01],[-112.17,40.01],[-112.18,40.01],[-112.18,40.02],[-112.19,40.02],[-112.2,40.02],[-112.2,40.03],[-112.21,40.03],[-112.2,40.03],[-112.19,40.03]],[[-113.85,39.92],[-113.92,39.73],[-113.85,39.92],[-113.85,39.92]],[[-114.06,39.79],[-114.05,39.79],[-114.04,39.79],[-114.03,39.79],[-114.03,39.78],[-114.02,39.78],[-114.02,39.77],[-114.02,39.76],[-114.03,39.76],[-114.03,39.75],[-114.02,39.75],[-114.01,39.75],[-114,39.74],[-113.99,39.74],[-113.99,39.73],[-114,39.73],[-114,39.72],[-114.01,39.71],[-114.01,39.72],[-114.01,39.73],[-114.02,39.73],[-114.03,39.73],[-114.04,39.73],[-114.04,39.74],[-114.05,39.74],[-114.06,39.74],[-114.07,39.74],[-114.07,39.75],[-114.07,39.76],[-114.07,39.77],[-114.07,39.78],[-114.07,39.79],[-114.08,39.79],[-114.08,39.8],[-114.07,39.8],[-114.06,39.79]],[[-114.2,39.71],[-114.19,39.71],[-114.19,39.7],[-114.18,39.7],[-114.18,39.69],[-114.17,39.68],[-114.16,39.68],[-114.15,39.68],[-114.14,39.67],[-114.13,39.67],[-114.12,39.67],[-114.11,39.67],[-114.11,39.66],[-114.1,39.66],[-114.1,39.65],[-114.09,39.65],[-114.1,39.65],[-114.1,39.64],[-114.11,39.65],[-114.12,39.65],[-114.13,39.65],[-114.14,39.65],[-114.14,39.66],[-114.15,39.66],[-114.16,39.67],[-114.17,39.68],[-114.18,39.68],[-114.19,39.69],[-114.2,39.69],[-114.21,39.69],[-114.22,39.7],[-114.23,39.7],[-114.23,39.71],[-114.23,39.72],[-114.24,39.72],[-114.24,39.73],[-114.23,39.73],[-114.22,39.72],[-114.21,39.72],[-114.2,39.71],[-114.2,39.71]],[[-114.62,39.65],[-114.55,39.25],[-114.62,39.65],[-114.62,39.65]],[[-114.28,39.5],[-114.27,39.5],[-114.27,39.49],[-114.27,39.48],[-114.26,39.47],[-114.26,39.46],[-114.26,39.45],[-114.26,39.44],[-114.26,39.43],[-114.25,39.43],[-114.25,39.42],[-114.25,39.41],[-114.25,39.4],[-114.25,39.39],[-114.25,39.38],[-114.26,39.37],[-114.27,39.37],[-114.27,39.38],[-114.28,39.38],[-114.28,39.39],[-114.29,39.4],[-114.29,39.41],[-114.3,39.41],[-114.3,39.42],[-114.3,39.43],[-114.3,39.45],[-114.3,39.46],[-114.31,39.46],[-114.32,39.46],[-114.32,39.47],[-114.32,39.48],[-114.31,39.48],[-114.3,39.48],[-114.31,39.49],[-114.31,39.5],[-114.3,39.5],[-114.29,39.5],[-114.28,39.5],[-114.28,39.5]],[[-114.12,39.36],[-114.11,39.36],[-114.1,39.36],[-114.1,39.35],[-114.11,39.35],[-114.12,39.35],[-114.13,39.35],[-114.14,39.36],[-114.15,39.36],[-114.15,39.37],[-114.16,39.37],[-114.17,39.38],[-114.17,39.39],[-114.16,39.39],[-114.16,39.4],[-114.15,39.4],[-114.15,39.39],[-114.15,39.38],[-114.14,39.38],[-114.14,39.37],[-114.13,39.37],[-114.12,39.37],[-114.12,39.36],[-114.12,39.36]],[[-114.18,39.32],[-114.17,39.32],[-114.16,39.31],[-114.15,39.31],[-114.15,39.3],[-114.14,39.3],[-114.14,39.31],[-114.13,39.31],[-114.13,39.32],[-114.12,39.32],[-114.11,39.32],[-114.1,39.32],[-114.1,39.31],[-114.11,39.31],[-114.12,39.3],[-114.12,39.29],[-114.11,39.29],[-114.11,39.28],[-114.1,39.27],[-114.09,39.26],[-114.1,39.26],[-114.1,39.25],[-114.11,39.25],[-114.12,39.25],[-114.13,39.25],[-114.12,39.24],[-114.13,39.24],[-114.14,39.24],[-114.15,39.24],[-114.17,39.25],[-114.18,39.24],[-114.17,39.24],[-114.17,39.23],[-114.16,39.23],[-114.15,39.22],[-114.14,39.22],[-114.13,39.22],[-114.13,39.21],[-114.12,39.21],[-114.12,39.2],[-114.12,39.19],[-114.13,39.19],[-114.14,39.19],[-114.15,39.19],[-114.16,39.19],[-114.16,39.18],[-114.17,39.18],[-114.18,39.18],[-114.19,39.18],[-114.19,39.17],[-114.2,39.17],[-114.2,39.18],[-114.2,39.19],[-114.21,39.19],[-114.22,39.2],[-114.23,39.2],[-114.23,39.21],[-114.24,39.2],[-114.25,39.21],[-114.26,39.21],[-114.26,39.2],[-114.27,39.2],[-114.27,39.21],[-114.28,39.21],[-114.28,39.2],[-114.29,39.2],[-114.3,39.21],[-114.3,39.22],[-114.3,39.23],[-114.29,39.24],[-114.29,39.25],[-114.29,39.26],[-114.28,39.26],[-114.28,39.27],[-114.27,39.27],[-114.27,39.28],[-114.27,39.29],[-114.28,39.3],[-114.29,39.3],[-114.28,39.3],[-114.28,39.31],[-114.27,39.32],[-114.26,39.32],[-114.25,39.33],[-114.24,39.32],[-114.23,39.32],[-114.22,39.32],[-114.22,39.33],[-114.21,39.33],[-114.2,39.33],[-114.2,39.34],[-114.19,39.34],[-114.19,39.33],[-114.18,39.33],[-114.18,39.32]],[[-114.68,39.17],[-114.67,39.17],[-114.66,39.17],[-114.66,39.16],[-114.65,39.16],[-114.66,39.15],[-114.67,39.14],[-114.66,39.14],[-114.67,39.13],[-114.67,39.12],[-114.67,39.11],[-114.66,39.11],[-114.65,39.1],[-114.64,39.1],[-114.64,39.09],[-114.64,39.08],[-114.65,39.08],[-114.66,39.08],[-114.66,39.09],[-114.67,39.09],[-114.68,39.1],[-114.68,39.11],[-114.68,39.12],[-114.68,39.13],[-114.68,39.14],[-114.68,39.15],[-114.69,39.15],[-114.69,39.14],[-114.7,39.14],[-114.71,39.15],[-114.7,39.15],[-114.7,39.16],[-114.69,39.16],[-114.69,39.17],[-114.68,39.17],[-114.68,39.17]],[[-114.31,39.05],[-114.23,38.86],[-114.32,39.05],[-114.31,39.05]],[[-114.75,38.73],[-114.74,38.72],[-114.73,38.72],[-114.73,38.71],[-114.72,38.7],[-114.72,38.69],[-114.71,38.69],[-114.71,38.68],[-114.71,38.67],[-114.71,38.66],[-114.71,38.65],[-114.71,38.64],[-114.71,38.63],[-114.72,38.62],[-114.72,38.61],[-114.73,38.6],[-114.74,38.6],[-114.74,38.61],[-114.74,38.62],[-114.74,38.63],[-114.74,38.65],[-114.75,38.66],[-114.76,38.67],[-114.76,38.68],[-114.76,38.69],[-114.77,38.7],[-114.77,38.71],[-114.77,38.72],[-114.78,38.72],[-114.78,38.73],[-114.77,38.73],[-114.77,38.74],[-114.77,38.75],[-114.77,38.76],[-114.76,38.76],[-114.75,38.76],[-114.74,38.76],[-114.74,38.75],[-114.74,38.74],[-114.75,38.74],[-114.75,38.73],[-114.75,38.73]],[[-116.26,38.71],[-116.26,38.7],[-116.26,38.69],[-116.26,38.68],[-116.26,38.67],[-116.27,38.67],[-116.27,38.66],[-116.27,38.65],[-116.26,38.64],[-116.26,38.63],[-116.25,38.62],[-116.25,38.61],[-116.26,38.61],[-116.26,38.6],[-116.27,38.6],[-116.28,38.6],[-116.29,38.6],[-116.3,38.6],[-116.31,38.61],[-116.32,38.61],[-116.32,38.62],[-116.32,38.63],[-116.32,38.64],[-116.33,38.64],[-116.33,38.63],[-116.34,38.63],[-116.35,38.63],[-116.36,38.63],[-116.37,38.62],[-116.38,38.62],[-116.38,38.63],[-116.38,38.64],[-116.38,38.65],[-116.38,38.66],[-116.37,38.67],[-116.37,38.68],[-116.37,38.69],[-116.37,38.7],[-116.36,38.7],[-116.36,38.71],[-116.35,38.71],[-116.34,38.71],[-116.34,38.7],[-116.33,38.7],[-116.32,38.7],[-116.31,38.71],[-116.3,38.71],[-116.3,38.72],[-116.29,38.72],[-116.28,38.73],[-116.27,38.73],[-116.27,38.72],[-116.26,38.72],[-116.26,38.71],[-116.26,38.71]],[[-114.93,38.71],[-114.94,38.71],[-114.94,38.7],[-114.95,38.7],[-114.95,38.69],[-114.95,38.68],[-114.95,38.67],[-114.95,38.66],[-114.94,38.66],[-114.94,38.65],[-114.95,38.65],[-114.95,38.64],[-114.95,38.63],[-114.96,38.62],[-114.96,38.63],[-114.97,38.63],[-114.97,38.64],[-114.98,38.64],[-114.99,38.64],[-114.99,38.65],[-115,38.65],[-115.01,38.65],[-115.01,38.66],[-115.01,38.67],[-115,38.67],[-115,38.68],[-115,38.69],[-114.99,38.68],[-114.98,38.68],[-114.97,38.68],[-114.97,38.69],[-114.96,38.69],[-114.96,38.7],[-114.95,38.71],[-114.94,38.71],[-114.94,38.72],[-114.93,38.72],[-114.93,38.71]],[[-116.49,39.2],[-116.67,38.55],[-116.49,39.2],[-116.49,39.2]],[[-115.53,39.27],[-115.53,39.26],[-115.53,39.25],[-115.52,39.25],[-115.51,39.25],[-115.5,39.24],[-115.51,39.23],[-115.52,39.23],[-115.52,39.22],[-115.52,39.21],[-115.52,39.2],[-115.52,39.19],[-115.53,39.19],[-115.53,39.18],[-115.54,39.18],[-115.54,39.19],[-115.54,39.2],[-115.54,39.22],[-115.55,39.22],[-115.56,39.23],[-115.56,39.24],[-115.56,39.25],[-115.56,39.26],[-115.55,39.26],[-115.56,39.26],[-115.56,39.27],[-115.55,39.27],[-115.55,39.28],[-115.54,39.28],[-115.53,39.28],[-115.53,39.27]],[[-115.38,39.21],[-115.38,39.2],[-115.37,39.2],[-115.37,39.19],[-115.38,39.18],[-115.38,39.17],[-115.38,39.16],[-115.39,39.16],[-115.4,39.17],[-115.4,39.18],[-115.4,39.19],[-115.4,39.2],[-115.4,39.21],[-115.39,39.2],[-115.39,39.21],[-115.38,39.22],[-115.38,39.23],[-115.37,39.23],[-115.37,39.22],[-115.38,39.21],[-115.38,39.21]],[[-114.71,39.27],[-114.71,39.26],[-114.7,39.26],[-114.7,39.25],[-114.7,39.24],[-114.7,39.23],[-114.69,39.22],[-114.69,39.21],[-114.7,39.21],[-114.71,39.21],[-114.71,39.2],[-114.72,39.2],[-114.73,39.2],[-114.74,39.2],[-114.74,39.21],[-114.75,39.21],[-114.75,39.22],[-114.74,39.22],[-114.74,39.23],[-114.74,39.24],[-114.74,39.25],[-114.75,39.25],[-114.76,39.25],[-114.76,39.26],[-114.75,39.27],[-114.75,39.28],[-114.76,39.28],[-114.76,39.29],[-114.75,39.29],[-114.75,39.3],[-114.76,39.31],[-114.75,39.31],[-114.75,39.32],[-114.74,39.32],[-114.74,39.31],[-114.74,39.3],[-114.74,39.29],[-114.73,39.28],[-114.72,39.27],[-114.71,39.27],[-114.71,39.27]],[[-115.42,39.23],[-115.42,39.22],[-115.41,39.22],[-115.41,39.21],[-115.42,39.21],[-115.42,39.2],[-115.43,39.2],[-115.44,39.2],[-115.44,39.19],[-115.45,39.2],[-115.45,39.21],[-115.45,39.22],[-115.46,39.22],[-115.46,39.23],[-115.46,39.24],[-115.47,39.25],[-115.48,39.25],[-115.48,39.26],[-115.47,39.26],[-115.47,39.27],[-115.47,39.28],[-115.46,39.28],[-115.46,39.29],[-115.46,39.3],[-115.45,39.3],[-115.44,39.29],[-115.44,39.28],[-115.44,39.27],[-115.44,39.26],[-115.44,39.25],[-115.43,39.25],[-115.43,39.24],[-115.42,39.23],[-115.42,39.23]],[[-116.45,39.41],[-116.44,39.41],[-116.44,39.4],[-116.44,39.39],[-116.43,39.39],[-116.43,39.38],[-116.42,39.38],[-116.43,39.38],[-116.43,39.37],[-116.43,39.36],[-116.44,39.36],[-116.44,39.35],[-116.44,39.34],[-116.45,39.34],[-116.45,39.33],[-116.45,39.32],[-116.45,39.31],[-116.44,39.31],[-116.43,39.31],[-116.42,39.3],[-116.42,39.29],[-116.43,39.29],[-116.43,39.28],[-116.42,39.28],[-116.42,39.27],[-116.41,39.27],[-116.41,39.26],[-116.42,39.26],[-116.42,39.25],[-116.43,39.25],[-116.43,39.24],[-116.44,39.23],[-116.44,39.22],[-116.45,39.22],[-116.46,39.23],[-116.47,39.23],[-116.48,39.23],[-116.48,39.22],[-116.49,39.22],[-116.5,39.23],[-116.51,39.24],[-116.52,39.24],[-116.52,39.25],[-116.53,39.25],[-116.53,39.26],[-116.52,39.26],[-116.52,39.27],[-116.51,39.27],[-116.51,39.28],[-116.52,39.29],[-116.53,39.29],[-116.53,39.3],[-116.54,39.3],[-116.54,39.31],[-116.54,39.32],[-116.54,39.33],[-116.54,39.34],[-116.55,39.34],[-116.56,39.34],[-116.56,39.35],[-116.55,39.35],[-116.55,39.36],[-116.54,39.36],[-116.53,39.36],[-116.52,39.36],[-116.51,39.37],[-116.51,39.36],[-116.5,39.37],[-116.51,39.37],[-116.51,39.38],[-116.52,39.38],[-116.52,39.39],[-116.51,39.39],[-116.5,39.39],[-116.49,39.39],[-116.49,39.4],[-116.48,39.4],[-116.48,39.41],[-116.47,39.41],[-116.47,39.42],[-116.46,39.42],[-116.45,39.42],[-116.45,39.41]],[[-116.02,39.41],[-116.03,39.41],[-116.03,39.42],[-116.03,39.43],[-116.03,39.44],[-116.02,39.44],[-116.01,39.44],[-116.01,39.45],[-116,39.45],[-116,39.46],[-115.99,39.46],[-115.99,39.45],[-115.99,39.44],[-116,39.44],[-116.01,39.44],[-116.01,39.43],[-116.02,39.43],[-116.02,39.42],[-116.02,39.41]],[[-117.03,39.46],[-117.09,39.26],[-117.04,39.46],[-117.03,39.46]],[[-114.93,39.44],[-114.94,39.44],[-114.95,39.44],[-114.95,39.45],[-114.96,39.45],[-114.96,39.46],[-114.96,39.47],[-114.96,39.48],[-114.96,39.49],[-114.96,39.5],[-114.95,39.5],[-114.95,39.49],[-114.95,39.48],[-114.95,39.47],[-114.95,39.46],[-114.95,39.45],[-114.94,39.45],[-114.93,39.45],[-114.93,39.44],[-114.93,39.44]],[[-115.02,39.42],[-115.03,39.42],[-115.03,39.43],[-115.04,39.44],[-115.03,39.45],[-115.03,39.46],[-115.02,39.46],[-115.02,39.45],[-115.02,39.44],[-115.01,39.44],[-115.01,39.43],[-115.01,39.42],[-115.02,39.42],[-115.02,39.42]],[[-114.88,39.39],[-114.88,39.4],[-114.88,39.41],[-114.88,39.42],[-114.87,39.42],[-114.87,39.41],[-114.87,39.4],[-114.88,39.39]],[[-117.18,39.23],[-117.38,38.66],[-117.18,39.24],[-117.18,39.23]],[[-116.85,39.17],[-116.8,38.97],[-116.85,39.17],[-116.85,39.17]],[[-116.87,38.84],[-116.89,38.64],[-116.87,38.84],[-116.87,38.84]],[[-119.16,38.66],[-119.15,38.65],[-119.14,38.65],[-119.14,38.66],[-119.14,38.67],[-119.13,38.67],[-119.12,38.67],[-119.11,38.67],[-119.1,38.66],[-119.09,38.65],[-119.09,38.64],[-119.08,38.63],[-119.08,38.62],[-119.09,38.62],[-119.09,38.61],[-119.1,38.61],[-119.11,38.61],[-119.11,38.6],[-119.12,38.6],[-119.12,38.61],[-119.13,38.61],[-119.13,38.62],[-119.14,38.62],[-119.14,38.63],[-119.15,38.63],[-119.16,38.64],[-119.17,38.64],[-119.17,38.65],[-119.18,38.66],[-119.18,38.67],[-119.19,38.68],[-119.18,38.69],[-119.18,38.68],[-119.17,38.68],[-119.17,38.67],[-119.16,38.66],[-119.16,38.66]],[[-118.76,38.58],[-118.75,38.58],[-118.75,38.57],[-118.74,38.57],[-118.74,38.56],[-118.73,38.56],[-118.74,38.55],[-118.75,38.55],[-118.76,38.54],[-118.75,38.53],[-118.74,38.53],[-118.74,38.52],[-118.74,38.51],[-118.75,38.5],[-118.74,38.49],[-118.73,38.49],[-118.73,38.48],[-118.72,38.47],[-118.72,38.46],[-118.73,38.46],[-118.73,38.45],[-118.74,38.44],[-118.75,38.44],[-118.76,38.44],[-118.77,38.44],[-118.78,38.44],[-118.79,38.44],[-118.8,38.44],[-118.8,38.45],[-118.81,38.45],[-118.81,38.46],[-118.81,38.47],[-118.82,38.47],[-118.82,38.48],[-118.82,38.49],[-118.83,38.49],[-118.84,38.48],[-118.85,38.48],[-118.86,38.49],[-118.85,38.49],[-118.85,38.5],[-118.85,38.51],[-118.85,38.52],[-118.85,38.53],[-118.85,38.54],[-118.84,38.53],[-118.83,38.53],[-118.82,38.53],[-118.83,38.53],[-118.83,38.54],[-118.83,38.55],[-118.84,38.55],[-118.84,38.56],[-118.84,38.57],[-118.85,38.58],[-118.85,38.59],[-118.84,38.59],[-118.84,38.6],[-118.83,38.6],[-118.83,38.59],[-118.82,38.58],[-118.81,38.59],[-118.81,38.6],[-118.81,38.61],[-118.81,38.62],[-118.81,38.63],[-118.8,38.63],[-118.8,38.62],[-118.79,38.62],[-118.79,38.61],[-118.79,38.6],[-118.78,38.6],[-118.77,38.6],[-118.77,38.59],[-118.76,38.59],[-118.76,38.58]],[[-115.37,38.51],[-115.37,38.5],[-115.38,38.49],[-115.39,38.49],[-115.4,38.49],[-115.4,38.5],[-115.41,38.5],[-115.41,38.51],[-115.4,38.51],[-115.39,38.51],[-115.38,38.51],[-115.37,38.51],[-115.37,38.51]],[[-114.9,38.51],[-114.9,38.5],[-114.91,38.5],[-114.92,38.5],[-114.92,38.49],[-114.92,38.48],[-114.93,38.48],[-114.93,38.47],[-114.94,38.47],[-114.95,38.47],[-114.95,38.48],[-114.94,38.48],[-114.95,38.49],[-114.94,38.5],[-114.94,38.51],[-114.93,38.52],[-114.92,38.51],[-114.91,38.51],[-114.91,38.52],[-114.9,38.53],[-114.9,38.54],[-114.89,38.53],[-114.89,38.52],[-114.9,38.52],[-114.9,38.51],[-114.9,38.51]],[[-115.46,38.53],[-115.45,38.53],[-115.46,38.52],[-115.46,38.53],[-115.47,38.53],[-115.48,38.54],[-115.48,38.55],[-115.48,38.56],[-115.47,38.56],[-115.47,38.55],[-115.46,38.55],[-115.46,38.54],[-115.46,38.53],[-115.46,38.53]],[[-116.73,38.4],[-116.73,38.39],[-116.72,38.39],[-116.72,38.38],[-116.72,38.37],[-116.73,38.36],[-116.74,38.36],[-116.74,38.35],[-116.74,38.34],[-116.75,38.34],[-116.75,38.35],[-116.76,38.35],[-116.77,38.35],[-116.77,38.34],[-116.78,38.34],[-116.78,38.33],[-116.79,38.33],[-116.8,38.33],[-116.8,38.34],[-116.81,38.34],[-116.82,38.34],[-116.83,38.34],[-116.83,38.35],[-116.84,38.35],[-116.84,38.36],[-116.85,38.36],[-116.85,38.37],[-116.86,38.37],[-116.87,38.38],[-116.88,38.38],[-116.88,38.39],[-116.89,38.39],[-116.88,38.4],[-116.87,38.4],[-116.86,38.4],[-116.85,38.4],[-116.84,38.4],[-116.83,38.4],[-116.82,38.4],[-116.81,38.4],[-116.8,38.4],[-116.79,38.4],[-116.78,38.4],[-116.77,38.4],[-116.77,38.41],[-116.77,38.42],[-116.76,38.42],[-116.76,38.43],[-116.76,38.44],[-116.76,38.45],[-116.76,38.46],[-116.75,38.46],[-116.75,38.45],[-116.74,38.45],[-116.74,38.44],[-116.73,38.44],[-116.73,38.43],[-116.72,38.42],[-116.72,38.41],[-116.72,38.4],[-116.73,38.4]],[[-115.48,38.36],[-115.59,38.19],[-115.48,38.36],[-115.48,38.36]],[[-115.66,38.19],[-115.77,38.02],[-115.66,38.2],[-115.66,38.19]],[[-116.44,38.02],[-116.43,38.02],[-116.43,38.01],[-116.43,38],[-116.42,38],[-116.42,37.99],[-116.43,37.99],[-116.42,37.99],[-116.42,37.98],[-116.43,37.98],[-116.43,37.97],[-116.43,37.96],[-116.43,37.95],[-116.42,37.95],[-116.42,37.94],[-116.41,37.94],[-116.4,37.93],[-116.4,37.92],[-116.39,37.92],[-116.39,37.91],[-116.4,37.91],[-116.41,37.9],[-116.42,37.9],[-116.43,37.91],[-116.44,37.92],[-116.45,37.93],[-116.46,37.93],[-116.47,37.94],[-116.48,37.93],[-116.49,37.93],[-116.5,37.93],[-116.51,37.93],[-116.52,37.93],[-116.53,37.94],[-116.53,37.95],[-116.53,37.96],[-116.52,37.96],[-116.52,37.95],[-116.51,37.96],[-116.5,37.96],[-116.5,37.95],[-116.49,37.95],[-116.48,37.95],[-116.48,37.96],[-116.47,37.97],[-116.48,37.97],[-116.48,37.98],[-116.49,37.99],[-116.5,37.99],[-116.51,37.99],[-116.51,38],[-116.51,38.01],[-116.5,38.01],[-116.5,38],[-116.49,38],[-116.49,38.01],[-116.49,38.02],[-116.49,38.03],[-116.48,38.03],[-116.48,38.04],[-116.47,38.04],[-116.47,38.03],[-116.46,38.03],[-116.45,38.03],[-116.45,38.02],[-116.44,38.02]],[[-118.27,37.89],[-118.16,37.36],[-118.27,37.89],[-118.27,37.89]],[[-118.8,38.3],[-118.97,38.19],[-118.8,38.3],[-118.8,38.3]],[[-118.66,38.32],[-118.65,38.32],[-118.64,38.32],[-118.64,38.31],[-118.64,38.3],[-118.64,38.29],[-118.64,38.28],[-118.65,38.27],[-118.66,38.27],[-118.67,38.27],[-118.67,38.26],[-118.67,38.25],[-118.68,38.24],[-118.68,38.23],[-118.68,38.22],[-118.69,38.22],[-118.69,38.23],[-118.69,38.24],[-118.69,38.25],[-118.69,38.26],[-118.69,38.27],[-118.68,38.27],[-118.68,38.28],[-118.69,38.28],[-118.69,38.29],[-118.7,38.29],[-118.71,38.29],[-118.72,38.3],[-118.73,38.31],[-118.72,38.32],[-118.72,38.33],[-118.72,38.34],[-118.71,38.34],[-118.71,38.35],[-118.7,38.35],[-118.69,38.34],[-118.69,38.33],[-118.69,38.32],[-118.68,38.32],[-118.67,38.32],[-118.66,38.32],[-118.66,38.32]],[[-119.28,38.52],[-119.26,38.32],[-119.28,38.52],[-119.28,38.52]],[[-119.1,38.57],[-119.1,38.56],[-119.09,38.56],[-119.08,38.56],[-119.08,38.55],[-119.08,38.54],[-119.08,38.53],[-119.08,38.52],[-119.09,38.52],[-119.1,38.51],[-119.11,38.51],[-119.11,38.52],[-119.12,38.52],[-119.13,38.51],[-119.14,38.51],[-119.15,38.52],[-119.15,38.53],[-119.15,38.54],[-119.16,38.55],[-119.16,38.56],[-119.15,38.57],[-119.14,38.57],[-119.13,38.57],[-119.12,38.57],[-119.12,38.58],[-119.11,38.58],[-119.1,38.58],[-119.1,38.57],[-119.1,38.57]],[[-118.66,38.37],[-118.65,38.37],[-118.64,38.38],[-118.63,38.38],[-118.62,38.38],[-118.61,38.38],[-118.61,38.37],[-118.62,38.36],[-118.63,38.35],[-118.63,38.34],[-118.65,38.34],[-118.66,38.34],[-118.67,38.34],[-118.67,38.35],[-118.68,38.35],[-118.68,38.36],[-118.69,38.36],[-118.7,38.37],[-118.71,38.37],[-118.72,38.38],[-118.73,38.39],[-118.73,38.4],[-118.72,38.4],[-118.71,38.4],[-118.7,38.4],[-118.69,38.4],[-118.68,38.4],[-118.68,38.39],[-118.67,38.39],[-118.66,38.39],[-118.66,38.38],[-118.66,38.37],[-118.66,38.37]],[[-114.97,38.41],[-114.97,38.4],[-114.98,38.41],[-114.98,38.42],[-114.98,38.43],[-114.97,38.43],[-114.97,38.42],[-114.96,38.42],[-114.97,38.42],[-114.97,38.41],[-114.97,38.41]],[[-117.02,38.6],[-117.03,38.6],[-117.03,38.59],[-117.02,38.58],[-117.02,38.57],[-117.03,38.57],[-117.04,38.57],[-117.04,38.56],[-117.05,38.56],[-117.05,38.57],[-117.06,38.57],[-117.07,38.57],[-117.07,38.58],[-117.06,38.58],[-117.05,38.58],[-117.05,38.59],[-117.05,38.6],[-117.04,38.6],[-117.03,38.6],[-117.03,38.61],[-117.02,38.61],[-117.02,38.62],[-117.01,38.61],[-117.02,38.6],[-117.02,38.6]],[[-117.51,38.8],[-117.51,38.79],[-117.52,38.79],[-117.52,38.78],[-117.52,38.77],[-117.52,38.76],[-117.52,38.75],[-117.52,38.74],[-117.52,38.73],[-117.52,38.72],[-117.53,38.72],[-117.53,38.71],[-117.53,38.7],[-117.54,38.7],[-117.54,38.69],[-117.55,38.69],[-117.56,38.69],[-117.56,38.7],[-117.57,38.7],[-117.57,38.71],[-117.58,38.71],[-117.58,38.72],[-117.57,38.72],[-117.56,38.72],[-117.55,38.73],[-117.56,38.73],[-117.56,38.74],[-117.57,38.74],[-117.57,38.75],[-117.56,38.75],[-117.56,38.76],[-117.56,38.77],[-117.57,38.78],[-117.56,38.78],[-117.56,38.79],[-117.55,38.79],[-117.54,38.79],[-117.54,38.8],[-117.55,38.8],[-117.54,38.81],[-117.54,38.8],[-117.53,38.8],[-117.53,38.81],[-117.53,38.82],[-117.53,38.83],[-117.52,38.83],[-117.52,38.82],[-117.51,38.82],[-117.51,38.81],[-117.51,38.8],[-117.51,38.8]],[[-118.82,38.77],[-118.82,38.76],[-118.83,38.76],[-118.84,38.76],[-118.84,38.77],[-118.84,38.78],[-118.85,38.79],[-118.85,38.8],[-118.85,38.81],[-118.86,38.81],[-118.86,38.82],[-118.85,38.82],[-118.84,38.82],[-118.83,38.82],[-118.83,38.81],[-118.82,38.81],[-118.82,38.8],[-118.81,38.79],[-118.81,38.78],[-118.82,38.77],[-118.82,38.77]],[[-119.47,39.21],[-119.46,38.81],[-119.47,39.22],[-119.47,39.21]],[[-117.41,39.2],[-117.53,39.04],[-117.41,39.2],[-117.41,39.2]],[[-117.76,38.92],[-117.77,38.92],[-117.77,38.93],[-117.78,38.93],[-117.78,38.94],[-117.79,38.94],[-117.78,38.94],[-117.78,38.95],[-117.77,38.95],[-117.76,38.95],[-117.76,38.94],[-117.76,38.93],[-117.75,38.92],[-117.76,38.92]],[[-117.54,38.91],[-117.54,38.9],[-117.54,38.89],[-117.53,38.89],[-117.53,38.88],[-117.53,38.87],[-117.54,38.86],[-117.55,38.87],[-117.56,38.87],[-117.57,38.88],[-117.56,38.88],[-117.56,38.89],[-117.57,38.89],[-117.58,38.89],[-117.58,38.9],[-117.58,38.91],[-117.57,38.91],[-117.56,38.91],[-117.57,38.92],[-117.56,38.92],[-117.55,38.92],[-117.54,38.91],[-117.54,38.91]],[[-117.81,38.8],[-117.82,38.8],[-117.83,38.8],[-117.83,38.81],[-117.84,38.81],[-117.84,38.82],[-117.84,38.83],[-117.83,38.84],[-117.83,38.83],[-117.82,38.83],[-117.82,38.82],[-117.82,38.81],[-117.81,38.81],[-117.81,38.8],[-117.81,38.8]],[[-117.76,39.42],[-117.72,39.22],[-117.76,39.42],[-117.76,39.42]],[[-117.62,39.48],[-117.62,39.47],[-117.63,39.47],[-117.63,39.46],[-117.64,39.46],[-117.63,39.45],[-117.64,39.44],[-117.64,39.43],[-117.65,39.43],[-117.65,39.42],[-117.66,39.42],[-117.67,39.42],[-117.67,39.43],[-117.66,39.43],[-117.66,39.44],[-117.65,39.44],[-117.65,39.45],[-117.66,39.45],[-117.66,39.46],[-117.66,39.47],[-117.65,39.47],[-117.64,39.47],[-117.63,39.47],[-117.63,39.48],[-117.62,39.48],[-117.62,39.48]],[[-117.93,39.6],[-117.92,39.6],[-117.91,39.6],[-117.9,39.6],[-117.89,39.6],[-117.89,39.59],[-117.88,39.58],[-117.87,39.58],[-117.88,39.57],[-117.89,39.58],[-117.9,39.58],[-117.9,39.57],[-117.9,39.56],[-117.89,39.56],[-117.89,39.55],[-117.88,39.55],[-117.89,39.54],[-117.9,39.54],[-117.9,39.53],[-117.9,39.52],[-117.91,39.52],[-117.9,39.51],[-117.9,39.5],[-117.91,39.5],[-117.92,39.5],[-117.93,39.5],[-117.94,39.51],[-117.95,39.51],[-117.96,39.52],[-117.95,39.52],[-117.94,39.52],[-117.94,39.53],[-117.95,39.53],[-117.95,39.54],[-117.94,39.55],[-117.94,39.56],[-117.94,39.57],[-117.95,39.57],[-117.95,39.58],[-117.95,39.59],[-117.94,39.59],[-117.94,39.6],[-117.93,39.6],[-117.93,39.6]],[[-116.87,39.81],[-116.93,39.61],[-116.87,39.82],[-116.87,39.81]],[[-116.56,39.74],[-116.56,39.73],[-116.57,39.73],[-116.58,39.73],[-116.59,39.73],[-116.6,39.73],[-116.61,39.72],[-116.6,39.7],[-116.6,39.69],[-116.6,39.68],[-116.6,39.67],[-116.61,39.67],[-116.61,39.66],[-116.61,39.65],[-116.61,39.64],[-116.61,39.63],[-116.61,39.62],[-116.62,39.62],[-116.62,39.63],[-116.62,39.64],[-116.63,39.64],[-116.63,39.65],[-116.63,39.66],[-116.62,39.66],[-116.62,39.67],[-116.63,39.67],[-116.63,39.68],[-116.62,39.69],[-116.62,39.7],[-116.62,39.71],[-116.62,39.72],[-116.62,39.73],[-116.62,39.74],[-116.61,39.74],[-116.61,39.75],[-116.6,39.75],[-116.6,39.76],[-116.59,39.76],[-116.59,39.77],[-116.58,39.77],[-116.58,39.78],[-116.58,39.79],[-116.58,39.8],[-116.58,39.81],[-116.58,39.82],[-116.57,39.83],[-116.57,39.84],[-116.56,39.84],[-116.56,39.85],[-116.56,39.86],[-116.55,39.87],[-116.55,39.88],[-116.55,39.89],[-116.56,39.89],[-116.55,39.9],[-116.55,39.91],[-116.54,39.91],[-116.54,39.9],[-116.55,39.9],[-116.54,39.9],[-116.54,39.89],[-116.54,39.88],[-116.54,39.87],[-116.54,39.86],[-116.54,39.85],[-116.54,39.84],[-116.54,39.83],[-116.55,39.83],[-116.55,39.82],[-116.55,39.81],[-116.55,39.8],[-116.56,39.8],[-116.56,39.79],[-116.57,39.79],[-116.57,39.78],[-116.56,39.77],[-116.56,39.76],[-116.57,39.76],[-116.56,39.75],[-116.56,39.74],[-116.56,39.74]],[[-115.27,39.64],[-115.28,39.64],[-115.29,39.64],[-115.29,39.65],[-115.29,39.66],[-115.3,39.66],[-115.3,39.67],[-115.3,39.68],[-115.3,39.69],[-115.29,39.69],[-115.28,39.7],[-115.29,39.71],[-115.29,39.72],[-115.28,39.73],[-115.28,39.74],[-115.27,39.74],[-115.27,39.73],[-115.26,39.73],[-115.26,39.72],[-115.26,39.71],[-115.26,39.7],[-115.27,39.69],[-115.27,39.68],[-115.26,39.67],[-115.26,39.66],[-115.27,39.66],[-115.26,39.66],[-115.26,39.65],[-115.26,39.64],[-115.27,39.64],[-115.27,39.64]],[[-115.63,39.64],[-115.63,39.65],[-115.64,39.66],[-115.63,39.67],[-115.63,39.68],[-115.63,39.69],[-115.64,39.69],[-115.64,39.7],[-115.64,39.71],[-115.64,39.72],[-115.64,39.73],[-115.63,39.73],[-115.63,39.72],[-115.62,39.71],[-115.62,39.7],[-115.61,39.7],[-115.61,39.69],[-115.61,39.68],[-115.61,39.67],[-115.61,39.66],[-115.61,39.65],[-115.62,39.65],[-115.62,39.64],[-115.63,39.64]],[[-115.82,39.69],[-115.82,39.68],[-115.81,39.67],[-115.82,39.66],[-115.82,39.65],[-115.83,39.66],[-115.83,39.67],[-115.83,39.68],[-115.83,39.69],[-115.84,39.69],[-115.84,39.7],[-115.83,39.7],[-115.82,39.7],[-115.82,39.69]],[[-114.87,39.76],[-114.87,39.75],[-114.86,39.75],[-114.86,39.76],[-114.86,39.75],[-114.86,39.74],[-114.87,39.73],[-114.86,39.73],[-114.86,39.72],[-114.86,39.71],[-114.86,39.7],[-114.87,39.7],[-114.88,39.7],[-114.89,39.7],[-114.89,39.69],[-114.88,39.69],[-114.88,39.68],[-114.88,39.67],[-114.89,39.67],[-114.89,39.66],[-114.89,39.65],[-114.9,39.65],[-114.91,39.65],[-114.92,39.65],[-114.93,39.64],[-114.94,39.64],[-114.95,39.64],[-114.95,39.63],[-114.96,39.64],[-114.96,39.65],[-114.96,39.66],[-114.96,39.67],[-114.95,39.67],[-114.95,39.68],[-114.94,39.68],[-114.94,39.69],[-114.93,39.7],[-114.92,39.7],[-114.91,39.7],[-114.91,39.71],[-114.9,39.71],[-114.89,39.71],[-114.88,39.72],[-114.88,39.73],[-114.89,39.73],[-114.89,39.74],[-114.88,39.75],[-114.88,39.76],[-114.87,39.76],[-114.87,39.76]],[[-115.81,39.56],[-115.82,39.56],[-115.82,39.57],[-115.83,39.57],[-115.83,39.58],[-115.83,39.59],[-115.83,39.6],[-115.83,39.61],[-115.83,39.62],[-115.83,39.63],[-115.82,39.63],[-115.81,39.63],[-115.81,39.62],[-115.81,39.61],[-115.8,39.6],[-115.8,39.59],[-115.8,39.58],[-115.8,39.57],[-115.81,39.56],[-115.81,39.56]],[[-116.68,39.63],[-116.68,39.62],[-116.69,39.62],[-116.69,39.61],[-116.69,39.6],[-116.69,39.59],[-116.69,39.58],[-116.7,39.58],[-116.7,39.57],[-116.71,39.57],[-116.71,39.56],[-116.72,39.56],[-116.72,39.55],[-116.73,39.55],[-116.73,39.54],[-116.74,39.54],[-116.74,39.55],[-116.75,39.55],[-116.75,39.54],[-116.76,39.53],[-116.77,39.53],[-116.78,39.53],[-116.79,39.53],[-116.8,39.53],[-116.8,39.54],[-116.79,39.54],[-116.79,39.55],[-116.79,39.56],[-116.79,39.57],[-116.78,39.58],[-116.78,39.59],[-116.77,39.6],[-116.76,39.6],[-116.76,39.59],[-116.75,39.59],[-116.75,39.6],[-116.74,39.6],[-116.73,39.6],[-116.73,39.61],[-116.73,39.62],[-116.72,39.62],[-116.72,39.61],[-116.71,39.61],[-116.7,39.62],[-116.71,39.62],[-116.71,39.63],[-116.7,39.63],[-116.69,39.63],[-116.69,39.64],[-116.68,39.63],[-116.68,39.63]],[[-116.29,39.89],[-116.28,39.89],[-116.27,39.9],[-116.26,39.9],[-116.25,39.9],[-116.25,39.89],[-116.25,39.88],[-116.25,39.87],[-116.24,39.87],[-116.24,39.86],[-116.23,39.85],[-116.24,39.84],[-116.24,39.83],[-116.24,39.82],[-116.25,39.81],[-116.26,39.81],[-116.27,39.82],[-116.28,39.82],[-116.29,39.83],[-116.3,39.83],[-116.3,39.84],[-116.31,39.84],[-116.32,39.84],[-116.32,39.85],[-116.33,39.84],[-116.34,39.84],[-116.34,39.83],[-116.33,39.83],[-116.33,39.82],[-116.32,39.82],[-116.32,39.81],[-116.32,39.8],[-116.32,39.79],[-116.33,39.79],[-116.34,39.78],[-116.35,39.77],[-116.35,39.78],[-116.36,39.78],[-116.36,39.79],[-116.37,39.79],[-116.37,39.8],[-116.38,39.8],[-116.38,39.81],[-116.39,39.81],[-116.39,39.82],[-116.39,39.83],[-116.39,39.84],[-116.38,39.84],[-116.37,39.84],[-116.36,39.84],[-116.35,39.84],[-116.35,39.85],[-116.36,39.85],[-116.36,39.86],[-116.37,39.86],[-116.37,39.87],[-116.36,39.88],[-116.35,39.88],[-116.34,39.88],[-116.34,39.89],[-116.34,39.9],[-116.35,39.9],[-116.35,39.91],[-116.35,39.92],[-116.34,39.92],[-116.33,39.91],[-116.32,39.91],[-116.32,39.9],[-116.31,39.9],[-116.3,39.9],[-116.29,39.89],[-116.29,39.89]],[[-114.63,39.9],[-114.63,39.89],[-114.64,39.89],[-114.65,39.9],[-114.64,39.91],[-114.64,39.92],[-114.64,39.93],[-114.63,39.93],[-114.62,39.94],[-114.62,39.95],[-114.62,39.96],[-114.62,39.97],[-114.61,39.97],[-114.61,39.98],[-114.61,39.99],[-114.61,40],[-114.6,40],[-114.59,39.99],[-114.58,39.98],[-114.58,39.97],[-114.59,39.97],[-114.59,39.96],[-114.59,39.95],[-114.6,39.95],[-114.6,39.94],[-114.61,39.94],[-114.61,39.93],[-114.61,39.92],[-114.62,39.92],[-114.63,39.91],[-114.63,39.9],[-114.63,39.9]],[[-115.79,39.87],[-115.79,39.86],[-115.79,39.85],[-115.79,39.84],[-115.79,39.83],[-115.8,39.83],[-115.8,39.82],[-115.8,39.81],[-115.8,39.8],[-115.8,39.79],[-115.81,39.79],[-115.81,39.78],[-115.81,39.79],[-115.82,39.79],[-115.82,39.8],[-115.82,39.81],[-115.82,39.82],[-115.82,39.83],[-115.81,39.83],[-115.8,39.84],[-115.8,39.85],[-115.8,39.86],[-115.81,39.86],[-115.81,39.85],[-115.82,39.85],[-115.82,39.86],[-115.83,39.87],[-115.82,39.87],[-115.81,39.87],[-115.81,39.88],[-115.81,39.89],[-115.81,39.9],[-115.8,39.9],[-115.8,39.89],[-115.79,39.88],[-115.79,39.87]],[[-114.64,39.87],[-114.64,39.86],[-114.64,39.85],[-114.64,39.84],[-114.64,39.83],[-114.65,39.83],[-114.65,39.82],[-114.65,39.81],[-114.66,39.82],[-114.66,39.83],[-114.66,39.84],[-114.66,39.85],[-114.67,39.84],[-114.68,39.84],[-114.67,39.85],[-114.67,39.86],[-114.67,39.87],[-114.66,39.87],[-114.66,39.86],[-114.66,39.87],[-114.65,39.87],[-114.64,39.88],[-114.64,39.87],[-114.64,39.87]],[[-114.46,39.82],[-114.46,39.81],[-114.46,39.8],[-114.47,39.81],[-114.47,39.82],[-114.48,39.83],[-114.48,39.84],[-114.47,39.85],[-114.46,39.85],[-114.46,39.84],[-114.46,39.83],[-114.46,39.82]],[[-115.01,39.82],[-115.01,39.81],[-115.02,39.81],[-115.03,39.81],[-115.03,39.82],[-115.02,39.83],[-115.03,39.83],[-115.03,39.84],[-115.02,39.84],[-115.02,39.85],[-115.02,39.84],[-115.01,39.84],[-115,39.83],[-115.01,39.83],[-115.01,39.82],[-115.01,39.82]],[[-115.27,39.85],[-115.28,39.85],[-115.28,39.86],[-115.28,39.87],[-115.28,39.88],[-115.27,39.88],[-115.26,39.88],[-115.26,39.87],[-115.27,39.86],[-115.27,39.85],[-115.27,39.85]],[[-115.55,39.92],[-115.56,39.92],[-115.57,39.93],[-115.56,39.93],[-115.55,39.93],[-115.54,39.93],[-115.54,39.92],[-115.55,39.92],[-115.55,39.92]],[[-114.41,39.98],[-114.4,39.98],[-114.39,39.98],[-114.39,39.97],[-114.39,39.96],[-114.39,39.95],[-114.4,39.95],[-114.4,39.94],[-114.41,39.94],[-114.41,39.93],[-114.42,39.93],[-114.43,39.93],[-114.43,39.94],[-114.42,39.95],[-114.42,39.96],[-114.42,39.97],[-114.43,39.97],[-114.43,39.98],[-114.42,39.98],[-114.42,39.99],[-114.41,39.99],[-114.41,39.98],[-114.41,39.98]],[[-117.46,39.6],[-117.47,39.6],[-117.48,39.6],[-117.49,39.61],[-117.49,39.62],[-117.49,39.63],[-117.49,39.64],[-117.49,39.65],[-117.48,39.65],[-117.48,39.66],[-117.47,39.67],[-117.46,39.67],[-117.46,39.66],[-117.45,39.66],[-117.45,39.65],[-117.45,39.64],[-117.44,39.64],[-117.43,39.64],[-117.43,39.63],[-117.43,39.62],[-117.44,39.61],[-117.45,39.61],[-117.46,39.6],[-117.46,39.6]],[[-117.79,39.7],[-117.78,39.69],[-117.78,39.7],[-117.78,39.69],[-117.77,39.69],[-117.78,39.69],[-117.78,39.68],[-117.79,39.68],[-117.79,39.67],[-117.8,39.66],[-117.8,39.65],[-117.8,39.64],[-117.81,39.64],[-117.81,39.63],[-117.82,39.63],[-117.83,39.63],[-117.84,39.62],[-117.84,39.61],[-117.85,39.61],[-117.86,39.6],[-117.87,39.61],[-117.86,39.62],[-117.85,39.63],[-117.84,39.64],[-117.84,39.65],[-117.83,39.65],[-117.83,39.66],[-117.82,39.66],[-117.81,39.67],[-117.81,39.68],[-117.81,39.69],[-117.8,39.69],[-117.8,39.7],[-117.79,39.7]],[[-115.47,39.32],[-115.47,39.33],[-115.47,39.34],[-115.47,39.35],[-115.48,39.35],[-115.48,39.36],[-115.48,39.37],[-115.48,39.38],[-115.47,39.38],[-115.47,39.37],[-115.47,39.36],[-115.46,39.36],[-115.46,39.35],[-115.46,39.34],[-115.46,39.33],[-115.46,39.32],[-115.47,39.32]],[[-116.09,39.31],[-116.1,39.31],[-116.1,39.32],[-116.1,39.33],[-116.1,39.34],[-116.09,39.34],[-116.09,39.35],[-116.08,39.34],[-116.08,39.33],[-116.08,39.32],[-116.09,39.32],[-116.09,39.31],[-116.09,39.31]],[[-114.9,39.12],[-114.89,39.12],[-114.89,39.11],[-114.89,39.1],[-114.89,39.09],[-114.89,39.08],[-114.88,39.07],[-114.88,39.06],[-114.88,39.05],[-114.88,39.04],[-114.89,39.04],[-114.89,39.03],[-114.89,39.02],[-114.89,39.01],[-114.9,39],[-114.91,39],[-114.91,39.01],[-114.92,39.02],[-114.93,39.02],[-114.93,39.03],[-114.94,39.03],[-114.94,39.04],[-114.95,39.04],[-114.94,39.05],[-114.93,39.06],[-114.92,39.06],[-114.92,39.07],[-114.92,39.08],[-114.93,39.08],[-114.93,39.09],[-114.94,39.1],[-114.94,39.11],[-114.95,39.11],[-114.95,39.12],[-114.96,39.13],[-114.96,39.14],[-114.96,39.15],[-114.96,39.16],[-114.95,39.16],[-114.95,39.17],[-114.94,39.17],[-114.94,39.18],[-114.93,39.19],[-114.92,39.19],[-114.92,39.18],[-114.92,39.17],[-114.91,39.17],[-114.91,39.16],[-114.91,39.15],[-114.91,39.14],[-114.9,39.13],[-114.91,39.12],[-114.9,39.12]],[[-114.63,38.93],[-114.62,38.93],[-114.61,38.93],[-114.6,38.92],[-114.61,38.92],[-114.61,38.91],[-114.62,38.91],[-114.62,38.9],[-114.62,38.89],[-114.63,38.89],[-114.63,38.88],[-114.63,38.87],[-114.63,38.86],[-114.64,38.86],[-114.64,38.85],[-114.65,38.85],[-114.65,38.84],[-114.66,38.84],[-114.66,38.85],[-114.66,38.86],[-114.65,38.86],[-114.66,38.86],[-114.66,38.87],[-114.67,38.87],[-114.68,38.88],[-114.69,38.88],[-114.7,38.88],[-114.7,38.87],[-114.7,38.86],[-114.7,38.85],[-114.71,38.85],[-114.72,38.85],[-114.73,38.86],[-114.73,38.87],[-114.74,38.87],[-114.75,38.87],[-114.75,38.88],[-114.76,38.89],[-114.75,38.9],[-114.74,38.91],[-114.74,38.9],[-114.73,38.9],[-114.73,38.91],[-114.73,38.92],[-114.73,38.93],[-114.73,38.94],[-114.72,38.94],[-114.72,38.93],[-114.72,38.92],[-114.71,38.92],[-114.71,38.91],[-114.71,38.9],[-114.7,38.89],[-114.69,38.89],[-114.68,38.89],[-114.67,38.89],[-114.67,38.9],[-114.67,38.91],[-114.67,38.92],[-114.68,38.92],[-114.68,38.93],[-114.68,38.94],[-114.68,38.95],[-114.67,38.96],[-114.68,38.97],[-114.68,38.98],[-114.67,38.99],[-114.66,38.99],[-114.66,39],[-114.65,39],[-114.65,38.99],[-114.65,38.98],[-114.66,38.98],[-114.66,38.97],[-114.66,38.96],[-114.66,38.95],[-114.65,38.94],[-114.64,38.93],[-114.63,38.93]],[[-114.88,38.98],[-114.92,38.78],[-114.88,38.98],[-114.88,38.98]],[[-116.31,38.78],[-116.32,38.78],[-116.32,38.79],[-116.33,38.79],[-116.33,38.8],[-116.32,38.8],[-116.32,38.81],[-116.32,38.82],[-116.32,38.83],[-116.32,38.84],[-116.32,38.85],[-116.32,38.86],[-116.31,38.86],[-116.31,38.87],[-116.3,38.87],[-116.3,38.88],[-116.29,38.88],[-116.28,38.87],[-116.28,38.86],[-116.28,38.85],[-116.28,38.84],[-116.28,38.83],[-116.28,38.82],[-116.29,38.81],[-116.3,38.8],[-116.3,38.79],[-116.31,38.79],[-116.31,38.78],[-116.31,38.78]],[[-115.39,38.88],[-115.4,38.87],[-115.4,38.86],[-115.4,38.85],[-115.39,38.85],[-115.39,38.84],[-115.4,38.83],[-115.41,38.83],[-115.41,38.84],[-115.42,38.84],[-115.43,38.84],[-115.44,38.84],[-115.45,38.84],[-115.45,38.85],[-115.44,38.86],[-115.45,38.86],[-115.46,38.86],[-115.47,38.85],[-115.48,38.85],[-115.48,38.86],[-115.47,38.87],[-115.47,38.88],[-115.46,38.88],[-115.45,38.88],[-115.45,38.89],[-115.45,38.9],[-115.46,38.9],[-115.46,38.91],[-115.46,38.92],[-115.46,38.93],[-115.46,38.94],[-115.45,38.94],[-115.45,38.95],[-115.45,38.96],[-115.44,38.96],[-115.45,38.97],[-115.46,38.98],[-115.46,38.99],[-115.45,38.99],[-115.45,39],[-115.44,39],[-115.44,39.01],[-115.44,39.02],[-115.45,39.02],[-115.44,39.02],[-115.43,39.02],[-115.42,39.03],[-115.41,39.02],[-115.41,39.01],[-115.4,39.01],[-115.4,39],[-115.4,38.99],[-115.39,38.99],[-115.38,38.99],[-115.38,38.98],[-115.37,38.98],[-115.37,38.97],[-115.38,38.97],[-115.39,38.97],[-115.4,38.97],[-115.4,38.96],[-115.41,38.96],[-115.41,38.95],[-115.41,38.94],[-115.4,38.93],[-115.39,38.92],[-115.38,38.91],[-115.39,38.91],[-115.39,38.9],[-115.39,38.89],[-115.39,38.88],[-115.39,38.88]],[[-116.22,39.17],[-116.22,39.16],[-116.22,39.15],[-116.21,39.15],[-116.22,39.14],[-116.23,39.13],[-116.23,39.12],[-116.23,39.11],[-116.23,39.1],[-116.23,39.09],[-116.24,39.1],[-116.24,39.09],[-116.24,39.08],[-116.25,39.08],[-116.25,39.07],[-116.25,39.06],[-116.25,39.05],[-116.25,39.04],[-116.25,39.03],[-116.24,39.03],[-116.24,39.02],[-116.24,39.01],[-116.25,39.01],[-116.25,39],[-116.25,39.01],[-116.26,39.01],[-116.25,39.01],[-116.25,39.02],[-116.26,39.02],[-116.27,39.02],[-116.27,39.03],[-116.27,39.04],[-116.28,39.04],[-116.29,39.04],[-116.29,39.05],[-116.29,39.06],[-116.3,39.07],[-116.3,39.08],[-116.3,39.09],[-116.29,39.09],[-116.29,39.1],[-116.29,39.11],[-116.29,39.12],[-116.29,39.13],[-116.28,39.13],[-116.28,39.14],[-116.28,39.15],[-116.28,39.16],[-116.28,39.17],[-116.27,39.17],[-116.27,39.18],[-116.26,39.18],[-116.25,39.18],[-116.25,39.17],[-116.24,39.17],[-116.23,39.18],[-116.23,39.19],[-116.24,39.19],[-116.24,39.2],[-116.23,39.2],[-116.22,39.2],[-116.22,39.19],[-116.22,39.18],[-116.22,39.17],[-116.22,39.17]],[[-115.41,39.11],[-115.41,39.1],[-115.4,39.11],[-115.39,39.11],[-115.39,39.1],[-115.38,39.09],[-115.39,39.09],[-115.39,39.08],[-115.39,39.07],[-115.4,39.07],[-115.41,39.07],[-115.42,39.07],[-115.43,39.06],[-115.44,39.06],[-115.44,39.07],[-115.44,39.08],[-115.44,39.09],[-115.44,39.1],[-115.44,39.11],[-115.45,39.12],[-115.44,39.13],[-115.44,39.12],[-115.43,39.12],[-115.43,39.11],[-115.42,39.11],[-115.41,39.11],[-115.41,39.11]],[[-115.31,39.07],[-115.32,39.07],[-115.32,39.08],[-115.32,39.09],[-115.31,39.09],[-115.3,39.09],[-115.3,39.08],[-115.3,39.07],[-115.31,39.07],[-115.31,39.07]],[[-115.54,39.97],[-115.54,39.96],[-115.54,39.95],[-115.55,39.95],[-115.55,39.96],[-115.56,39.96],[-115.57,39.96],[-115.58,39.96],[-115.58,39.97],[-115.57,39.97],[-115.56,39.97],[-115.55,39.97],[-115.55,39.98],[-115.54,39.97]],[[-116.7,40.04],[-116.71,40.04],[-116.71,40.05],[-116.72,40.06],[-116.71,40.06],[-116.71,40.07],[-116.7,40.07],[-116.69,40.06],[-116.69,40.05],[-116.69,40.04],[-116.7,40.04],[-116.7,40.04]],[[-115.55,40.26],[-115.54,40.26],[-115.53,40.26],[-115.52,40.25],[-115.52,40.24],[-115.52,40.23],[-115.52,40.22],[-115.52,40.21],[-115.52,40.2],[-115.52,40.19],[-115.53,40.19],[-115.53,40.18],[-115.52,40.18],[-115.53,40.17],[-115.54,40.17],[-115.54,40.16],[-115.55,40.16],[-115.55,40.15],[-115.56,40.15],[-115.56,40.14],[-115.56,40.13],[-115.56,40.12],[-115.56,40.11],[-115.57,40.11],[-115.57,40.1],[-115.57,40.08],[-115.58,40.08],[-115.59,40.07],[-115.6,40.08],[-115.6,40.09],[-115.6,40.1],[-115.61,40.1],[-115.61,40.11],[-115.61,40.12],[-115.6,40.13],[-115.6,40.14],[-115.59,40.14],[-115.59,40.15],[-115.58,40.15],[-115.57,40.15],[-115.57,40.16],[-115.58,40.16],[-115.58,40.17],[-115.58,40.18],[-115.58,40.19],[-115.58,40.2],[-115.58,40.21],[-115.57,40.21],[-115.57,40.22],[-115.57,40.23],[-115.56,40.23],[-115.56,40.24],[-115.57,40.24],[-115.58,40.25],[-115.57,40.25],[-115.57,40.26],[-115.56,40.26],[-115.56,40.27],[-115.55,40.26]],[[-115.15,40.25],[-115.14,40.25],[-115.13,40.25],[-115.13,40.24],[-115.12,40.24],[-115.12,40.25],[-115.11,40.26],[-115.11,40.25],[-115.1,40.24],[-115.1,40.23],[-115.1,40.22],[-115.11,40.22],[-115.12,40.22],[-115.13,40.22],[-115.14,40.22],[-115.15,40.22],[-115.15,40.23],[-115.16,40.23],[-115.17,40.24],[-115.17,40.25],[-115.16,40.26],[-115.15,40.25],[-115.15,40.25]],[[-116.54,40.17],[-116.54,40.16],[-116.55,40.16],[-116.55,40.15],[-116.56,40.15],[-116.56,40.14],[-116.57,40.14],[-116.57,40.13],[-116.57,40.14],[-116.57,40.15],[-116.58,40.15],[-116.59,40.15],[-116.59,40.16],[-116.59,40.17],[-116.58,40.17],[-116.58,40.18],[-116.57,40.18],[-116.57,40.17],[-116.56,40.17],[-116.55,40.18],[-116.54,40.18],[-116.54,40.17],[-116.54,40.17]],[[-114.26,40.41],[-114.27,40.41],[-114.27,40.42],[-114.28,40.43],[-114.28,40.44],[-114.29,40.44],[-114.29,40.45],[-114.28,40.45],[-114.28,40.46],[-114.27,40.45],[-114.27,40.44],[-114.27,40.43],[-114.26,40.43],[-114.26,40.42],[-114.26,40.41],[-114.26,40.41]],[[-114.29,40.49],[-114.29,40.48],[-114.3,40.48],[-114.31,40.49],[-114.32,40.49],[-114.33,40.49],[-114.32,40.5],[-114.31,40.5],[-114.3,40.5],[-114.3,40.51],[-114.3,40.52],[-114.29,40.52],[-114.28,40.52],[-114.28,40.51],[-114.28,40.5],[-114.29,40.5],[-114.29,40.49]],[[-114.7,40.51],[-114.71,40.51],[-114.71,40.52],[-114.71,40.53],[-114.7,40.54],[-114.7,40.55],[-114.69,40.55],[-114.69,40.54],[-114.69,40.53],[-114.7,40.53],[-114.7,40.52],[-114.7,40.51],[-114.7,40.51]],[[-118,37.01],[-118.01,37.01],[-118.01,37],[-118.01,36.99],[-118.02,36.99],[-118.02,36.98],[-118.02,36.97],[-118.01,36.97],[-118,36.97],[-118,36.96],[-118.01,36.96],[-118.01,36.95],[-118.02,36.95],[-118.02,36.94],[-118.02,36.93],[-118.02,36.92],[-118.01,36.92],[-118.02,36.92],[-118.02,36.91],[-118.03,36.91],[-118.03,36.9],[-118.04,36.89],[-118.05,36.89],[-118.05,36.9],[-118.05,36.91],[-118.05,36.92],[-118.05,36.93],[-118.06,36.93],[-118.06,36.94],[-118.06,36.95],[-118.07,36.95],[-118.07,36.96],[-118.08,36.96],[-118.08,36.97],[-118.08,36.98],[-118.09,36.98],[-118.1,36.98],[-118.1,36.99],[-118.1,37],[-118.11,37],[-118.1,37],[-118.1,37.01],[-118.09,37.01],[-118.08,37.01],[-118.09,37.02],[-118.08,37.02],[-118.08,37.03],[-118.07,37.02],[-118.07,37.01],[-118.06,37.01],[-118.05,37.01],[-118.04,37.01],[-118.04,37.02],[-118.04,37.03],[-118.04,37.04],[-118.03,37.04],[-118.03,37.05],[-118.03,37.06],[-118.02,37.07],[-118.01,37.07],[-118.01,37.06],[-118,37.05],[-118.01,37.04],[-118,37.04],[-117.99,37.03],[-117.99,37.02],[-117.99,37.01],[-118,37.01],[-118,37.01]],[[-118.01,36.81],[-117.91,36.63],[-118.01,36.81],[-118.01,36.81]]]},"bbox":[-120.65,36.49,-111.63,42.35]},{"type":"Feature","properties":{},"geometry":{"type":"Polygon","coordinates":[[[95.24,50.69],[92.53,51.16],[89.63,50.43],[90.17,49.9],[90.36,49.14],[91.05,49.19],[91.37,48.88],[91.24,48.15],[92.26,47.15],[93.37,46.85],[92.89,46.9],[93.38,46.47],[93.81,46.7],[94.42,45.96],[96.19,45.89],[96.33,46.08],[95.26,46.81],[95.18,47.19],[95.6,47.29],[96.51,46.41],[96.9,47.21],[95.66,48.69],[96.1,50.12],[95.32,50.59],[95.24,50.69]],[[91.13,50.41],[91.66,50.39],[91.94,49.36],[91.33,49.24],[90.82,49.98],[90.97,50.36],[91.13,50.41]],[[93.11,49.7],[95.62,49.66],[95.45,49.25],[94.5,49.2],[92.78,49.6],[93.05,49.68],[93.11,49.7]],[[93.17,47.28],[92.54,47.7],[92.55,48.2],[93.27,47.25],[93.17,47.28]],[[94.33,46.28],[94.03,46.62],[94.22,46.72],[94.62,46.59],[94.38,46.27],[94.33,46.28]],[[94.65,46.27],[95.91,46.27],[95.87,46.06],[94.58,46.23],[94.65,46.27]]]},"bbox":[89.63,45.89,96.9,51.16]},{"type":"Feature","properties":{},"geometry":{"type":"Polygon","coordinates":[[[136.59,-21.54],[137.19,-20.98],[137.64,-21.05],[137.62,-20.8],[136.05,-19.4],[134.62,-19.03],[133.8,-17.99],[132.85,-18.46],[129.99,-18.2],[129.46,-18.64],[128.64,-18.63],[127.53,-19.41],[125.37,-19.35],[124.59,-18.8],[122.74,-18.9],[121.94,-19.28],[121.78,-19.7],[119.54,-20.24],[121.08,-20.78],[121.39,-21.96],[121.31,-22.93],[120.65,-23.82],[119.97,-24.18],[120.26,-24.82],[120,-25.1],[121.04,-25.3],[121.58,-24.76],[122.84,-25],[123.1,-25.69],[123.56,-25.92],[124.1,-25.65],[123.94,-24.71],[124.4,-24.45],[124.13,-24.18],[124.81,-22.3],[125.97,-22.05],[127.5,-22.72],[127.34,-22.85],[128.5,-23.08],[128.49,-23.48],[129.11,-23.61],[128.42,-24.4],[129,-24.72],[130.03,-24.7],[130.65,-25.47],[131.48,-25.75],[131.61,-24.77],[132.26,-24.65],[131.31,-24.17],[131.62,-23.94],[131.27,-23.25],[133.38,-23.26],[133,-22.78],[131.53,-22.34],[130.14,-22.48],[130.4,-22.1],[131.26,-21.84],[132.98,-21.93],[132.8,-21.43],[133.59,-21.02],[135.03,-22.24],[135.82,-22.12],[136.58,-21.54],[136.59,-21.54]]]},"bbox":[119.54,-25.92,137.64,-17.99]},{"type":"Feature","properties":{},"geometry":{"type":"Polygon","coordinates":[[[127.22,-26.36],[126.7,-26.47],[126.63,-26.89],[125.98,-27.33],[124.22,-25.72],[123.53,-25.91],[123.32,-26.69],[122.74,-26.78],[122.95,-27.11],[122.43,-27.6],[122.84,-29.94],[123.64,-30.57],[124.52,-30.71],[125.25,-29.35],[125.75,-29.01],[127.94,-29.07],[132.02,-30.56],[132.91,-31.39],[132.81,-31.7],[135.12,-32.59],[134.62,-31.89],[135.56,-32.06],[134.66,-31.7],[135.09,-31.31],[134.28,-31.13],[133.86,-30.5],[132.37,-29.78],[134.04,-29.52],[134.42,-29.11],[134.09,-28.65],[134.1,-27.81],[133.69,-27.45],[132.17,-27.16],[132.48,-26.86],[133.03,-27],[132.72,-26.72],[131.2,-26.71],[130.54,-26.24],[128.81,-26.43],[128.72,-26.05],[127.23,-26.36],[127.22,-26.36]],[[129.78,-26.94],[130.67,-27.68],[129.35,-27.12],[129.75,-26.94],[129.78,-26.94]]]},"bbox":[122.43,-32.59,135.56,-25.72]},{"type":"Feature","properties":{},"geometry":{"type":"MultiPolygon","coordinates":[[[[-74.72,10.81],[-75,10.99],[-75.48,10.58],[-75.46,9.33],[-74.72,10.8],[-74.72,10.81]]],[[[-74.09,11.33],[-74.21,10.97],[-74.09,11.32],[-74.09,11.33]]],[[[-71.6,12.44],[-73.24,11.31],[-73.1,10.94],[-73.52,9.87],[-72.43,11.2],[-71.66,10.43],[-71.97,11.57],[-71.16,12.17],[-71.58,12.44],[-71.6,12.44]]]]},"bbox":[-75.48,9.33,-71.16,12.44]},{"type":"Feature","properties":{},"geometry":{"type":"MultiPolygon","coordinates":[[[[-113.52,29.55],[-113.24,29.06],[-113.49,29.55],[-113.52,29.55]]],[[[-114.45,29.91],[-111.69,26.31],[-110.91,23.98],[-110.38,23.62],[-110.29,24.01],[-111.61,26.73],[-114.44,29.91],[-114.45,29.91]]]]},"bbox":[-114.45,23.62,-110.29,29.91]},{"type":"Feature","properties":{},"geometry":{"type":"Polygon","coordinates":[[[49.13,6.54],[48.69,6.25],[48.02,4.73],[45.23,1.96],[47.91,4.4],[49.13,6.53],[49.13,6.54]]]},"bbox":[45.23,1.96,49.13,6.54]},{"type":"Feature","properties":{},"geometry":{"type":"Polygon","coordinates":[[[71.91,32.24],[72.01,32.05],[71.51,32.22],[71.06,31.78],[70.98,29.86],[72,30.88],[72.27,32.1],[71.93,32.24],[71.91,32.24]]]},"bbox":[70.98,29.86,72.27,32.24]},{"type":"Feature","properties":{},"geometry":{"type":"Polygon","coordinates":[[[84.27,49.07],[82.58,48.46],[82.2,47.96],[85.5,47.62],[86.67,47.1],[86.86,46.67],[84.48,46.07],[85.09,45.5],[84.43,45.01],[82.84,45.19],[82.48,44.94],[83.14,44.27],[85.31,44.29],[87.49,43.66],[88.03,44.31],[88.49,44.36],[94.71,42.76],[96.06,43.39],[95.87,44.1],[94.72,44.78],[94.37,45.47],[91.48,46.22],[91.21,46.03],[89.08,47.35],[87.88,47.74],[86.75,48.67],[84.98,48.72],[84.34,49.04],[84.27,49.07]],[[92.24,43.72],[93.29,44.04],[95.17,43.09],[94.5,42.9],[92.18,43.28],[91.94,43.42],[92.18,43.66],[92.24,43.72]]]},"bbox":[82.2,42.76,96.06,49.07]},{"type":"Feature","properties":{},"geometry":{"type":"MultiPolygon","coordinates":[[[[17.17,-19.77],[15.89,-20.19],[15.65,-20.98],[16.18,-21.95],[16.66,-22.1],[16.06,-22.91],[16.41,-23.2],[16.74,-22.93],[17.24,-23.39],[19.67,-26.32],[19.31,-26.11],[19.4,-26.29],[20.27,-26.8],[20.09,-27.42],[20.63,-28.08],[21.02,-27.93],[22.5,-29.24],[23.87,-29],[23.93,-29.52],[24.31,-29.66],[23.93,-29.15],[24.35,-29.06],[24.49,-29.31],[25.05,-29.04],[25.29,-28.35],[26.24,-27.75],[25.38,-27.21],[25.09,-26.52],[25.85,-25.7],[25.72,-25.41],[25.25,-25.77],[24.65,-25.22],[24.81,-24.93],[24.39,-24.81],[25.19,-24.77],[26.06,-23.8],[25.63,-23.41],[26.13,-23.2],[26.14,-22.83],[26.49,-22.81],[26.34,-22.55],[26.83,-22.19],[26.15,-21.41],[24.52,-21.43],[24.49,-20.48],[24.15,-20.27],[23.4,-20.16],[21,-21.74],[19.15,-21.25],[18.04,-20.3],[17.19,-20.54],[17.06,-20.36],[18.06,-19.83],[17.21,-19.83],[17.17,-19.77]],[[24.8,-29.01],[24.79,-29.01],[24.79,-29],[24.8,-29],[24.8,-29.01],[24.8,-29.01]]],[[[24.67,-18.67],[23.47,-20.07],[24.27,-20.19],[24.59,-20.95],[24.82,-20.48],[24.65,-19.8],[24.25,-19.87],[24.41,-19.31],[24.79,-19.39],[24.87,-19.13],[25.11,-19.58],[26.37,-19.36],[25.83,-18.84],[24.67,-18.67],[24.67,-18.67]]],[[[24.02,-18.75],[23.81,-18.73],[23.9,-19.11],[24.02,-18.77],[24.02,-18.75]]]]},"bbox":[15.65,-29.66,26.83,-18.67]},{"type":"Feature","properties":{},"geometry":{"type":"Polygon","coordinates":[[[12.15,-15.19],[11.74,-15.86],[11.81,-17.95],[13.55,-20.59],[13.86,-19.96],[12.72,-18.81],[12.93,-18.8],[12.64,-18.29],[12.27,-18.19],[12.45,-16.14],[12.15,-15.19],[12.15,-15.19]]]},"bbox":[11.74,-20.59,13.86,-15.19]},{"type":"Feature","properties":{},"geometry":{"type":"Polygon","coordinates":[[[73,48.74],[70.37,49.94],[67.41,49.73],[66.46,50.22],[63.58,50.65],[59.9,49.87],[59.25,48.71],[58.26,47.81],[58.44,48.67],[58.23,48.79],[54.53,49.63],[53.47,50.36],[52.33,50.49],[51.41,50.12],[52.15,49.05],[52.84,48.92],[54.04,47.62],[53.91,46.99],[54.21,46.68],[58.41,46.19],[59.29,45.75],[59.62,46.21],[62.68,45.98],[64.85,46.99],[64.99,47.87],[67.09,46.15],[69.7,46.6],[71.9,46.09],[74.8,47.08],[79.6,46.76],[80.34,47.17],[80.04,47.48],[80.67,48.14],[80.76,48.91],[81.26,49.26],[81.29,50.04],[81.06,50.33],[78.68,50.6],[78.59,50.19],[78.14,50.07],[78.03,49.52],[79.57,48.62],[79.84,48.27],[79.65,48.15],[77.9,48.74],[77.1,48.2],[76.08,48.42],[75.82,47.88],[75.07,48.76],[73.54,48.72],[73.44,47.49],[72.35,47.35],[72.26,48.2],[72.99,48.72],[73,48.74]]]},"bbox":[51.41,45.75,81.29,50.65]},{"type":"Feature","properties":{},"geometry":{"type":"Polygon","coordinates":[[[58.49,38.03],[56.45,39.24],[55.09,39.48],[54.71,39.35],[54.41,38.47],[54.04,38.28],[54.29,37.67],[54.95,37.45],[54.88,37.04],[56.43,37.9],[55.06,38.42],[54.95,39.04],[55.58,39.28],[58.49,38.02],[58.49,38.03]]]},"bbox":[54.04,37.04,58.49,39.48]},{"type":"Feature","properties":{},"geometry":{"type":"MultiPolygon","coordinates":[[[[-68.28,10.54],[-68.56,10.69],[-69.25,9.98],[-67.09,9.07],[-65.4,8.74],[-63,10.15],[-64.39,10.38],[-65.09,10.04],[-66.78,10.61],[-68.27,10.53],[-68.28,10.54]],[[-67.77,10.28],[-67.02,10.4],[-67.72,10.27],[-67.77,10.28]],[[-66.18,10.27],[-66.16,10.27],[-66.12,10.27],[-66.1,10.24],[-66.12,10.18],[-66.17,10.15],[-66.22,10.14],[-66.27,10.14],[-66.32,10.15],[-66.35,10.16],[-66.39,10.19],[-66.38,10.22],[-66.36,10.25],[-66.36,10.26],[-66.33,10.27],[-66.29,10.27],[-66.27,10.26],[-66.24,10.26],[-66.22,10.26],[-66.21,10.27],[-66.18,10.27]],[[-66.06,10.16],[-65.67,10.02],[-66.22,9.82],[-66.71,10.09],[-66.11,10.13],[-66.06,10.16]],[[-64.29,9.94],[-64.33,10.15],[-63.91,10.17],[-64.25,9.93],[-64.29,9.94]],[[-63.44,10.01],[-63.65,10.14],[-63.27,10.27],[-63.41,10.01],[-63.44,10.01]],[[-68.49,10.05],[-68.73,9.99],[-68.23,10.24],[-68.4,10.1],[-68.49,10.05]]]]},"bbox":[-69.25,8.74,-63,10.69]},{"type":"Feature","properties":{},"geometry":{"type":"MultiPolygon","coordinates":[[[[43.47,-22.02],[43.24,-22.28],[44.03,-24.95],[45.21,-25.6],[46.64,-25.2],[46.77,-24.24],[46.42,-24.03],[45.99,-24.06],[45.71,-24.77],[44.7,-24.51],[43.49,-22.02],[43.47,-22.02]]]]},"bbox":[43.24,-25.6,46.77,-22.02]},{"type":"Feature","properties":{},"geometry":{"type":"MultiPolygon","coordinates":[[[[44.5,-19.83],[43.32,-21.94],[43.86,-23.04],[44.23,-23.18],[44.7,-24.51],[45.91,-24.74],[45.96,-24.12],[45.69,-24.1],[46.16,-23.37],[45.63,-22.74],[45.55,-21.31],[44.95,-21.5],[45.26,-20.32],[44.54,-19.84],[44.5,-19.83]],[[45.31,-22.42],[45.32,-22.39],[45.32,-22.36],[45.33,-22.33],[45.33,-22.3],[45.33,-22.27],[45.33,-22.25],[45.34,-22.28],[45.36,-22.32],[45.37,-22.35],[45.37,-22.36],[45.37,-22.39],[45.37,-22.41],[45.38,-22.42],[45.39,-22.44],[45.39,-22.47],[45.39,-22.5],[45.38,-22.53],[45.37,-22.55],[45.35,-22.57],[45.34,-22.57],[45.32,-22.57],[45.31,-22.56],[45.29,-22.56],[45.28,-22.56],[45.27,-22.57],[45.25,-22.58],[45.24,-22.58],[45.23,-22.57],[45.22,-22.56],[45.22,-22.54],[45.22,-22.52],[45.22,-22.5],[45.23,-22.49],[45.24,-22.48],[45.25,-22.47],[45.27,-22.46],[45.27,-22.45],[45.3,-22.43],[45.31,-22.42]],[[45.2,-22.57],[45.2,-22.58],[45.2,-22.59],[45.21,-22.59],[45.22,-22.59],[45.22,-22.6],[45.23,-22.61],[45.23,-22.63],[45.22,-22.64],[45.21,-22.65],[45.2,-22.65],[45.18,-22.65],[45.18,-22.64],[45.17,-22.64],[45.17,-22.63],[45.17,-22.62],[45.17,-22.6],[45.17,-22.59],[45.18,-22.57],[45.19,-22.56],[45.2,-22.57]],[[44.24,-22.58],[44.17,-22.78],[44.24,-22.51],[44.24,-22.58]],[[45,-22.77],[45.07,-22.97],[44.98,-22.78],[45,-22.77]],[[45.12,-22.86],[45.1,-22.85],[45.1,-22.83],[45.11,-22.81],[45.12,-22.8],[45.13,-22.78],[45.14,-22.78],[45.14,-22.77],[45.16,-22.75],[45.17,-22.74],[45.18,-22.74],[45.2,-22.74],[45.21,-22.75],[45.23,-22.77],[45.24,-22.78],[45.25,-22.8],[45.25,-22.82],[45.24,-22.83],[45.23,-22.83],[45.22,-22.84],[45.2,-22.84],[45.19,-22.83],[45.18,-22.83],[45.17,-22.84],[45.16,-22.85],[45.15,-22.86],[45.13,-22.87],[45.12,-22.86]]]]},"bbox":[43.32,-24.74,46.16,-19.83]},{"type":"Feature","properties":{},"geometry":{"type":"MultiPolygon","coordinates":[[[[-99.14,20.96],[-98.42,20.13],[-99.14,20.96],[-99.14,20.96]]],[[[-99.77,21.13],[-99.98,20.9],[-99.49,20.94],[-99.53,20.74],[-99.4,20.91],[-99.77,21.12],[-99.77,21.13]]],[[[-99.31,21.36],[-99.34,21.16],[-99.31,21.36],[-99.31,21.36]]],[[[-104.1,23.1],[-104.04,22.55],[-103.86,23.12],[-104.1,23.1],[-104.1,23.1]]],[[[-102.97,25.53],[-103.61,25.2],[-103.48,24.8],[-103.88,23.98],[-103.7,23.62],[-104.07,24.67],[-105.16,25.14],[-104.6,23.9],[-104.4,24.01],[-104.45,23.44],[-104.2,23.77],[-103.96,23.44],[-103.12,23.47],[-103.89,22.47],[-102.59,23],[-102.19,23],[-101.59,22.39],[-101.48,22.78],[-100.77,22.51],[-100.43,22.75],[-100.47,21.97],[-99.8,21.55],[-100.27,21.66],[-100.08,21.3],[-99.74,21.51],[-99.66,23.1],[-100.02,24.08],[-99.82,24.05],[-100.35,24.9],[-102.92,25.53],[-102.97,25.53]],[[-103.32,25.13],[-103.33,25.13],[-103.34,25.14],[-103.36,25.15],[-103.37,25.16],[-103.37,25.17],[-103.38,25.18],[-103.38,25.19],[-103.37,25.2],[-103.37,25.21],[-103.37,25.22],[-103.37,25.23],[-103.38,25.24],[-103.37,25.24],[-103.37,25.25],[-103.35,25.24],[-103.34,25.24],[-103.34,25.23],[-103.33,25.22],[-103.33,25.21],[-103.32,25.21],[-103.31,25.2],[-103.3,25.2],[-103.29,25.19],[-103.28,25.19],[-103.27,25.18],[-103.27,25.17],[-103.27,25.16],[-103.28,25.14],[-103.29,25.13],[-103.31,25.13],[-103.32,25.13]],[[-101.47,25.05],[-101.26,25.02],[-101.48,25.04],[-101.47,25.05]],[[-101.31,24.82],[-101.5,24.91],[-101.3,24.82],[-101.31,24.82]],[[-101.26,24.81],[-101.25,24.81],[-101.24,24.8],[-101.23,24.8],[-101.23,24.79],[-101.22,24.78],[-101.21,24.78],[-101.21,24.77],[-101.21,24.76],[-101.22,24.76],[-101.23,24.76],[-101.24,24.76],[-101.25,24.76],[-101.26,24.76],[-101.27,24.77],[-101.28,24.77],[-101.29,24.77],[-101.3,24.77],[-101.31,24.78],[-101.32,24.79],[-101.32,24.8],[-101.31,24.8],[-101.3,24.81],[-101.29,24.81],[-101.28,24.81],[-101.26,24.81]],[[-100.74,24.78],[-100.73,24.78],[-100.72,24.78],[-100.71,24.77],[-100.71,24.76],[-100.72,24.75],[-100.73,24.75],[-100.74,24.74],[-100.75,24.74],[-100.76,24.73],[-100.77,24.74],[-100.78,24.74],[-100.79,24.75],[-100.8,24.75],[-100.8,24.76],[-100.8,24.77],[-100.8,24.78],[-100.79,24.78],[-100.78,24.78],[-100.77,24.78],[-100.76,24.78],[-100.75,24.78],[-100.74,24.78]],[[-101.58,24.76],[-101.44,24.61],[-101.58,24.76],[-101.58,24.76]],[[-101.1,24.51],[-101.12,24.53],[-101.12,24.54],[-101.12,24.55],[-101.13,24.56],[-101.13,24.57],[-101.13,24.59],[-101.14,24.6],[-101.15,24.62],[-101.15,24.63],[-101.15,24.64],[-101.15,24.65],[-101.15,24.66],[-101.14,24.67],[-101.13,24.67],[-101.12,24.67],[-101.11,24.66],[-101.1,24.66],[-101.09,24.65],[-101.07,24.65],[-101.06,24.65],[-101.05,24.65],[-101.04,24.64],[-101.03,24.63],[-101.03,24.62],[-101.03,24.61],[-101.03,24.6],[-101.02,24.59],[-101.01,24.59],[-101,24.59],[-100.99,24.59],[-100.97,24.59],[-100.96,24.58],[-100.95,24.57],[-100.95,24.56],[-100.94,24.55],[-100.95,24.54],[-100.95,24.53],[-100.96,24.52],[-100.97,24.51],[-100.97,24.5],[-100.99,24.49],[-101,24.49],[-101.01,24.49],[-101.02,24.49],[-101.03,24.5],[-101.04,24.5],[-101.05,24.5],[-101.06,24.5],[-101.07,24.5],[-101.08,24.5],[-101.1,24.51]],[[-101.13,24.5],[-101.11,24.49],[-101.1,24.48],[-101.09,24.46],[-101.08,24.45],[-101.08,24.44],[-101.08,24.43],[-101.08,24.42],[-101.09,24.41],[-101.1,24.42],[-101.11,24.42],[-101.12,24.43],[-101.13,24.44],[-101.14,24.44],[-101.14,24.45],[-101.15,24.45],[-101.16,24.46],[-101.16,24.47],[-101.17,24.48],[-101.17,24.49],[-101.17,24.5],[-101.16,24.51],[-101.15,24.51],[-101.14,24.5],[-101.13,24.5]],[[-101.18,24.41],[-101.17,24.4],[-101.16,24.39],[-101.16,24.38],[-101.15,24.38],[-101.15,24.37],[-101.14,24.36],[-101.14,24.35],[-101.14,24.34],[-101.15,24.33],[-101.15,24.32],[-101.15,24.31],[-101.14,24.3],[-101.13,24.3],[-101.13,24.29],[-101.13,24.28],[-101.14,24.27],[-101.15,24.27],[-101.16,24.27],[-101.16,24.26],[-101.17,24.27],[-101.18,24.27],[-101.18,24.28],[-101.19,24.29],[-101.19,24.3],[-101.2,24.3],[-101.2,24.31],[-101.19,24.32],[-101.19,24.33],[-101.2,24.34],[-101.21,24.34],[-101.21,24.35],[-101.21,24.36],[-101.21,24.37],[-101.2,24.38],[-101.19,24.39],[-101.19,24.4],[-101.2,24.41],[-101.19,24.41],[-101.19,24.42],[-101.18,24.41]],[[-101.82,24.49],[-101.83,24.49],[-101.84,24.49],[-101.84,24.5],[-101.85,24.5],[-101.85,24.51],[-101.84,24.52],[-101.83,24.52],[-101.82,24.52],[-101.81,24.52],[-101.8,24.52],[-101.79,24.52],[-101.79,24.51],[-101.79,24.5],[-101.8,24.49],[-101.81,24.49],[-101.82,24.49]],[[-102.17,24.57],[-102.16,24.56],[-102.15,24.56],[-102.15,24.55],[-102.15,24.54],[-102.16,24.54],[-102.16,24.53],[-102.17,24.53],[-102.18,24.53],[-102.19,24.53],[-102.19,24.54],[-102.2,24.55],[-102.19,24.56],[-102.19,24.57],[-102.18,24.57],[-102.17,24.57],[-102.17,24.57]],[[-102.18,24.65],[-102.19,24.65],[-102.2,24.65],[-102.21,24.65],[-102.22,24.65],[-102.23,24.65],[-102.23,24.66],[-102.23,24.67],[-102.22,24.68],[-102.2,24.68],[-102.19,24.68],[-102.18,24.68],[-102.17,24.67],[-102.17,24.66],[-102.18,24.66],[-102.18,24.65],[-102.18,24.65]],[[-100.22,23.75],[-100.23,23.76],[-100.25,23.77],[-100.26,23.77],[-100.27,23.77],[-100.28,23.77],[-100.29,23.79],[-100.3,23.8],[-100.3,23.81],[-100.29,23.82],[-100.28,23.82],[-100.27,23.83],[-100.26,23.83],[-100.25,23.84],[-100.25,23.85],[-100.25,23.86],[-100.25,23.87],[-100.26,23.88],[-100.26,23.89],[-100.26,23.9],[-100.27,23.9],[-100.27,23.91],[-100.26,23.92],[-100.25,23.92],[-100.24,23.92],[-100.24,23.91],[-100.23,23.91],[-100.22,23.9],[-100.21,23.9],[-100.2,23.9],[-100.2,23.89],[-100.2,23.88],[-100.2,23.86],[-100.19,23.85],[-100.19,23.84],[-100.19,23.83],[-100.18,23.82],[-100.17,23.82],[-100.16,23.82],[-100.15,23.81],[-100.15,23.8],[-100.15,23.79],[-100.15,23.78],[-100.14,23.76],[-100.14,23.75],[-100.15,23.74],[-100.15,23.72],[-100.16,23.72],[-100.18,23.71],[-100.19,23.71],[-100.2,23.71],[-100.21,23.72],[-100.21,23.73],[-100.22,23.74],[-100.22,23.75]],[[-100.07,23.71],[-100.03,23.5],[-100.08,23.71],[-100.07,23.71]],[[-100.79,23.47],[-100.8,23.45],[-100.81,23.44],[-100.82,23.43],[-100.84,23.42],[-100.84,23.41],[-100.85,23.41],[-100.86,23.4],[-100.87,23.41],[-100.88,23.41],[-100.89,23.41],[-100.9,23.42],[-100.91,23.43],[-100.91,23.44],[-100.91,23.45],[-100.92,23.47],[-100.92,23.48],[-100.93,23.5],[-100.93,23.51],[-100.93,23.52],[-100.93,23.53],[-100.93,23.54],[-100.93,23.56],[-100.92,23.57],[-100.92,23.58],[-100.91,23.6],[-100.91,23.61],[-100.9,23.62],[-100.9,23.63],[-100.9,23.64],[-100.9,23.65],[-100.89,23.66],[-100.89,23.67],[-100.89,23.68],[-100.9,23.7],[-100.9,23.71],[-100.9,23.72],[-100.9,23.74],[-100.9,23.75],[-100.89,23.75],[-100.88,23.75],[-100.87,23.75],[-100.86,23.74],[-100.84,23.74],[-100.82,23.74],[-100.81,23.74],[-100.79,23.74],[-100.79,23.73],[-100.78,23.72],[-100.78,23.71],[-100.77,23.7],[-100.76,23.69],[-100.75,23.69],[-100.75,23.68],[-100.75,23.67],[-100.74,23.66],[-100.74,23.65],[-100.73,23.64],[-100.72,23.63],[-100.71,23.63],[-100.71,23.62],[-100.7,23.61],[-100.7,23.6],[-100.7,23.59],[-100.7,23.58],[-100.71,23.57],[-100.72,23.57],[-100.73,23.57],[-100.74,23.57],[-100.75,23.57],[-100.76,23.57],[-100.77,23.57],[-100.77,23.56],[-100.77,23.55],[-100.77,23.54],[-100.77,23.53],[-100.78,23.52],[-100.78,23.51],[-100.78,23.5],[-100.78,23.49],[-100.79,23.49],[-100.79,23.48],[-100.79,23.47]],[[-104.53,24.56],[-104.52,24.56],[-104.52,24.55],[-104.51,24.55],[-104.51,24.54],[-104.5,24.53],[-104.5,24.52],[-104.5,24.5],[-104.51,24.5],[-104.51,24.48],[-104.51,24.47],[-104.51,24.46],[-104.52,24.46],[-104.54,24.46],[-104.55,24.46],[-104.56,24.46],[-104.57,24.47],[-104.58,24.47],[-104.59,24.48],[-104.59,24.49],[-104.58,24.5],[-104.58,24.51],[-104.58,24.52],[-104.58,24.53],[-104.59,24.53],[-104.6,24.54],[-104.61,24.54],[-104.61,24.55],[-104.62,24.55],[-104.62,24.56],[-104.62,24.57],[-104.61,24.58],[-104.6,24.58],[-104.59,24.58],[-104.58,24.58],[-104.57,24.58],[-104.56,24.58],[-104.55,24.58],[-104.54,24.57],[-104.53,24.56]],[[-101.13,23.35],[-101.13,23.36],[-101.12,23.36],[-101.11,23.36],[-101.11,23.37],[-101.1,23.37],[-101.09,23.37],[-101.09,23.36],[-101.09,23.35],[-101.09,23.34],[-101.08,23.33],[-101.07,23.33],[-101.06,23.33],[-101.06,23.32],[-101.05,23.31],[-101.04,23.3],[-101.05,23.28],[-101.05,23.27],[-101.06,23.27],[-101.07,23.27],[-101.08,23.27],[-101.08,23.26],[-101.08,23.25],[-101.07,23.24],[-101.07,23.23],[-101.06,23.22],[-101.05,23.21],[-101.05,23.2],[-101.05,23.19],[-101.06,23.18],[-101.07,23.18],[-101.08,23.18],[-101.08,23.19],[-101.09,23.19],[-101.11,23.19],[-101.12,23.19],[-101.13,23.2],[-101.13,23.21],[-101.13,23.23],[-101.14,23.24],[-101.14,23.25],[-101.14,23.27],[-101.14,23.28],[-101.14,23.29],[-101.15,23.3],[-101.15,23.31],[-101.15,23.32],[-101.15,23.33],[-101.15,23.34],[-101.14,23.35],[-101.13,23.35]],[[-100.03,23.34],[-100.02,23.34],[-100.01,23.34],[-100,23.33],[-99.99,23.32],[-99.99,23.31],[-99.98,23.31],[-99.97,23.31],[-99.96,23.31],[-99.95,23.31],[-99.94,23.31],[-99.94,23.3],[-99.93,23.29],[-99.93,23.28],[-99.93,23.27],[-99.94,23.27],[-99.95,23.27],[-99.96,23.26],[-99.97,23.26],[-99.97,23.25],[-99.98,23.24],[-99.99,23.23],[-99.99,23.22],[-100,23.22],[-100.01,23.22],[-100.02,23.23],[-100.03,23.24],[-100.03,23.25],[-100.03,23.26],[-100.02,23.27],[-100.01,23.27],[-100.01,23.28],[-100.01,23.29],[-100.02,23.3],[-100.02,23.31],[-100.03,23.31],[-100.03,23.32],[-100.03,23.33],[-100.03,23.34]],[[-99.96,23.23],[-99.96,23.24],[-99.95,23.25],[-99.94,23.25],[-99.94,23.26],[-99.93,23.26],[-99.92,23.26],[-99.91,23.26],[-99.9,23.25],[-99.89,23.25],[-99.88,23.25],[-99.88,23.24],[-99.87,23.24],[-99.87,23.23],[-99.87,23.22],[-99.87,23.21],[-99.87,23.2],[-99.86,23.2],[-99.86,23.19],[-99.86,23.18],[-99.86,23.17],[-99.86,23.16],[-99.86,23.15],[-99.86,23.14],[-99.86,23.13],[-99.86,23.12],[-99.86,23.11],[-99.86,23.1],[-99.86,23.09],[-99.86,23.08],[-99.86,23.07],[-99.87,23.06],[-99.87,23.05],[-99.87,23.04],[-99.88,23.03],[-99.89,23.02],[-99.9,23.02],[-99.91,23.01],[-99.93,23.01],[-99.94,23.01],[-99.94,23.02],[-99.95,23.03],[-99.95,23.04],[-99.95,23.05],[-99.95,23.06],[-99.95,23.07],[-99.95,23.08],[-99.96,23.08],[-99.96,23.09],[-99.96,23.1],[-99.96,23.11],[-99.95,23.11],[-99.95,23.12],[-99.94,23.12],[-99.94,23.13],[-99.93,23.14],[-99.92,23.14],[-99.93,23.15],[-99.93,23.16],[-99.93,23.17],[-99.93,23.18],[-99.94,23.19],[-99.95,23.2],[-99.96,23.21],[-99.96,23.22],[-99.96,23.23]],[[-100.7,23.07],[-100.69,23.07],[-100.68,23.06],[-100.67,23.05],[-100.67,23.04],[-100.66,23.04],[-100.66,23.03],[-100.66,23.02],[-100.67,23.01],[-100.67,23],[-100.68,23],[-100.69,23],[-100.7,22.99],[-100.71,23],[-100.71,22.99],[-100.72,22.99],[-100.73,22.99],[-100.74,22.99],[-100.75,23],[-100.76,23],[-100.77,23.01],[-100.77,23.02],[-100.77,23.03],[-100.76,23.03],[-100.76,23.04],[-100.75,23.04],[-100.74,23.03],[-100.73,23.04],[-100.73,23.05],[-100.72,23.05],[-100.72,23.06],[-100.71,23.07],[-100.7,23.07],[-100.7,23.07]],[[-101.04,22.99],[-101.04,22.98],[-101.05,22.98],[-101.06,22.98],[-101.08,22.98],[-101.08,22.99],[-101.09,23],[-101.09,23.01],[-101.1,23.02],[-101.1,23.03],[-101.1,23.04],[-101.1,23.05],[-101.09,23.05],[-101.08,23.05],[-101.08,23.07],[-101.09,23.08],[-101.09,23.09],[-101.09,23.1],[-101.09,23.11],[-101.08,23.11],[-101.07,23.1],[-101.06,23.1],[-101.06,23.09],[-101.05,23.08],[-101.04,23.08],[-101.03,23.07],[-101.03,23.06],[-101.02,23.05],[-101.02,23.04],[-101.02,23.03],[-101.02,23.02],[-101.02,23.01],[-101.03,23],[-101.03,22.99],[-101.04,22.99]],[[-101.23,23.03],[-101.23,23.02],[-101.23,23.01],[-101.23,23],[-101.22,22.99],[-101.22,22.98],[-101.23,22.98],[-101.24,22.98],[-101.25,22.98],[-101.26,22.98],[-101.27,22.98],[-101.28,22.98],[-101.29,22.99],[-101.3,22.99],[-101.3,23],[-101.3,23.01],[-101.3,23.02],[-101.29,23.02],[-101.29,23.04],[-101.29,23.05],[-101.28,23.06],[-101.27,23.06],[-101.27,23.07],[-101.26,23.07],[-101.25,23.07],[-101.25,23.06],[-101.24,23.06],[-101.23,23.06],[-101.22,23.05],[-101.22,23.04],[-101.22,23.03],[-101.23,23.03]],[[-102.91,23.06],[-103.1,22.98],[-102.92,23.07],[-102.91,23.06]],[[-100.97,23.11],[-100.97,23.12],[-100.96,23.12],[-100.96,23.13],[-100.95,23.14],[-100.94,23.14],[-100.93,23.15],[-100.92,23.15],[-100.91,23.15],[-100.91,23.14],[-100.91,23.13],[-100.91,23.12],[-100.92,23.11],[-100.93,23.1],[-100.94,23.09],[-100.94,23.07],[-100.94,23.06],[-100.94,23.05],[-100.95,23.05],[-100.96,23.06],[-100.97,23.07],[-100.97,23.08],[-100.97,23.1],[-100.97,23.11]],[[-101.17,23.08],[-101.16,23.08],[-101.16,23.09],[-101.15,23.08],[-101.14,23.08],[-101.14,23.07],[-101.14,23.06],[-101.14,23.05],[-101.14,23.04],[-101.15,23.04],[-101.15,23.03],[-101.16,23.03],[-101.16,23.04],[-101.17,23.05],[-101.17,23.06],[-101.17,23.07],[-101.17,23.08]],[[-103.15,23.26],[-103.14,23.25],[-103.14,23.24],[-103.13,23.24],[-103.13,23.23],[-103.13,23.22],[-103.13,23.21],[-103.14,23.2],[-103.15,23.2],[-103.16,23.2],[-103.16,23.21],[-103.17,23.21],[-103.18,23.22],[-103.19,23.22],[-103.19,23.23],[-103.2,23.23],[-103.21,23.23],[-103.22,23.24],[-103.22,23.25],[-103.23,23.25],[-103.23,23.26],[-103.22,23.27],[-103.23,23.27],[-103.23,23.28],[-103.24,23.28],[-103.25,23.28],[-103.25,23.29],[-103.25,23.3],[-103.25,23.31],[-103.24,23.32],[-103.24,23.33],[-103.23,23.34],[-103.22,23.34],[-103.21,23.34],[-103.21,23.35],[-103.2,23.35],[-103.19,23.35],[-103.18,23.34],[-103.19,23.33],[-103.19,23.32],[-103.19,23.31],[-103.19,23.3],[-103.2,23.29],[-103.2,23.28],[-103.2,23.27],[-103.2,23.26],[-103.19,23.25],[-103.18,23.25],[-103.17,23.26],[-103.16,23.26],[-103.15,23.27],[-103.15,23.26]],[[-100.65,22.7],[-100.66,22.71],[-100.67,22.72],[-100.68,22.73],[-100.68,22.74],[-100.68,22.75],[-100.67,22.75],[-100.66,22.76],[-100.65,22.75],[-100.65,22.74],[-100.64,22.73],[-100.64,22.72],[-100.64,22.71],[-100.64,22.7],[-100.65,22.7],[-100.65,22.7]]]]},"bbox":[-105.16,20.13,-98.42,25.53]},{"type":"Feature","properties":{},"geometry":{"type":"MultiPolygon","coordinates":[[[[34.68,31.55],[34.43,31.42],[34.9,31.05],[34.61,30.37],[35.28,31.35],[34.71,31.51],[34.68,31.55]]],[[[36.61,33.48],[36.23,33.51],[36.64,33.44],[36.61,33.48]]],[[[37.27,33.93],[37.86,34.34],[37.14,33.85],[37.27,33.93]]],[[[38.77,34.87],[38.42,34.88],[38.67,34.81],[38.77,34.87]]],[[[37.81,34.88],[37.83,34.89],[37.9,34.93],[37.92,34.94],[37.95,34.99],[37.89,35.04],[37.86,35.04],[37.73,34.93],[37.65,34.88],[37.62,34.87],[37.62,34.84],[37.64,34.83],[37.81,34.88]]],[[[40.72,35.47],[40.77,35.53],[40.8,35.6],[40.8,35.62],[40.79,35.65],[40.76,35.66],[40.74,35.64],[40.7,35.6],[40.61,35.6],[40.54,35.56],[40.52,35.49],[40.54,35.43],[40.62,35.42],[40.72,35.47]]],[[[39.47,35.29],[39.78,35.5],[39.47,35.57],[39.39,35.26],[39.47,35.29]]],[[[44.31,35.49],[42.73,35.67],[40.97,35.25],[40.97,35.53],[40.56,34.98],[39.42,35.02],[39.62,34.89],[39.22,34.61],[38.3,34.49],[36.79,33.6],[36.87,33.12],[37.23,32.34],[37.82,32.07],[41.79,32.75],[44.19,33.78],[46.03,33.17],[45.7,33.63],[45.77,34.5],[44.77,35.24],[44.31,35.49]]],[[[40.81,36.57],[40.22,36.48],[40.88,36.55],[40.81,36.57]]]]},"bbox":[34.43,30.37,46.03,36.57]},{"type":"Feature","properties":{},"geometry":{"type":"Polygon","coordinates":[[[-113.52,37.22],[-114.47,37.37],[-116.88,36.95],[-117.8,37.33],[-117.75,36.58],[-118.06,36.75],[-117.9,35.76],[-118.1,35.2],[-118.62,34.89],[-117.96,34.45],[-116.79,34.36],[-115.9,33.68],[-115.5,33.72],[-115.32,34.27],[-114.78,34.12],[-114.44,34.75],[-113.79,34.49],[-113.97,35.97],[-113.26,35.71],[-113.18,36.11],[-113.32,36.27],[-113.41,35.88],[-114.1,36.54],[-113.29,37.02],[-113.52,37.22],[-113.52,37.22]],[[-115.25,36.53],[-115.26,36.53],[-115.26,36.54],[-115.26,36.55],[-115.26,36.56],[-115.26,36.57],[-115.26,36.58],[-115.25,36.59],[-115.25,36.6],[-115.25,36.61],[-115.24,36.62],[-115.23,36.62],[-115.23,36.63],[-115.23,36.64],[-115.23,36.65],[-115.22,36.66],[-115.22,36.67],[-115.21,36.67],[-115.21,36.68],[-115.22,36.68],[-115.21,36.69],[-115.21,36.7],[-115.2,36.7],[-115.19,36.7],[-115.19,36.71],[-115.18,36.71],[-115.17,36.71],[-115.16,36.71],[-115.16,36.72],[-115.15,36.72],[-115.15,36.73],[-115.14,36.74],[-115.13,36.75],[-115.12,36.75],[-115.12,36.74],[-115.12,36.73],[-115.13,36.72],[-115.13,36.71],[-115.14,36.71],[-115.14,36.7],[-115.15,36.7],[-115.15,36.69],[-115.16,36.68],[-115.16,36.67],[-115.16,36.66],[-115.17,36.66],[-115.17,36.65],[-115.18,36.64],[-115.18,36.63],[-115.19,36.63],[-115.2,36.62],[-115.21,36.61],[-115.22,36.61],[-115.22,36.6],[-115.23,36.6],[-115.23,36.59],[-115.23,36.58],[-115.23,36.57],[-115.24,36.57],[-115.24,36.56],[-115.24,36.55],[-115.24,36.54],[-115.25,36.53]],[[-115.73,36.36],[-115.63,36.18],[-115.74,36.36],[-115.73,36.36]],[[-117.07,36.28],[-117.06,36.08],[-117.08,36.28],[-117.07,36.28]]]},"bbox":[-118.62,33.68,-113.18,37.37]},{"type":"Feature","properties":{},"geometry":{"type":"Polygon","coordinates":[[[-89.18,15.27],[-90.15,14.96],[-89.81,14.75],[-89.19,15.27],[-89.18,15.27]]]},"bbox":[-90.15,14.75,-89.18,15.27]},{"type":"Feature","properties":{},"geometry":{"type":"MultiPolygon","coordinates":[[[[25.3,-28.8],[24.55,-29.25],[23.99,-29.11],[24.26,-29.62],[23.79,-29.1],[22.44,-29.15],[23.05,-30.2],[22.1,-30.34],[21.9,-30.86],[21.57,-30.61],[20.78,-31.14],[20.18,-31.16],[20.68,-32.13],[21.81,-32.14],[21.1,-32.5],[21.14,-33.19],[23.71,-33.03],[24.89,-33.35],[24.31,-32.79],[25.35,-32.67],[24.71,-32.36],[24.62,-31.86],[24.95,-31.62],[25.33,-32.29],[26.02,-31.97],[26.16,-31.11],[26.73,-30.57],[25.36,-30.68],[25.08,-30.43],[24.62,-30.74],[24.68,-30.54],[24.18,-30.49],[24.83,-30.33],[24.43,-29.91],[25.55,-29.5],[25.31,-28.82],[25.3,-28.8]],[[25.66,-30.89],[25.86,-30.88],[25.57,-31.17],[25.93,-31.36],[25.44,-31.46],[25.36,-31.03],[25.67,-30.89],[25.66,-30.89]],[[26.03,-31.27],[26.03,-31.26],[26.04,-31.26],[26.04,-31.27],[26.05,-31.27],[26.05,-31.28],[26.06,-31.28],[26.05,-31.28],[26.05,-31.29],[26.04,-31.29],[26.03,-31.29],[26.03,-31.28],[26.03,-31.27],[26.03,-31.27]],[[26.01,-31.28],[26.02,-31.28],[26.02,-31.29],[26.02,-31.3],[26.01,-31.3],[26.01,-31.31],[26.02,-31.31],[26.02,-31.32],[26.03,-31.32],[26.04,-31.32],[26.05,-31.32],[26.06,-31.32],[26.06,-31.33],[26.05,-31.34],[26.04,-31.34],[26.03,-31.34],[26.04,-31.34],[26.03,-31.34],[26.03,-31.35],[26.03,-31.34],[26.02,-31.34],[26.02,-31.33],[26.01,-31.33],[26.01,-31.34],[26,-31.35],[26,-31.34],[25.99,-31.33],[25.99,-31.34],[25.98,-31.34],[25.98,-31.33],[25.99,-31.33],[25.99,-31.32],[26,-31.32],[25.99,-31.32],[25.99,-31.31],[25.99,-31.3],[25.98,-31.3],[25.99,-31.3],[25.99,-31.31],[26,-31.31],[26,-31.3],[26,-31.29],[26.01,-31.29],[26.01,-31.28],[26.01,-31.28]],[[26.02,-31.34],[26.02,-31.35],[26.03,-31.35],[26.04,-31.35],[26.04,-31.36],[26.04,-31.35],[26.04,-31.36],[26.05,-31.36],[26.04,-31.37],[26.04,-31.36],[26.04,-31.37],[26.04,-31.36],[26.03,-31.36],[26.03,-31.37],[26.02,-31.37],[26.02,-31.38],[26.03,-31.38],[26.04,-31.38],[26.04,-31.37],[26.05,-31.37],[26.05,-31.38],[26.05,-31.39],[26.06,-31.39],[26.05,-31.39],[26.04,-31.39],[26.05,-31.39],[26.06,-31.39],[26.05,-31.39],[26.05,-31.4],[26.06,-31.4],[26.05,-31.4],[26.04,-31.4],[26.05,-31.4],[26.04,-31.4],[26.03,-31.39],[26.03,-31.38],[26.02,-31.38],[26.02,-31.39],[26.01,-31.39],[26.01,-31.38],[26.01,-31.37],[26.01,-31.36],[26.01,-31.35],[26,-31.35],[26.01,-31.35],[26.02,-31.35],[26.02,-31.34],[26.02,-31.34]],[[25.87,-31.27],[25.87,-31.28],[25.88,-31.28],[25.89,-31.28],[25.9,-31.28],[25.9,-31.29],[25.89,-31.3],[25.88,-31.3],[25.87,-31.3],[25.86,-31.3],[25.86,-31.31],[25.85,-31.31],[25.84,-31.32],[25.83,-31.32],[25.84,-31.31],[25.85,-31.31],[25.85,-31.3],[25.86,-31.3],[25.87,-31.3],[25.87,-31.29],[25.87,-31.28],[25.86,-31.27],[25.87,-31.27],[25.87,-31.27]],[[20.67,-32.07],[20.68,-32.07],[20.69,-32.07],[20.68,-32.07],[20.68,-32.08],[20.68,-32.09],[20.69,-32.09],[20.69,-32.1],[20.68,-32.1],[20.68,-32.09],[20.67,-32.09],[20.67,-32.08],[20.67,-32.07]],[[24.05,-32.77],[24.24,-33.06],[24.05,-32.77],[24.05,-32.77]],[[23.77,-33.03],[23.76,-33.03],[23.75,-33.03],[23.74,-33.03],[23.73,-33.03],[23.72,-33.03],[23.71,-33.03],[23.71,-33.02],[23.72,-33.02],[23.72,-33.01],[23.71,-33.01],[23.7,-33.01],[23.7,-33.02],[23.69,-33.02],[23.69,-33.01],[23.68,-33.01],[23.67,-33.01],[23.68,-33.01],[23.67,-33.01],[23.66,-33.01],[23.65,-33.01],[23.66,-33.01],[23.66,-33],[23.67,-33],[23.68,-33],[23.68,-33.01],[23.69,-33.01],[23.69,-33],[23.7,-33],[23.71,-33],[23.71,-32.99],[23.72,-32.99],[23.73,-32.99],[23.73,-32.98],[23.73,-32.97],[23.72,-32.97],[23.72,-32.96],[23.71,-32.96],[23.72,-32.96],[23.73,-32.96],[23.72,-32.96],[23.72,-32.95],[23.71,-32.95],[23.7,-32.95],[23.69,-32.95],[23.68,-32.95],[23.67,-32.95],[23.67,-32.94],[23.66,-32.94],[23.65,-32.94],[23.64,-32.94],[23.63,-32.94],[23.62,-32.94],[23.62,-32.93],[23.63,-32.93],[23.64,-32.93],[23.65,-32.93],[23.66,-32.93],[23.67,-32.93],[23.68,-32.93],[23.67,-32.93],[23.67,-32.92],[23.68,-32.92],[23.69,-32.92],[23.7,-32.92],[23.71,-32.92],[23.71,-32.91],[23.72,-32.91],[23.73,-32.91],[23.74,-32.91],[23.75,-32.91],[23.76,-32.91],[23.77,-32.91],[23.78,-32.91],[23.79,-32.91],[23.8,-32.91],[23.81,-32.91],[23.82,-32.91],[23.83,-32.91],[23.84,-32.91],[23.85,-32.91],[23.86,-32.91],[23.87,-32.91],[23.88,-32.91],[23.89,-32.91],[23.89,-32.92],[23.88,-32.92],[23.87,-32.92],[23.86,-32.92],[23.85,-32.92],[23.84,-32.92],[23.83,-32.92],[23.82,-32.92],[23.81,-32.92],[23.8,-32.92],[23.79,-32.92],[23.79,-32.93],[23.78,-32.93],[23.77,-32.93],[23.77,-32.94],[23.78,-32.95],[23.79,-32.95],[23.79,-32.94],[23.8,-32.94],[23.8,-32.95],[23.79,-32.95],[23.78,-32.95],[23.78,-32.96],[23.79,-32.96],[23.8,-32.96],[23.81,-32.96],[23.82,-32.96],[23.83,-32.96],[23.84,-32.96],[23.85,-32.96],[23.85,-32.97],[23.84,-32.97],[23.83,-32.97],[23.82,-32.97],[23.82,-32.98],[23.81,-32.98],[23.81,-32.99],[23.8,-32.99],[23.79,-32.99],[23.78,-32.99],[23.77,-32.99],[23.76,-32.99],[23.76,-33],[23.75,-33],[23.75,-32.99],[23.75,-33],[23.74,-33],[23.73,-33],[23.73,-33.01],[23.72,-33.01],[23.73,-33.02],[23.74,-33.02],[23.75,-33.02],[23.76,-33.02],[23.77,-33.02],[23.78,-33.02],[23.78,-33.03],[23.77,-33.03],[23.77,-33.03]],[[24.3,-33.14],[24.31,-33.14],[24.31,-33.15],[24.3,-33.15],[24.29,-33.15],[24.29,-33.14],[24.28,-33.14],[24.29,-33.14],[24.3,-33.14],[24.3,-33.14]]]]},"bbox":[20.18,-33.35,26.73,-28.8]},{"type":"Feature","properties":{},"geometry":{"type":"MultiPolygon","coordinates":[[[[18.29,-31.57],[18.22,-31.76],[18.29,-31.57],[18.29,-31.57]]],[[[18.88,-31.45],[18.48,-31.56],[18.89,-31.45],[18.88,-31.45]]],[[[15.46,-26.53],[15.08,-26.73],[15.34,-27.36],[17.07,-29.67],[17.64,-29.26],[17.61,-29.67],[17.06,-29.68],[18.12,-31.61],[18.52,-31.17],[18.33,-30.86],[19.22,-30.81],[19.23,-30.43],[18.51,-30.35],[17.89,-29],[17.34,-28.83],[17.11,-28.36],[17.52,-28.04],[15.92,-27.34],[15.47,-26.53],[15.46,-26.53]],[[17.17,-28.52],[17.25,-28.71],[17.17,-28.52],[17.17,-28.52]],[[17.22,-28.87],[17.22,-28.86],[17.23,-28.86],[17.23,-28.87],[17.23,-28.88],[17.23,-28.89],[17.23,-28.9],[17.23,-28.91],[17.23,-28.92],[17.23,-28.93],[17.23,-28.94],[17.22,-28.94],[17.22,-28.95],[17.22,-28.96],[17.22,-28.97],[17.22,-28.98],[17.22,-28.99],[17.21,-29],[17.21,-29.01],[17.2,-29.01],[17.2,-29.02],[17.19,-29.03],[17.19,-29.05],[17.18,-29.06],[17.18,-29.07],[17.16,-29.09],[17.16,-29.1],[17.15,-29.11],[17.14,-29.11],[17.14,-29.1],[17.13,-29.1],[17.12,-29.09],[17.13,-29.09],[17.13,-29.08],[17.14,-29.08],[17.14,-29.07],[17.13,-29.07],[17.13,-29.06],[17.12,-29.06],[17.12,-29.05],[17.13,-29.05],[17.13,-29.04],[17.14,-29.03],[17.14,-29.02],[17.14,-29.01],[17.14,-29],[17.15,-29],[17.15,-28.99],[17.15,-28.98],[17.15,-28.97],[17.16,-28.97],[17.16,-28.96],[17.16,-28.95],[17.17,-28.95],[17.17,-28.94],[17.17,-28.93],[17.18,-28.93],[17.18,-28.92],[17.18,-28.91],[17.19,-28.91],[17.18,-28.91],[17.18,-28.9],[17.19,-28.9],[17.19,-28.89],[17.2,-28.89],[17.2,-28.88],[17.21,-28.88],[17.22,-28.88],[17.22,-28.87]],[[17.31,-29.07],[17.31,-29.06],[17.32,-29.06],[17.33,-29.05],[17.33,-29.06],[17.33,-29.07],[17.32,-29.08],[17.31,-29.07],[17.31,-29.07]],[[17.39,-29.08],[17.39,-29.07],[17.4,-29.06],[17.4,-29.07],[17.4,-29.08],[17.41,-29.08],[17.41,-29.09],[17.41,-29.1],[17.42,-29.09],[17.42,-29.1],[17.41,-29.11],[17.42,-29.11],[17.42,-29.12],[17.42,-29.13],[17.41,-29.13],[17.41,-29.12],[17.41,-29.13],[17.41,-29.14],[17.41,-29.15],[17.41,-29.16],[17.41,-29.15],[17.4,-29.15],[17.4,-29.14],[17.4,-29.13],[17.4,-29.12],[17.39,-29.13],[17.39,-29.11],[17.4,-29.1],[17.39,-29.1],[17.39,-29.09],[17.39,-29.08],[17.39,-29.08]],[[17.38,-29.13],[17.24,-29.28],[17.38,-29.13],[17.38,-29.13]],[[17.48,-29.24],[17.49,-29.24],[17.49,-29.25],[17.5,-29.25],[17.5,-29.26],[17.49,-29.26],[17.48,-29.26],[17.47,-29.26],[17.47,-29.25],[17.46,-29.25],[17.45,-29.25],[17.45,-29.24],[17.46,-29.24],[17.47,-29.24],[17.47,-29.25],[17.48,-29.24],[17.48,-29.24]],[[17.1,-29.25],[17.09,-29.26],[17.08,-29.26],[17.08,-29.25],[17.08,-29.24],[17.08,-29.23],[17.08,-29.22],[17.08,-29.21],[17.09,-29.21],[17.09,-29.2],[17.1,-29.19],[17.1,-29.2],[17.11,-29.19],[17.12,-29.2],[17.11,-29.21],[17.11,-29.22],[17.11,-29.23],[17.11,-29.24],[17.1,-29.25],[17.1,-29.25]],[[16.88,-29.23],[16.88,-29.24],[16.88,-29.25],[16.88,-29.24],[16.87,-29.24],[16.87,-29.23],[16.88,-29.23],[16.88,-29.23]],[[17.06,-29.17],[17.06,-29.18],[17.05,-29.18],[17.05,-29.17],[17.06,-29.17],[17.06,-29.17]],[[17.31,-29.09],[17.3,-29.09],[17.3,-29.08],[17.3,-29.07],[17.31,-29.07],[17.31,-29.08],[17.32,-29.08],[17.31,-29.08],[17.31,-29.09],[17.31,-29.09]],[[16.95,-29.36],[16.95,-29.35],[16.95,-29.34],[16.95,-29.33],[16.95,-29.34],[16.95,-29.35],[16.96,-29.35],[16.96,-29.34],[16.96,-29.35],[16.96,-29.36],[16.95,-29.36],[16.95,-29.36]],[[17.89,-29.35],[17.9,-29.34],[17.9,-29.35],[17.91,-29.35],[17.92,-29.35],[17.93,-29.36],[17.94,-29.36],[17.94,-29.37],[17.94,-29.38],[17.94,-29.39],[17.93,-29.38],[17.92,-29.37],[17.92,-29.36],[17.91,-29.36],[17.9,-29.36],[17.9,-29.37],[17.89,-29.37],[17.88,-29.38],[17.87,-29.38],[17.87,-29.37],[17.88,-29.37],[17.88,-29.36],[17.88,-29.35],[17.89,-29.35],[17.89,-29.35]],[[17.84,-29.46],[17.84,-29.45],[17.85,-29.45],[17.86,-29.45],[17.87,-29.46],[17.88,-29.46],[17.89,-29.46],[17.89,-29.47],[17.88,-29.47],[17.87,-29.47],[17.86,-29.48],[17.85,-29.48],[17.85,-29.49],[17.84,-29.49],[17.83,-29.49],[17.83,-29.48],[17.82,-29.48],[17.81,-29.48],[17.8,-29.48],[17.79,-29.48],[17.78,-29.48],[17.77,-29.48],[17.77,-29.47],[17.78,-29.47],[17.79,-29.47],[17.8,-29.47],[17.8,-29.46],[17.81,-29.46],[17.82,-29.47],[17.83,-29.47],[17.84,-29.47],[17.84,-29.46],[17.84,-29.46]],[[17.87,-29.51],[17.88,-29.51],[17.88,-29.5],[17.89,-29.49],[17.89,-29.5],[17.9,-29.5],[17.9,-29.51],[17.9,-29.52],[17.9,-29.53],[17.91,-29.53],[17.91,-29.54],[17.91,-29.55],[17.91,-29.56],[17.92,-29.56],[17.93,-29.55],[17.94,-29.55],[17.94,-29.56],[17.94,-29.57],[17.93,-29.57],[17.93,-29.56],[17.92,-29.57],[17.91,-29.57],[17.91,-29.58],[17.9,-29.59],[17.9,-29.58],[17.91,-29.58],[17.91,-29.57],[17.91,-29.56],[17.91,-29.55],[17.9,-29.55],[17.89,-29.55],[17.88,-29.55],[17.88,-29.54],[17.87,-29.53],[17.87,-29.52],[17.87,-29.51]],[[17.97,-29.66],[17.98,-29.66],[17.98,-29.67],[17.99,-29.67],[18,-29.67],[17.99,-29.67],[17.99,-29.68],[17.98,-29.68],[17.98,-29.69],[17.97,-29.69],[17.96,-29.69],[17.96,-29.7],[17.95,-29.7],[17.96,-29.7],[17.96,-29.71],[17.97,-29.71],[17.98,-29.71],[17.98,-29.72],[17.97,-29.72],[17.96,-29.72],[17.95,-29.71],[17.94,-29.71],[17.94,-29.7],[17.93,-29.7],[17.93,-29.71],[17.93,-29.72],[17.94,-29.72],[17.94,-29.73],[17.94,-29.74],[17.95,-29.74],[17.95,-29.75],[17.94,-29.75],[17.94,-29.76],[17.93,-29.76],[17.93,-29.75],[17.92,-29.75],[17.93,-29.74],[17.92,-29.73],[17.91,-29.73],[17.91,-29.72],[17.9,-29.72],[17.9,-29.73],[17.89,-29.73],[17.89,-29.74],[17.9,-29.74],[17.91,-29.74],[17.9,-29.75],[17.9,-29.76],[17.91,-29.76],[17.91,-29.77],[17.9,-29.77],[17.89,-29.76],[17.88,-29.76],[17.88,-29.75],[17.87,-29.75],[17.86,-29.75],[17.86,-29.76],[17.85,-29.76],[17.84,-29.76],[17.83,-29.76],[17.83,-29.75],[17.83,-29.74],[17.84,-29.74],[17.84,-29.75],[17.85,-29.75],[17.85,-29.74],[17.85,-29.73],[17.85,-29.72],[17.85,-29.71],[17.86,-29.71],[17.86,-29.7],[17.86,-29.71],[17.87,-29.71],[17.88,-29.71],[17.87,-29.7],[17.88,-29.7],[17.88,-29.69],[17.89,-29.69],[17.9,-29.69],[17.9,-29.68],[17.91,-29.68],[17.91,-29.67],[17.92,-29.67],[17.93,-29.67],[17.93,-29.66],[17.94,-29.66],[17.94,-29.67],[17.94,-29.68],[17.95,-29.68],[17.96,-29.68],[17.96,-29.67],[17.97,-29.67],[17.97,-29.66],[17.97,-29.66]],[[18.08,-29.72],[18.09,-29.72],[18.09,-29.71],[18.1,-29.71],[18.1,-29.72],[18.1,-29.73],[18.11,-29.73],[18.1,-29.73],[18.1,-29.74],[18.11,-29.74],[18.12,-29.74],[18.12,-29.75],[18.13,-29.75],[18.12,-29.75],[18.12,-29.76],[18.13,-29.76],[18.12,-29.76],[18.13,-29.76],[18.14,-29.76],[18.14,-29.77],[18.14,-29.78],[18.15,-29.78],[18.14,-29.78],[18.14,-29.79],[18.15,-29.79],[18.14,-29.79],[18.13,-29.79],[18.12,-29.79],[18.12,-29.8],[18.11,-29.8],[18.11,-29.79],[18.1,-29.79],[18.1,-29.78],[18.11,-29.78],[18.1,-29.78],[18.1,-29.77],[18.1,-29.76],[18.09,-29.76],[18.1,-29.76],[18.09,-29.76],[18.09,-29.75],[18.08,-29.75],[18.08,-29.74],[18.08,-29.73],[18.07,-29.73],[18.07,-29.72],[18.08,-29.72],[18.08,-29.72]],[[18.2,-29.75],[18.19,-29.75],[18.2,-29.75],[18.21,-29.75],[18.21,-29.74],[18.21,-29.73],[18.2,-29.73],[18.2,-29.72],[18.21,-29.72],[18.21,-29.73],[18.22,-29.73],[18.22,-29.74],[18.23,-29.74],[18.23,-29.75],[18.22,-29.75],[18.22,-29.76],[18.23,-29.76],[18.23,-29.77],[18.24,-29.77],[18.25,-29.77],[18.25,-29.78],[18.25,-29.77],[18.26,-29.77],[18.26,-29.76],[18.26,-29.77],[18.27,-29.77],[18.26,-29.77],[18.26,-29.78],[18.26,-29.79],[18.27,-29.79],[18.26,-29.79],[18.26,-29.8],[18.25,-29.8],[18.25,-29.81],[18.24,-29.81],[18.24,-29.8],[18.23,-29.8],[18.23,-29.79],[18.24,-29.79],[18.23,-29.79],[18.23,-29.78],[18.23,-29.77],[18.22,-29.77],[18.22,-29.76],[18.21,-29.76],[18.21,-29.75],[18.2,-29.75],[18.2,-29.75]],[[18.15,-29.81],[18.14,-29.81],[18.14,-29.82],[18.13,-29.82],[18.13,-29.81],[18.12,-29.81],[18.12,-29.82],[18.11,-29.82],[18.1,-29.82],[18.1,-29.81],[18.11,-29.81],[18.12,-29.81],[18.12,-29.8],[18.13,-29.8],[18.14,-29.8],[18.15,-29.8],[18.15,-29.81],[18.15,-29.81]],[[17.41,-29.82],[17.41,-29.83],[17.41,-29.84],[17.41,-29.85],[17.4,-29.86],[17.39,-29.86],[17.38,-29.86],[17.38,-29.85],[17.37,-29.85],[17.36,-29.85],[17.35,-29.85],[17.35,-29.84],[17.34,-29.84],[17.34,-29.83],[17.33,-29.83],[17.33,-29.82],[17.34,-29.82],[17.34,-29.81],[17.34,-29.82],[17.35,-29.82],[17.35,-29.83],[17.36,-29.83],[17.35,-29.83],[17.36,-29.84],[17.36,-29.83],[17.37,-29.83],[17.38,-29.83],[17.38,-29.82],[17.38,-29.83],[17.38,-29.82],[17.39,-29.82],[17.39,-29.81],[17.4,-29.81],[17.41,-29.81],[17.42,-29.81],[17.41,-29.81],[17.41,-29.82],[17.41,-29.82]],[[18.14,-29.83],[18.15,-29.83],[18.16,-29.83],[18.16,-29.84],[18.17,-29.84],[18.17,-29.83],[18.18,-29.83],[18.18,-29.84],[18.18,-29.85],[18.18,-29.86],[18.19,-29.86],[18.18,-29.86],[18.17,-29.86],[18.17,-29.85],[18.16,-29.86],[18.15,-29.86],[18.14,-29.86],[18.14,-29.85],[18.13,-29.85],[18.12,-29.85],[18.11,-29.85],[18.1,-29.85],[18.09,-29.84],[18.1,-29.84],[18.11,-29.83],[18.11,-29.84],[18.12,-29.83],[18.13,-29.83],[18.14,-29.83],[18.14,-29.83]],[[17.37,-29.87],[17.36,-29.88],[17.36,-29.89],[17.35,-29.89],[17.34,-29.89],[17.33,-29.89],[17.33,-29.88],[17.34,-29.88],[17.35,-29.87],[17.36,-29.87],[17.37,-29.87],[17.37,-29.86],[17.37,-29.87]],[[17.9,-29.88],[17.9,-29.89],[17.91,-29.89],[17.92,-29.89],[17.92,-29.9],[17.93,-29.9],[17.94,-29.9],[17.95,-29.9],[17.95,-29.91],[17.94,-29.91],[17.94,-29.92],[17.93,-29.92],[17.93,-29.93],[17.94,-29.93],[17.93,-29.93],[17.93,-29.94],[17.92,-29.94],[17.92,-29.93],[17.93,-29.93],[17.93,-29.92],[17.93,-29.91],[17.92,-29.91],[17.92,-29.9],[17.91,-29.9],[17.91,-29.89],[17.9,-29.89],[17.9,-29.88]],[[18.09,-29.89],[18.1,-29.89],[18.1,-29.9],[18.11,-29.9],[18.12,-29.91],[18.12,-29.92],[18.13,-29.92],[18.12,-29.92],[18.12,-29.93],[18.11,-29.93],[18.1,-29.93],[18.1,-29.94],[18.09,-29.94],[18.08,-29.94],[18.07,-29.94],[18.06,-29.94],[18.06,-29.93],[18.06,-29.92],[18.07,-29.92],[18.08,-29.92],[18.09,-29.92],[18.09,-29.91],[18.09,-29.9],[18.09,-29.89]],[[18.17,-29.94],[18.17,-29.93],[18.18,-29.93],[18.19,-29.93],[18.19,-29.94],[18.2,-29.94],[18.2,-29.95],[18.19,-29.95],[18.18,-29.95],[18.17,-29.95],[18.17,-29.96],[18.16,-29.96],[18.16,-29.95],[18.17,-29.95],[18.16,-29.95],[18.16,-29.94],[18.17,-29.94],[18.17,-29.94]],[[18.2,-29.96],[18.21,-29.96],[18.2,-29.96],[18.2,-29.97],[18.19,-29.97],[18.19,-29.98],[18.18,-29.98],[18.18,-29.99],[18.17,-29.99],[18.16,-29.99],[18.15,-29.99],[18.16,-29.98],[18.17,-29.98],[18.17,-29.97],[18.18,-29.97],[18.19,-29.97],[18.19,-29.96],[18.2,-29.96],[18.2,-29.96]],[[18.04,-29.99],[18.04,-30],[18.05,-30],[18.05,-30.01],[18.05,-30.02],[18.04,-30.02],[18.03,-30.02],[18.02,-30.02],[18.01,-30.02],[18,-30.02],[18,-30.01],[18,-30],[17.99,-30],[17.99,-29.99],[17.99,-29.98],[17.99,-29.97],[17.98,-29.97],[17.98,-29.96],[17.99,-29.96],[17.98,-29.96],[17.98,-29.95],[17.99,-29.95],[17.99,-29.94],[18,-29.94],[18,-29.95],[18.01,-29.95],[18.01,-29.94],[18.02,-29.94],[18.02,-29.95],[18.02,-29.94],[18.03,-29.94],[18.03,-29.95],[18.04,-29.95],[18.05,-29.95],[18.06,-29.95],[18.06,-29.96],[18.05,-29.96],[18.04,-29.96],[18.04,-29.97],[18.05,-29.97],[18.05,-29.98],[18.06,-29.98],[18.07,-29.98],[18.07,-29.99],[18.06,-29.99],[18.05,-29.99],[18.04,-29.99]],[[18.07,-30.02],[18.08,-30.02],[18.09,-30.02],[18.09,-30.03],[18.08,-30.03],[18.07,-30.03],[18.07,-30.02]],[[18.11,-30.03],[18.11,-30.02],[18.12,-30.02],[18.11,-30.03],[18.11,-30.04],[18.1,-30.04],[18.09,-30.04],[18.08,-30.04],[18.07,-30.04],[18.07,-30.03],[18.08,-30.03],[18.08,-30.04],[18.09,-30.04],[18.1,-30.04],[18.1,-30.03],[18.11,-30.03],[18.11,-30.03]],[[18.04,-30.04],[18.04,-30.05],[18.03,-30.05],[18.04,-30.05],[18.05,-30.05],[18.06,-30.05],[18.07,-30.05],[18.06,-30.06],[18.05,-30.06],[18.04,-30.06],[18.04,-30.07],[18.03,-30.07],[18.02,-30.07],[18.02,-30.06],[18.01,-30.06],[18.01,-30.05],[18,-30.05],[18,-30.04],[17.99,-30.04],[18,-30.03],[18,-30.04],[18.01,-30.04],[18.02,-30.04],[18.03,-30.04],[18.04,-30.04],[18.04,-30.04]],[[17.97,-30.07],[17.98,-30.07],[17.99,-30.08],[17.99,-30.09],[18,-30.09],[18,-30.1],[18,-30.11],[17.99,-30.11],[17.98,-30.11],[17.97,-30.11],[17.97,-30.12],[17.98,-30.12],[17.98,-30.13],[17.97,-30.13],[17.97,-30.12],[17.96,-30.12],[17.96,-30.13],[17.95,-30.12],[17.95,-30.13],[17.94,-30.13],[17.93,-30.13],[17.92,-30.13],[17.92,-30.12],[17.91,-30.13],[17.9,-30.13],[17.9,-30.12],[17.9,-30.11],[17.89,-30.11],[17.89,-30.1],[17.88,-30.1],[17.89,-30.1],[17.9,-30.1],[17.91,-30.1],[17.9,-30.1],[17.9,-30.09],[17.89,-30.09],[17.89,-30.08],[17.89,-30.07],[17.89,-30.06],[17.88,-30.06],[17.87,-30.06],[17.86,-30.06],[17.85,-30.06],[17.85,-30.07],[17.85,-30.06],[17.84,-30.06],[17.84,-30.05],[17.85,-30.05],[17.85,-30.04],[17.86,-30.04],[17.86,-30.05],[17.87,-30.05],[17.88,-30.05],[17.88,-30.04],[17.89,-30.04],[17.9,-30.04],[17.91,-30.04],[17.91,-30.05],[17.91,-30.06],[17.92,-30.07],[17.91,-30.07],[17.91,-30.08],[17.92,-30.08],[17.91,-30.08],[17.91,-30.09],[17.92,-30.09],[17.93,-30.09],[17.93,-30.1],[17.94,-30.1],[17.95,-30.1],[17.95,-30.09],[17.94,-30.08],[17.93,-30.08],[17.93,-30.07],[17.93,-30.06],[17.94,-30.05],[17.95,-30.05],[17.95,-30.04],[17.95,-30.05],[17.94,-30.05],[17.93,-30.04],[17.92,-30.04],[17.91,-30.04],[17.9,-30.04],[17.89,-30.04],[17.89,-30.03],[17.89,-30.02],[17.9,-30.02],[17.91,-30.02],[17.91,-30.03],[17.92,-30.03],[17.93,-30.03],[17.93,-30.04],[17.94,-30.04],[17.94,-30.03],[17.95,-30.03],[17.96,-30.04],[17.96,-30.05],[17.97,-30.06],[17.97,-30.07],[17.97,-30.06],[17.97,-30.07]],[[18.15,-30.07],[18.15,-30.08],[18.15,-30.09],[18.15,-30.1],[18.15,-30.09],[18.16,-30.09],[18.16,-30.08],[18.17,-30.08],[18.17,-30.09],[18.16,-30.09],[18.16,-30.1],[18.17,-30.1],[18.18,-30.1],[18.18,-30.11],[18.19,-30.11],[18.18,-30.12],[18.17,-30.12],[18.17,-30.11],[18.16,-30.12],[18.17,-30.12],[18.17,-30.13],[18.16,-30.13],[18.15,-30.14],[18.14,-30.14],[18.13,-30.14],[18.13,-30.15],[18.12,-30.14],[18.11,-30.14],[18.11,-30.13],[18.12,-30.13],[18.13,-30.12],[18.14,-30.12],[18.14,-30.11],[18.15,-30.11],[18.14,-30.11],[18.13,-30.11],[18.13,-30.1],[18.12,-30.1],[18.12,-30.09],[18.11,-30.09],[18.12,-30.09],[18.12,-30.08],[18.13,-30.08],[18.14,-30.08],[18.15,-30.07]],[[18.16,-30.14],[18.17,-30.14],[18.17,-30.13],[18.18,-30.13],[18.19,-30.14],[18.19,-30.13],[18.19,-30.14],[18.2,-30.14],[18.2,-30.15],[18.19,-30.15],[18.18,-30.16],[18.17,-30.16],[18.16,-30.16],[18.15,-30.16],[18.16,-30.16],[18.16,-30.17],[18.16,-30.18],[18.17,-30.18],[18.17,-30.19],[18.16,-30.19],[18.16,-30.18],[18.15,-30.18],[18.15,-30.17],[18.14,-30.17],[18.14,-30.16],[18.13,-30.16],[18.13,-30.15],[18.14,-30.15],[18.14,-30.14],[18.15,-30.14],[18.16,-30.14],[18.16,-30.14]],[[18.2,-30.19],[18.21,-30.19],[18.21,-30.2],[18.22,-30.2],[18.22,-30.21],[18.21,-30.21],[18.22,-30.21],[18.22,-30.22],[18.21,-30.22],[18.22,-30.22],[18.21,-30.22],[18.22,-30.22],[18.22,-30.23],[18.22,-30.24],[18.21,-30.24],[18.21,-30.23],[18.2,-30.23],[18.2,-30.22],[18.19,-30.22],[18.18,-30.21],[18.17,-30.2],[18.17,-30.19],[18.18,-30.19],[18.19,-30.19],[18.19,-30.2],[18.2,-30.2],[18.2,-30.19],[18.2,-30.19]],[[18.32,-30.24],[18.31,-30.23],[18.31,-30.22],[18.32,-30.22],[18.32,-30.23],[18.33,-30.24],[18.34,-30.24],[18.34,-30.25],[18.33,-30.25],[18.32,-30.24],[18.32,-30.24]],[[18.33,-30.25],[18.48,-30.39],[18.15,-30.54],[17.95,-30.19],[18.33,-30.25],[18.33,-30.25]],[[18.4,-30.47],[18.39,-30.47],[18.4,-30.47],[18.41,-30.47],[18.42,-30.47],[18.42,-30.48],[18.43,-30.48],[18.43,-30.49],[18.44,-30.49],[18.45,-30.49],[18.45,-30.48],[18.45,-30.49],[18.44,-30.49],[18.43,-30.49],[18.42,-30.49],[18.42,-30.48],[18.41,-30.48],[18.4,-30.48],[18.4,-30.47]],[[18.35,-30.49],[18.36,-30.5],[18.36,-30.51],[18.36,-30.52],[18.36,-30.51],[18.35,-30.52],[18.35,-30.51],[18.35,-30.52],[18.34,-30.52],[18.34,-30.51],[18.33,-30.51],[18.34,-30.51],[18.35,-30.51],[18.35,-30.5],[18.34,-30.5],[18.34,-30.49],[18.35,-30.49],[18.35,-30.49]],[[18.43,-30.54],[18.44,-30.54],[18.45,-30.54],[18.45,-30.55],[18.45,-30.56],[18.46,-30.56],[18.45,-30.56],[18.45,-30.57],[18.44,-30.57],[18.44,-30.56],[18.43,-30.56],[18.42,-30.56],[18.42,-30.55],[18.43,-30.55],[18.43,-30.54],[18.43,-30.54]],[[18,-30.57],[18.01,-30.58],[18.01,-30.59],[18.02,-30.59],[18.02,-30.6],[18.03,-30.61],[18.02,-30.61],[18.01,-30.61],[18.01,-30.62],[18.01,-30.63],[18,-30.63],[18,-30.64],[18,-30.65],[18,-30.66],[17.99,-30.65],[17.99,-30.66],[18,-30.66],[18,-30.67],[17.99,-30.67],[17.98,-30.67],[17.98,-30.66],[17.98,-30.65],[17.97,-30.64],[17.97,-30.63],[17.96,-30.63],[17.96,-30.64],[17.95,-30.64],[17.95,-30.63],[17.96,-30.63],[17.96,-30.62],[17.95,-30.61],[17.95,-30.6],[17.95,-30.59],[17.94,-30.58],[17.95,-30.58],[17.95,-30.59],[17.95,-30.58],[17.96,-30.58],[17.96,-30.59],[17.97,-30.59],[17.97,-30.6],[17.98,-30.6],[17.98,-30.59],[17.98,-30.58],[17.97,-30.58],[17.97,-30.57],[17.98,-30.56],[17.99,-30.56],[17.99,-30.55],[17.98,-30.55],[17.97,-30.55],[17.96,-30.55],[17.96,-30.54],[17.96,-30.53],[17.97,-30.53],[17.98,-30.54],[17.99,-30.54],[17.99,-30.53],[17.99,-30.52],[17.98,-30.52],[17.98,-30.51],[17.98,-30.5],[17.98,-30.49],[17.98,-30.48],[17.97,-30.47],[17.98,-30.46],[17.98,-30.45],[17.98,-30.44],[17.99,-30.43],[17.99,-30.42],[18,-30.42],[18,-30.43],[17.99,-30.43],[17.99,-30.44],[18,-30.44],[17.99,-30.45],[18,-30.46],[18,-30.47],[18.01,-30.48],[18,-30.49],[18,-30.5],[18,-30.51],[18.01,-30.51],[18.01,-30.52],[18.02,-30.52],[18.03,-30.53],[18.02,-30.53],[18.01,-30.53],[18.01,-30.54],[18,-30.54],[18,-30.55],[18,-30.56],[18.01,-30.56],[18,-30.57],[18,-30.57]],[[18.25,-30.59],[18.26,-30.59],[18.26,-30.6],[18.25,-30.6],[18.25,-30.61],[18.26,-30.61],[18.26,-30.62],[18.26,-30.63],[18.26,-30.64],[18.25,-30.64],[18.25,-30.63],[18.24,-30.63],[18.24,-30.62],[18.24,-30.61],[18.24,-30.6],[18.25,-30.6],[18.25,-30.59],[18.25,-30.59]],[[18.49,-30.65],[18.49,-30.64],[18.5,-30.64],[18.5,-30.65],[18.51,-30.65],[18.52,-30.65],[18.52,-30.66],[18.51,-30.66],[18.5,-30.66],[18.49,-30.66],[18.48,-30.66],[18.48,-30.65],[18.49,-30.65],[18.49,-30.65]],[[17.45,-30.59],[17.44,-30.59],[17.44,-30.6],[17.44,-30.59],[17.45,-30.59],[17.45,-30.59]],[[17.55,-30.56],[17.55,-30.57],[17.54,-30.57],[17.54,-30.58],[17.53,-30.57],[17.53,-30.58],[17.52,-30.57],[17.51,-30.56],[17.5,-30.55],[17.5,-30.54],[17.5,-30.53],[17.51,-30.53],[17.51,-30.52],[17.5,-30.52],[17.5,-30.51],[17.5,-30.5],[17.51,-30.5],[17.52,-30.5],[17.53,-30.5],[17.54,-30.5],[17.55,-30.5],[17.56,-30.5],[17.56,-30.51],[17.56,-30.52],[17.55,-30.52],[17.55,-30.53],[17.55,-30.54],[17.55,-30.56]],[[17.96,-30.48],[17.96,-30.49],[17.95,-30.49],[17.95,-30.48],[17.96,-30.48],[17.96,-30.48]],[[17.94,-30.48],[17.93,-30.48],[17.93,-30.47],[17.94,-30.47],[17.94,-30.48],[17.94,-30.48]],[[17.94,-30.42],[17.94,-30.43],[17.93,-30.43],[17.93,-30.42],[17.93,-30.41],[17.93,-30.4],[17.92,-30.4],[17.92,-30.41],[17.91,-30.41],[17.91,-30.4],[17.92,-30.4],[17.92,-30.39],[17.91,-30.39],[17.91,-30.38],[17.9,-30.38],[17.9,-30.37],[17.89,-30.37],[17.89,-30.38],[17.88,-30.38],[17.88,-30.37],[17.88,-30.36],[17.89,-30.36],[17.89,-30.35],[17.89,-30.36],[17.9,-30.36],[17.91,-30.36],[17.92,-30.36],[17.92,-30.37],[17.92,-30.38],[17.92,-30.39],[17.93,-30.39],[17.93,-30.38],[17.94,-30.38],[17.95,-30.38],[17.95,-30.39],[17.96,-30.39],[17.96,-30.38],[17.97,-30.38],[17.97,-30.37],[17.97,-30.38],[17.97,-30.37],[17.97,-30.36],[17.96,-30.35],[17.95,-30.35],[17.95,-30.36],[17.96,-30.36],[17.95,-30.36],[17.95,-30.37],[17.96,-30.37],[17.96,-30.38],[17.95,-30.38],[17.95,-30.37],[17.94,-30.37],[17.94,-30.38],[17.95,-30.38],[17.94,-30.38],[17.94,-30.37],[17.94,-30.36],[17.94,-30.35],[17.95,-30.35],[17.95,-30.34],[17.96,-30.34],[17.97,-30.34],[17.98,-30.34],[17.97,-30.33],[17.98,-30.33],[17.98,-30.32],[17.98,-30.31],[17.98,-30.3],[17.99,-30.3],[17.99,-30.29],[18,-30.29],[18.01,-30.29],[18.02,-30.29],[18.02,-30.3],[18.01,-30.31],[18.01,-30.32],[18.01,-30.33],[18.01,-30.34],[18,-30.34],[18,-30.35],[18,-30.36],[18,-30.37],[18.01,-30.37],[18.01,-30.38],[18.02,-30.39],[18.01,-30.39],[18,-30.39],[18,-30.4],[18,-30.39],[17.99,-30.39],[17.98,-30.39],[17.97,-30.4],[17.96,-30.4],[17.96,-30.39],[17.95,-30.39],[17.94,-30.39],[17.94,-30.4],[17.95,-30.4],[17.96,-30.4],[17.95,-30.41],[17.95,-30.42],[17.94,-30.42]],[[17.58,-30.38],[17.57,-30.38],[17.57,-30.39],[17.56,-30.39],[17.55,-30.39],[17.54,-30.39],[17.53,-30.38],[17.53,-30.37],[17.54,-30.37],[17.54,-30.36],[17.55,-30.36],[17.55,-30.35],[17.55,-30.34],[17.56,-30.34],[17.57,-30.34],[17.57,-30.35],[17.58,-30.35],[17.59,-30.36],[17.59,-30.37],[17.59,-30.38],[17.58,-30.38]],[[17.44,-30.36],[17.44,-30.37],[17.43,-30.37],[17.43,-30.36],[17.43,-30.35],[17.42,-30.36],[17.41,-30.36],[17.42,-30.35],[17.41,-30.35],[17.4,-30.35],[17.41,-30.35],[17.41,-30.34],[17.4,-30.34],[17.4,-30.33],[17.4,-30.32],[17.4,-30.31],[17.4,-30.3],[17.4,-30.31],[17.4,-30.32],[17.39,-30.32],[17.39,-30.31],[17.39,-30.3],[17.38,-30.3],[17.38,-30.29],[17.37,-30.29],[17.37,-30.28],[17.37,-30.27],[17.36,-30.27],[17.36,-30.26],[17.37,-30.25],[17.37,-30.24],[17.37,-30.23],[17.37,-30.22],[17.37,-30.21],[17.38,-30.21],[17.38,-30.22],[17.38,-30.23],[17.39,-30.23],[17.39,-30.22],[17.39,-30.21],[17.4,-30.21],[17.41,-30.21],[17.42,-30.21],[17.42,-30.22],[17.42,-30.23],[17.42,-30.24],[17.43,-30.24],[17.43,-30.25],[17.42,-30.26],[17.43,-30.27],[17.44,-30.28],[17.44,-30.29],[17.44,-30.3],[17.45,-30.3],[17.45,-30.29],[17.46,-30.29],[17.46,-30.3],[17.47,-30.29],[17.48,-30.29],[17.49,-30.29],[17.5,-30.28],[17.51,-30.27],[17.52,-30.27],[17.52,-30.28],[17.52,-30.29],[17.51,-30.29],[17.5,-30.3],[17.49,-30.3],[17.5,-30.31],[17.5,-30.32],[17.49,-30.32],[17.49,-30.33],[17.49,-30.34],[17.48,-30.34],[17.48,-30.35],[17.47,-30.36],[17.46,-30.36],[17.45,-30.36],[17.45,-30.35],[17.44,-30.36],[17.44,-30.36]],[[17.78,-30.21],[17.78,-30.2],[17.79,-30.2],[17.8,-30.2],[17.81,-30.2],[17.82,-30.2],[17.82,-30.21],[17.83,-30.21],[17.83,-30.22],[17.84,-30.22],[17.85,-30.22],[17.85,-30.23],[17.84,-30.23],[17.83,-30.23],[17.82,-30.22],[17.82,-30.23],[17.81,-30.23],[17.81,-30.22],[17.8,-30.22],[17.79,-30.22],[17.78,-30.22],[17.78,-30.21],[17.78,-30.21]],[[17.86,-30.2],[17.87,-30.21],[17.88,-30.21],[17.88,-30.22],[17.89,-30.22],[17.88,-30.22],[17.87,-30.22],[17.86,-30.21],[17.86,-30.2],[17.86,-30.2]],[[17.88,-30.25],[17.88,-30.24],[17.89,-30.24],[17.89,-30.23],[17.9,-30.23],[17.9,-30.24],[17.91,-30.24],[17.91,-30.25],[17.9,-30.25],[17.91,-30.25],[17.91,-30.26],[17.91,-30.27],[17.9,-30.27],[17.9,-30.28],[17.91,-30.28],[17.9,-30.28],[17.9,-30.29],[17.9,-30.3],[17.89,-30.3],[17.89,-30.29],[17.89,-30.28],[17.88,-30.28],[17.88,-30.27],[17.89,-30.27],[17.89,-30.26],[17.88,-30.26],[17.88,-30.25]],[[17.92,-30.25],[17.93,-30.25],[17.93,-30.24],[17.93,-30.25],[17.93,-30.26],[17.94,-30.26],[17.94,-30.27],[17.94,-30.28],[17.94,-30.29],[17.93,-30.29],[17.93,-30.28],[17.92,-30.28],[17.92,-30.27],[17.92,-30.26],[17.92,-30.25],[17.92,-30.25]],[[17.9,-30.31],[17.91,-30.31],[17.92,-30.32],[17.93,-30.32],[17.94,-30.32],[17.95,-30.32],[17.96,-30.31],[17.96,-30.32],[17.97,-30.32],[17.98,-30.32],[17.97,-30.32],[17.96,-30.33],[17.95,-30.33],[17.95,-30.34],[17.94,-30.34],[17.93,-30.34],[17.93,-30.33],[17.92,-30.33],[17.92,-30.34],[17.92,-30.33],[17.92,-30.32],[17.91,-30.32],[17.9,-30.32],[17.9,-30.31],[17.9,-30.31]],[[17.89,-30.34],[17.89,-30.35],[17.88,-30.34],[17.87,-30.34],[17.86,-30.34],[17.85,-30.33],[17.85,-30.32],[17.86,-30.32],[17.86,-30.33],[17.87,-30.33],[17.87,-30.32],[17.87,-30.31],[17.87,-30.32],[17.88,-30.32],[17.89,-30.32],[17.9,-30.32],[17.9,-30.33],[17.89,-30.33],[17.89,-30.34],[17.89,-30.34]],[[18.03,-30.47],[18.03,-30.46],[18.02,-30.46],[18.03,-30.46],[18.04,-30.46],[18.04,-30.47],[18.03,-30.47],[18.03,-30.47]],[[17.78,-30.14],[17.78,-30.13],[17.78,-30.12],[17.79,-30.12],[17.79,-30.13],[17.8,-30.13],[17.8,-30.12],[17.81,-30.13],[17.8,-30.14],[17.79,-30.14],[17.78,-30.14]],[[18.06,-30.13],[18.05,-30.13],[18.04,-30.13],[18.03,-30.13],[18.03,-30.12],[18.02,-30.12],[18.01,-30.12],[18.01,-30.11],[18.01,-30.1],[18.01,-30.11],[18.02,-30.11],[18.03,-30.11],[18.02,-30.11],[18.02,-30.1],[18.03,-30.1],[18.02,-30.1],[18.02,-30.09],[18.03,-30.09],[18.04,-30.09],[18.04,-30.1],[18.05,-30.1],[18.06,-30.11],[18.07,-30.11],[18.08,-30.11],[18.09,-30.11],[18.1,-30.11],[18.1,-30.12],[18.1,-30.11],[18.11,-30.11],[18.12,-30.11],[18.13,-30.11],[18.13,-30.12],[18.12,-30.12],[18.12,-30.13],[18.11,-30.13],[18.1,-30.13],[18.09,-30.13],[18.08,-30.13],[18.07,-30.13],[18.06,-30.13]],[[18.01,-30.09],[18.02,-30.09],[18.02,-30.1],[18.01,-30.1],[18.01,-30.09],[18,-30.08],[18.01,-30.08],[18.01,-30.09],[18.01,-30.09]],[[18.04,-30.08],[18.05,-30.08],[18.04,-30.08],[18.03,-30.08],[18.04,-30.08],[18.04,-30.08]],[[18.08,-30.13],[18.08,-30.14],[18.09,-30.14],[18.08,-30.15],[18.09,-30.15],[18.09,-30.14],[18.1,-30.14],[18.1,-30.15],[18.09,-30.15],[18.09,-30.16],[18.08,-30.16],[18.07,-30.16],[18.06,-30.16],[18.05,-30.16],[18.04,-30.16],[18.04,-30.15],[18.05,-30.15],[18.06,-30.15],[18.07,-30.14],[18.08,-30.13],[18.08,-30.13]],[[18.12,-30.18],[18.12,-30.17],[18.12,-30.18],[18.13,-30.18],[18.13,-30.19],[18.12,-30.19],[18.12,-30.18],[18.12,-30.18]],[[18.14,-30.21],[18.13,-30.21],[18.13,-30.2],[18.14,-30.2],[18.15,-30.2],[18.15,-30.21],[18.14,-30.21],[18.14,-30.21]],[[18.17,-30.21],[18.18,-30.22],[18.18,-30.23],[18.19,-30.23],[18.19,-30.24],[18.19,-30.25],[18.2,-30.25],[18.19,-30.25],[18.18,-30.24],[18.18,-30.23],[18.17,-30.23],[18.17,-30.22],[18.17,-30.21]],[[17.88,-30.1],[17.88,-30.09],[17.87,-30.09],[17.87,-30.08],[17.88,-30.08],[17.88,-30.09],[17.88,-30.1]],[[17.78,-30.07],[17.78,-30.08],[17.77,-30.08],[17.77,-30.07],[17.76,-30.07],[17.77,-30.07],[17.77,-30.06],[17.78,-30.06],[17.78,-30.07],[17.78,-30.07]],[[17.85,-30.04],[17.84,-30.04],[17.84,-30.03],[17.83,-30.03],[17.84,-30.03],[17.85,-30.03],[17.85,-30.04],[17.85,-30.04]],[[17.98,-30.01],[17.97,-30.01],[17.96,-30.01],[17.95,-30],[17.94,-30],[17.94,-29.99],[17.95,-29.99],[17.95,-30],[17.96,-30],[17.97,-30],[17.98,-30],[17.99,-30],[17.98,-30.01]],[[17.89,-29.99],[17.88,-29.99],[17.88,-29.98],[17.89,-29.98],[17.9,-29.98],[17.9,-29.97],[17.91,-29.97],[17.91,-29.96],[17.91,-29.95],[17.92,-29.95],[17.92,-29.96],[17.92,-29.97],[17.92,-29.98],[17.93,-29.98],[17.92,-29.98],[17.92,-29.97],[17.91,-29.97],[17.91,-29.98],[17.9,-29.98],[17.91,-29.98],[17.91,-29.99],[17.9,-29.99],[17.89,-29.99],[17.89,-29.99]],[[17.34,-29.96],[17.33,-29.96],[17.33,-29.95],[17.34,-29.95],[17.34,-29.94],[17.34,-29.93],[17.35,-29.94],[17.35,-29.93],[17.36,-29.92],[17.37,-29.92],[17.37,-29.93],[17.38,-29.93],[17.38,-29.94],[17.38,-29.95],[17.37,-29.96],[17.36,-29.95],[17.37,-29.95],[17.37,-29.94],[17.38,-29.94],[17.37,-29.94],[17.37,-29.93],[17.36,-29.93],[17.36,-29.94],[17.36,-29.95],[17.35,-29.95],[17.35,-29.96],[17.34,-29.96],[17.34,-29.96]],[[17.26,-29.94],[17.26,-29.95],[17.26,-29.96],[17.25,-29.96],[17.25,-29.95],[17.24,-29.95],[17.23,-29.95],[17.23,-29.94],[17.23,-29.93],[17.23,-29.92],[17.23,-29.91],[17.23,-29.9],[17.23,-29.89],[17.23,-29.88],[17.23,-29.87],[17.24,-29.87],[17.24,-29.86],[17.24,-29.85],[17.24,-29.84],[17.23,-29.84],[17.23,-29.83],[17.23,-29.82],[17.24,-29.82],[17.24,-29.81],[17.24,-29.8],[17.24,-29.79],[17.24,-29.78],[17.24,-29.77],[17.24,-29.76],[17.24,-29.75],[17.24,-29.74],[17.24,-29.73],[17.25,-29.73],[17.26,-29.74],[17.26,-29.75],[17.26,-29.76],[17.26,-29.77],[17.26,-29.78],[17.26,-29.79],[17.26,-29.8],[17.26,-29.81],[17.26,-29.82],[17.26,-29.83],[17.27,-29.85],[17.27,-29.86],[17.27,-29.87],[17.27,-29.88],[17.26,-29.89],[17.26,-29.9],[17.26,-29.91],[17.26,-29.92],[17.26,-29.93],[17.26,-29.94]],[[17.3,-29.9],[17.29,-29.9],[17.3,-29.9],[17.3,-29.89],[17.31,-29.89],[17.32,-29.89],[17.33,-29.89],[17.33,-29.9],[17.32,-29.9],[17.31,-29.91],[17.31,-29.9],[17.3,-29.9],[17.3,-29.9]],[[18.15,-29.95],[18.16,-29.95],[18.16,-29.96],[18.16,-29.97],[18.15,-29.97],[18.14,-29.97],[18.13,-29.97],[18.13,-29.96],[18.14,-29.96],[18.15,-29.96],[18.15,-29.95],[18.15,-29.95]],[[18.68,-30.68],[18.68,-30.69],[18.68,-30.68],[18.69,-30.68],[18.69,-30.69],[18.68,-30.69],[18.67,-30.69],[18.68,-30.68]],[[17.83,-30.89],[17.83,-30.88],[17.82,-30.88],[17.83,-30.87],[17.83,-30.86],[17.83,-30.85],[17.84,-30.85],[17.85,-30.84],[17.85,-30.85],[17.86,-30.85],[17.86,-30.86],[17.86,-30.87],[17.86,-30.86],[17.87,-30.86],[17.88,-30.87],[17.88,-30.88],[17.88,-30.89],[17.88,-30.9],[17.88,-30.91],[17.88,-30.92],[17.88,-30.93],[17.89,-30.93],[17.9,-30.94],[17.89,-30.94],[17.89,-30.95],[17.89,-30.96],[17.88,-30.96],[17.89,-30.95],[17.88,-30.95],[17.87,-30.95],[17.86,-30.95],[17.86,-30.94],[17.85,-30.95],[17.86,-30.95],[17.85,-30.95],[17.84,-30.95],[17.85,-30.96],[17.85,-30.97],[17.85,-30.96],[17.84,-30.96],[17.83,-30.96],[17.84,-30.95],[17.83,-30.95],[17.82,-30.95],[17.82,-30.96],[17.83,-30.96],[17.83,-30.97],[17.82,-30.97],[17.82,-30.98],[17.81,-30.98],[17.81,-30.99],[17.81,-31],[17.8,-31],[17.79,-31],[17.8,-30.99],[17.8,-30.98],[17.79,-30.98],[17.79,-30.97],[17.8,-30.96],[17.81,-30.95],[17.82,-30.95],[17.82,-30.94],[17.81,-30.93],[17.81,-30.94],[17.8,-30.94],[17.8,-30.93],[17.8,-30.92],[17.8,-30.91],[17.8,-30.9],[17.79,-30.9],[17.8,-30.9],[17.8,-30.89],[17.81,-30.89],[17.81,-30.9],[17.82,-30.9],[17.83,-30.9],[17.83,-30.89]],[[17.76,-30.91],[17.75,-30.91],[17.76,-30.91],[17.76,-30.91]],[[18.1,-31.35],[18.1,-31.36],[18.1,-31.35],[18.1,-31.35]],[[18.02,-31.38],[18.03,-31.38],[18.02,-31.38],[18.02,-31.38]],[[18.02,-31.39],[18.03,-31.39],[18.03,-31.4],[18.02,-31.4],[18.02,-31.39],[18.02,-31.39]],[[17.8,-28.96],[17.81,-28.97],[17.8,-28.97],[17.79,-28.97],[17.78,-28.97],[17.77,-28.96],[17.78,-28.96],[17.8,-28.96]]],[[[16.11,-26.43],[16.22,-26.81],[16.12,-26.44],[16.11,-26.43]]],[[[15.48,-26.31],[15.3,-26.41],[15.49,-26.32],[15.48,-26.31]]]]},"bbox":[15.08,-31.76,19.23,-26.31]},{"type":"Feature","properties":{},"geometry":{"type":"Polygon","coordinates":[[[13.77,-20.4],[13.6,-20.26],[13.4,-20.85],[14.51,-22.56],[14.46,-24.08],[14.96,-26.27],[15.62,-26.61],[15.91,-27.34],[16.65,-27.7],[16.14,-27.38],[16.75,-27.33],[16.37,-26.74],[16.63,-26.21],[16.11,-25.92],[15.6,-24.48],[15.68,-23.74],[15.39,-23.75],[15.78,-23.5],[15.53,-23.53],[15.62,-22.53],[14.36,-21.36],[14.86,-20.95],[14.45,-20.8],[14.38,-20.39],[13.79,-20.54],[13.77,-20.4]],[[15.82,-25.77],[15.82,-25.78],[15.81,-25.78],[15.8,-25.77],[15.79,-25.76],[15.78,-25.75],[15.78,-25.74],[15.77,-25.74],[15.77,-25.73],[15.76,-25.73],[15.76,-25.72],[15.75,-25.72],[15.75,-25.71],[15.75,-25.7],[15.75,-25.69],[15.75,-25.68],[15.76,-25.67],[15.77,-25.66],[15.78,-25.67],[15.78,-25.68],[15.79,-25.68],[15.79,-25.69],[15.79,-25.7],[15.8,-25.7],[15.8,-25.71],[15.81,-25.71],[15.81,-25.72],[15.82,-25.72],[15.83,-25.73],[15.83,-25.74],[15.83,-25.75],[15.83,-25.76],[15.83,-25.77],[15.82,-25.77]],[[15.99,-25.96],[15.88,-25.79],[15.99,-25.96],[15.99,-25.96]],[[15.85,-26.29],[15.86,-26.28],[15.87,-26.28],[15.87,-26.27],[15.88,-26.27],[15.89,-26.28],[15.9,-26.29],[15.91,-26.3],[15.92,-26.31],[15.92,-26.32],[15.93,-26.32],[15.93,-26.33],[15.94,-26.33],[15.94,-26.34],[15.95,-26.34],[15.96,-26.34],[15.96,-26.35],[15.95,-26.35],[15.95,-26.36],[15.94,-26.35],[15.93,-26.34],[15.92,-26.34],[15.92,-26.33],[15.91,-26.33],[15.91,-26.32],[15.9,-26.32],[15.89,-26.32],[15.88,-26.32],[15.87,-26.32],[15.87,-26.33],[15.86,-26.33],[15.86,-26.34],[15.85,-26.34],[15.84,-26.34],[15.83,-26.33],[15.82,-26.33],[15.81,-26.33],[15.8,-26.32],[15.79,-26.32],[15.78,-26.31],[15.77,-26.31],[15.76,-26.31],[15.76,-26.3],[15.76,-26.29],[15.76,-26.28],[15.76,-26.27],[15.75,-26.26],[15.75,-26.25],[15.75,-26.24],[15.74,-26.24],[15.74,-26.23],[15.75,-26.22],[15.75,-26.21],[15.76,-26.21],[15.77,-26.21],[15.77,-26.22],[15.77,-26.23],[15.78,-26.23],[15.78,-26.24],[15.79,-26.25],[15.79,-26.26],[15.8,-26.26],[15.8,-26.27],[15.81,-26.28],[15.82,-26.28],[15.83,-26.29],[15.84,-26.29],[15.85,-26.29]],[[15.48,-26.31],[15.33,-26.45],[15.48,-26.3],[15.48,-26.31]],[[15.89,-26.4],[15.9,-26.4],[15.91,-26.4],[15.92,-26.4],[15.93,-26.4],[15.94,-26.4],[15.95,-26.4],[15.95,-26.41],[15.95,-26.42],[15.96,-26.42],[15.96,-26.43],[15.95,-26.44],[15.94,-26.44],[15.93,-26.44],[15.93,-26.43],[15.92,-26.43],[15.91,-26.43],[15.9,-26.43],[15.89,-26.42],[15.88,-26.42],[15.87,-26.42],[15.86,-26.42],[15.85,-26.42],[15.85,-26.41],[15.84,-26.41],[15.83,-26.41],[15.83,-26.4],[15.82,-26.4],[15.82,-26.39],[15.81,-26.39],[15.81,-26.38],[15.82,-26.38],[15.82,-26.37],[15.83,-26.37],[15.83,-26.36],[15.84,-26.36],[15.84,-26.37],[15.85,-26.37],[15.85,-26.38],[15.86,-26.38],[15.87,-26.39],[15.88,-26.39],[15.88,-26.4],[15.89,-26.4]],[[16.11,-26.43],[16.24,-26.81],[16.11,-26.43],[16.11,-26.43]],[[16.3,-26.48],[16.3,-26.49],[16.31,-26.49],[16.31,-26.5],[16.32,-26.51],[16.32,-26.52],[16.32,-26.53],[16.32,-26.54],[16.32,-26.55],[16.33,-26.56],[16.33,-26.57],[16.34,-26.58],[16.34,-26.59],[16.34,-26.6],[16.34,-26.61],[16.33,-26.61],[16.32,-26.61],[16.32,-26.6],[16.31,-26.59],[16.3,-26.59],[16.29,-26.58],[16.28,-26.58],[16.27,-26.58],[16.27,-26.57],[16.27,-26.56],[16.27,-26.55],[16.28,-26.55],[16.28,-26.54],[16.27,-26.54],[16.26,-26.53],[16.25,-26.52],[16.24,-26.51],[16.24,-26.5],[16.23,-26.5],[16.23,-26.49],[16.23,-26.48],[16.24,-26.48],[16.25,-26.48],[16.26,-26.48],[16.27,-26.48],[16.26,-26.48],[16.26,-26.47],[16.27,-26.47],[16.28,-26.47],[16.29,-26.47],[16.29,-26.48],[16.3,-26.48]],[[15.95,-26.74],[15.96,-26.74],[15.97,-26.74],[15.98,-26.74],[15.99,-26.74],[16,-26.74],[16,-26.75],[16,-26.76],[16.01,-26.76],[16.01,-26.77],[16.01,-26.78],[16.01,-26.79],[16.01,-26.8],[16.01,-26.81],[16.01,-26.82],[16,-26.82],[16,-26.83],[16,-26.84],[15.99,-26.84],[15.99,-26.85],[15.98,-26.85],[15.97,-26.84],[15.96,-26.83],[15.95,-26.82],[15.96,-26.81],[15.97,-26.81],[15.97,-26.8],[15.97,-26.79],[15.97,-26.78],[15.96,-26.78],[15.95,-26.77],[15.94,-26.76],[15.93,-26.76],[15.92,-26.75],[15.91,-26.74],[15.91,-26.73],[15.92,-26.73],[15.93,-26.73],[15.94,-26.73],[15.94,-26.74],[15.95,-26.74],[15.95,-26.74]],[[16.14,-26.94],[16.15,-26.94],[16.16,-26.94],[16.17,-26.94],[16.18,-26.94],[16.19,-26.95],[16.2,-26.95],[16.2,-26.96],[16.21,-26.96],[16.21,-26.97],[16.22,-26.97],[16.22,-26.98],[16.23,-26.98],[16.23,-26.99],[16.22,-26.99],[16.21,-26.99],[16.2,-26.99],[16.19,-26.99],[16.18,-26.99],[16.17,-26.99],[16.17,-26.98],[16.16,-26.98],[16.15,-26.98],[16.14,-26.98],[16.13,-26.98],[16.12,-26.98],[16.11,-26.99],[16.1,-27],[16.09,-27],[16.08,-27],[16.08,-26.99],[16.09,-26.98],[16.09,-26.97],[16.09,-26.96],[16.09,-26.95],[16.1,-26.95],[16.11,-26.95],[16.12,-26.95],[16.12,-26.94],[16.13,-26.93],[16.14,-26.93],[16.14,-26.94]],[[15.97,-27],[15.97,-27.01],[15.96,-27],[15.96,-26.99],[15.96,-26.98],[15.96,-26.97],[15.95,-26.97],[15.95,-26.96],[15.95,-26.95],[15.94,-26.94],[15.95,-26.93],[15.96,-26.94],[15.97,-26.94],[15.97,-26.95],[15.98,-26.96],[15.98,-26.97],[15.99,-26.97],[15.99,-26.98],[15.99,-26.99],[15.98,-26.99],[15.98,-27],[15.97,-27]],[[16.38,-27.05],[16.39,-27.05],[16.4,-27.05],[16.4,-27.06],[16.39,-27.07],[16.38,-27.07],[16.38,-27.08],[16.37,-27.08],[16.37,-27.09],[16.37,-27.1],[16.36,-27.11],[16.35,-27.11],[16.34,-27.1],[16.33,-27.1],[16.32,-27.1],[16.31,-27.1],[16.3,-27.1],[16.29,-27.1],[16.29,-27.09],[16.3,-27.08],[16.31,-27.07],[16.32,-27.07],[16.33,-27.07],[16.34,-27.06],[16.35,-27.06],[16.36,-27.05],[16.37,-27.05],[16.38,-27.05]],[[16.21,-27.16],[16.21,-27.17],[16.21,-27.18],[16.2,-27.18],[16.19,-27.18],[16.18,-27.17],[16.17,-27.17],[16.16,-27.17],[16.15,-27.17],[16.14,-27.18],[16.13,-27.18],[16.12,-27.18],[16.11,-27.18],[16.11,-27.17],[16.1,-27.17],[16.1,-27.16],[16.1,-27.15],[16.1,-27.14],[16.11,-27.13],[16.12,-27.12],[16.13,-27.12],[16.13,-27.11],[16.14,-27.11],[16.15,-27.11],[16.16,-27.11],[16.17,-27.1],[16.18,-27.09],[16.19,-27.1],[16.2,-27.1],[16.21,-27.11],[16.21,-27.12],[16.21,-27.13],[16.21,-27.14],[16.21,-27.15],[16.21,-27.16],[16.21,-27.16]],[[16.39,-27.18],[16.4,-27.18],[16.41,-27.18],[16.42,-27.18],[16.43,-27.18],[16.44,-27.18],[16.43,-27.19],[16.42,-27.2],[16.41,-27.2],[16.4,-27.21],[16.39,-27.21],[16.38,-27.21],[16.38,-27.2],[16.37,-27.2],[16.36,-27.2],[16.35,-27.2],[16.35,-27.21],[16.34,-27.21],[16.34,-27.22],[16.33,-27.22],[16.32,-27.22],[16.31,-27.22],[16.3,-27.22],[16.29,-27.22],[16.29,-27.23],[16.28,-27.23],[16.27,-27.23],[16.26,-27.22],[16.26,-27.21],[16.27,-27.21],[16.27,-27.2],[16.27,-27.19],[16.28,-27.19],[16.29,-27.19],[16.3,-27.19],[16.31,-27.18],[16.32,-27.18],[16.33,-27.17],[16.34,-27.17],[16.35,-27.17],[16.36,-27.17],[16.37,-27.17],[16.38,-27.17],[16.38,-27.18],[16.39,-27.18]]]},"bbox":[13.4,-27.7,16.75,-20.26]},{"type":"Feature","properties":{},"geometry":{"type":"MultiPolygon","coordinates":[[[[18.04,-27.64],[17.86,-27.74],[18.04,-27.64],[18.04,-27.64]]],[[[12.79,-18.34],[12.54,-18.33],[12.83,-18.99],[13.87,-19.87],[13.79,-20.54],[14.1,-20.26],[14.57,-20.98],[14.83,-20.94],[14.41,-21.04],[14.44,-21.47],[15.41,-22.13],[15.26,-22.34],[15.71,-22.42],[15.49,-22.97],[15.78,-23.5],[15.39,-23.7],[15.69,-23.99],[15.6,-24.48],[16,-25.08],[15.99,-25.73],[16.54,-26.27],[16.44,-27.18],[16.84,-27.79],[17.42,-27.97],[17.7,-27.3],[17.16,-27.54],[16.65,-26.73],[16.79,-25.98],[15.86,-23.06],[15.97,-22.32],[15.46,-22.08],[15.27,-21.35],[14.82,-21.09],[15.02,-20.89],[14.64,-20.96],[14.08,-19.44],[13.44,-19.37],[13.36,-18.89],[13.11,-18.98],[12.79,-18.42],[12.79,-18.34]],[[16.54,-25.57],[16.55,-25.58],[16.56,-25.58],[16.56,-25.59],[16.56,-25.6],[16.55,-25.61],[16.54,-25.62],[16.53,-25.62],[16.54,-25.57]],[[17.44,-27.75],[17.51,-27.56],[17.43,-27.76],[17.44,-27.75]]],[[[14.06,-12.31],[13.76,-11.96],[12.42,-13.89],[12.11,-15.13],[12.41,-15.72],[12.31,-18.27],[12.56,-18.19],[12.61,-17.22],[13.23,-16.78],[12.93,-14.75],[13.32,-13.59],[13.95,-13.22],[14.05,-12.38],[14.06,-12.31]]]]},"bbox":[12.11,-27.97,18.04,-11.96]},{"type":"Feature","properties":{},"geometry":{"type":"MultiPolygon","coordinates":[[[[41.96,28.89],[42.74,28.74],[41.96,28.89],[41.96,28.89]]],[[[45.57,33.44],[44.19,33.78],[41.79,32.75],[36.88,32.11],[36.74,31.31],[36.05,31.12],[35.66,29.9],[36.23,28.14],[36.57,28.03],[36.56,27.66],[38.96,27.36],[38.9,27.74],[39.74,28.57],[38.32,29.34],[39.68,29.1],[40.11,29.33],[39.62,29.66],[40.22,29.7],[41.64,29.09],[43.24,28.9],[45.18,27.7],[46.02,29.68],[46.79,30.35],[46.27,30.96],[46.98,31.29],[46.18,31.98],[45.76,31.85],[45.26,32.58],[45.13,33.08],[45.43,32.73],[46.06,32.74],[45.63,33.32],[45.57,33.44]],[[44.4,32.52],[44.21,32.67],[44.48,32.49],[44.4,32.52]],[[45.38,31.59],[45.26,31.78],[45.47,31.53],[45.38,31.59]],[[45.54,31.09],[45.76,31.07],[45.53,31.02],[45.54,31.09]]]]},"bbox":[35.66,27.36,46.98,33.78]},{"type":"Feature","properties":{},"geometry":{"type":"MultiPolygon","coordinates":[[[[40.9,26.84],[40.77,26.47],[40.91,26.83],[40.9,26.84]]],[[[40.91,27.04],[40.53,26.84],[40.9,27.03],[40.91,27.04]]],[[[42.28,27.28],[41.98,26.94],[42.47,27.11],[42.28,27.28],[42.28,27.28]]],[[[40.83,27.37],[41.01,27.46],[40.81,27.37],[40.83,27.37]]],[[[41.59,27.68],[41.16,27.21],[40.71,27.23],[41.03,26.93],[41.38,27.23],[41.27,27.05],[41.59,27.11],[41.34,26.82],[41.69,26.67],[42,27.35],[41.32,27.29],[41.59,27.68],[41.59,27.68]],[[41.48,27.05],[41.47,27.07],[41.45,27.08],[41.45,27.09],[41.44,27.13],[41.43,27.15],[41.48,27.15],[41.46,27.14],[41.46,27.13],[41.49,27.12],[41.53,27.12],[41.54,27.12],[41.55,27.12],[41.56,27.12],[41.56,27.11],[41.55,27.09],[41.54,27.09],[41.53,27.06],[41.52,27.05],[41.51,27.04],[41.49,27.03],[41.47,27.03],[41.47,27.04],[41.48,27.05]]]]},"bbox":[40.53,26.47,42.47,27.68]},{"type":"Feature","properties":{},"geometry":{"type":"MultiPolygon","coordinates":[[[[26.86,28.97],[26.61,29.04],[26.83,28.95],[26.86,28.97]]],[[[32.62,30.21],[32.77,30.97],[31.34,30.15],[30.99,27.8],[32.17,26.27],[32.77,26.24],[32.78,25.28],[33.18,25.95],[34.35,24.95],[32.36,28.42],[32.24,29.44],[32.57,30],[32.62,30.21]]],[[[7.18,34.7],[5.65,34.69],[3.78,33.6],[-1.68,31.87],[-2.67,32.22],[-4.46,31.91],[-5.17,31.62],[-5.03,31.38],[-5.79,30.72],[-6.5,30.82],[-6.37,31.06],[-7.1,30.94],[-7.06,30.59],[-9.57,28.68],[-9.59,28.34],[-12.93,27.45],[-15.7,23.42],[-16.4,21.14],[-15.66,21.35],[-13.57,25.13],[-11.97,25.84],[-8.1,25.9],[-7.83,27.45],[-6.18,28.46],[-5,29.9],[-3.15,29.82],[-1.31,29.11],[2.76,31.41],[7.55,31.41],[9.19,30.64],[10.84,28.67],[10.28,27.96],[8.76,27.03],[3.49,27.01],[3.45,25.51],[3.73,24.99],[4.02,25.63],[4.97,26.38],[4.72,25.11],[4.27,24.91],[4.22,24.44],[5.02,23.25],[5.24,23.68],[4.67,24.42],[4.85,24.28],[5.27,25.09],[5.88,24.83],[5.59,25.72],[6.31,25.46],[6.43,25.69],[5.48,26.17],[5.45,26.64],[5.78,26.73],[6.55,25.97],[7.07,26.27],[9.07,26.23],[9.91,25.1],[10.16,26.57],[11.07,26.54],[12,27.6],[12.77,27.92],[15.78,27.4],[17.19,26.56],[19.17,27.57],[20.6,27.57],[22.33,29.4],[25.97,29.32],[26.32,29.04],[27.19,30.18],[29.02,30.26],[28.24,30.14],[27.52,29.56],[27.85,29.41],[27.52,29],[26.76,28.83],[27.88,27.94],[28.86,28.56],[29.89,28.39],[30.88,29.08],[31.12,29.65],[30.7,30.68],[30.11,30.97],[29.3,30.77],[26.92,31.44],[25.26,31.51],[24.84,31.98],[23.03,32.3],[20.88,31.89],[19.91,30.65],[19.18,30.26],[17.07,31.15],[14.91,31.36],[14.14,31.89],[10.93,31.85],[12.23,32.34],[11.84,32.7],[10.09,33.01],[9.81,33.94],[10.71,33.61],[10.04,34.06],[10.23,34.69],[9.7,34.44],[9.58,33.9],[8.55,33.33],[7.7,33.82],[9.6,34.02],[7.38,34.55],[7.18,34.7]],[[5.96,33.85],[6.05,34.66],[7.09,34.17],[8.09,34.19],[8.07,33.98],[6.01,33.83],[5.96,33.85]],[[5.85,33.4],[5.91,33.64],[5.9,33.4],[5.85,33.4]],[[5.89,33.07],[6.09,33.21],[5.91,33.06],[5.89,33.07]],[[-7.84,27.66],[-7.89,27.67],[-7.9,27.7],[-7.88,27.73],[-7.86,27.75],[-7.83,27.77],[-7.81,27.79],[-7.79,27.8],[-7.74,27.81],[-7.69,27.8],[-7.64,27.8],[-7.59,27.76],[-7.58,27.77],[-7.58,27.78],[-7.57,27.78],[-7.56,27.77],[-7.56,27.74],[-7.56,27.73],[-7.56,27.72],[-7.57,27.71],[-7.58,27.71],[-7.59,27.7],[-7.61,27.7],[-7.62,27.71],[-7.64,27.69],[-7.65,27.69],[-7.66,27.68],[-7.67,27.67],[-7.69,27.67],[-7.7,27.67],[-7.71,27.67],[-7.72,27.67],[-7.73,27.67],[-7.77,27.66],[-7.84,27.66]],[[19.17,29.92],[18.8,30.2],[19.26,29.91],[19.17,29.92]],[[19.19,29.19],[19.59,29.25],[19.24,29.16],[19.19,29.19]]],[[[10.48,35.42],[10.3,35.53],[10.51,35.42],[10.48,35.42]]]]},"bbox":[-16.4,21.14,34.35,35.53]},{"type":"Feature","properties":{},"geometry":{"type":"MultiPolygon","coordinates":[[[[45.17,9.91],[44.8,9.88],[45.21,9.88],[45.17,9.91]]],[[[51.02,10.41],[51.23,10.42],[51.02,10.4],[51.02,10.41]]],[[[51.02,10.41],[51.28,11.84],[50.89,11.94],[49.15,11.24],[47.49,11.09],[46.74,10.59],[45.9,10.77],[44.99,10.22],[46.86,10.46],[47.16,10.15],[48.07,10.74],[50.39,10.92],[49.57,7.47],[50.81,9.38],[51.01,10.42],[51.02,10.41]]]]},"bbox":[44.8,7.47,51.28,11.94]},{"type":"Feature","properties":{},"geometry":{"type":"MultiPolygon","coordinates":[[[[69.94,23.82],[68.76,23.79],[68.48,23.34],[69.6,22.76],[71.06,23.45],[70.67,23.9],[70.27,23.42],[69.23,23.56],[69.95,23.77],[69.94,23.82]]],[[[71.71,33.48],[70.74,33.08],[70.55,33.34],[70.23,32.95],[70.62,32.48],[70.17,32.15],[70.52,30.37],[69.82,29],[68.61,28.79],[68.5,28.96],[68.97,28.95],[67.94,29.66],[67.57,29.46],[67.77,29.49],[67.34,28.73],[67.29,26.73],[67.92,26.04],[67.9,25.22],[67.4,26.11],[67.14,25.45],[66.82,25.78],[66.41,26.79],[66.25,26.36],[66.69,24.89],[67.4,24.75],[67.49,24.17],[69.19,24.23],[69.8,25.45],[69.12,26.23],[68.4,26.51],[68.47,26.95],[70.25,28.14],[71.08,29.08],[73.85,30.05],[76.08,28.63],[74.92,27.81],[74.83,27.2],[74.14,26.53],[74.19,27.24],[73.67,27.52],[73.33,26.66],[72.06,25.75],[72.25,25.68],[71.78,24.62],[71.13,24.75],[71.34,24.07],[71.07,23.76],[71.66,23.23],[70.6,23.07],[69.64,22.32],[68.99,22.36],[70.84,20.69],[72.05,21.18],[72.26,21.56],[72.67,24.76],[75.85,27.86],[76.94,27.91],[77.09,29.6],[77.68,30.51],[75.54,32.12],[74.87,33.16],[74.22,33.07],[75.37,32.27],[74.64,31.97],[73.31,32.69],[72.06,32.4],[72,33.33],[71.71,33.47],[71.71,33.48]],[[71.82,32.23],[72.22,32.27],[72.05,31.23],[71.07,29.97],[71.09,31.84],[71.68,32.23],[71.92,31.98],[71.82,32.21],[71.82,32.23]],[[68.65,24.33],[68.66,24.34],[68.67,24.35],[68.68,24.36],[68.69,24.35],[68.69,24.34],[68.69,24.33],[68.69,24.32],[68.68,24.3],[68.68,24.25],[68.68,24.24],[68.67,24.23],[68.66,24.22],[68.64,24.23],[68.63,24.22],[68.61,24.2],[68.6,24.2],[68.6,24.21],[68.59,24.23],[68.59,24.24],[68.59,24.26],[68.59,24.27],[68.58,24.28],[68.58,24.29],[68.57,24.3],[68.58,24.3],[68.58,24.31],[68.61,24.31],[68.62,24.31],[68.62,24.29],[68.63,24.29],[68.64,24.29],[68.65,24.29],[68.65,24.3],[68.65,24.31],[68.65,24.33]],[[67.88,24.17],[67.89,24.17],[67.9,24.15],[67.9,24.13],[67.89,24.12],[67.88,24.08],[67.86,24.09],[67.86,24.1],[67.87,24.11],[67.86,24.13],[67.85,24.12],[67.86,24.11],[67.86,24.1],[67.85,24.1],[67.84,24.1],[67.84,24.09],[67.83,24.08],[67.82,24.08],[67.81,24.07],[67.8,24.07],[67.79,24.07],[67.78,24.08],[67.78,24.09],[67.79,24.1],[67.79,24.12],[67.79,24.14],[67.79,24.15],[67.8,24.16],[67.81,24.17],[67.82,24.16],[67.83,24.16],[67.85,24.15],[67.85,24.16],[67.88,24.17]],[[67.86,24.08],[67.88,24.08],[67.88,24.07],[67.89,24.07],[67.91,24.06],[67.92,24.05],[67.93,24.04],[67.93,24.03],[67.94,24.02],[67.95,24.01],[67.95,24],[67.94,23.99],[67.92,23.98],[67.88,23.99],[67.87,23.99],[67.86,24],[67.85,24],[67.85,23.99],[67.82,23.99],[67.81,23.99],[67.79,23.99],[67.77,24.01],[67.77,24.02],[67.75,24.05],[67.74,24.04],[67.73,24.05],[67.73,24.06],[67.74,24.07],[67.75,24.07],[67.75,24.06],[67.76,24.07],[67.77,24.07],[67.78,24.07],[67.79,24.06],[67.8,24.06],[67.83,24.07],[67.84,24.07],[67.85,24.09],[67.86,24.08]],[[70.47,21.67],[71.17,20.94],[70.61,20.95],[70.45,21.65],[70.47,21.67]]]]},"bbox":[66.25,20.69,77.68,33.48]},{"type":"Feature","properties":{},"geometry":{"type":"Polygon","coordinates":[[[133.01,-31.77],[131.47,-30.27],[130.46,-30.09],[129.78,-29.53],[126.47,-28.89],[125.04,-29.51],[124.93,-30.35],[124.2,-30.9],[123.74,-32.27],[124.36,-32.57],[126.86,-31.79],[129.26,-31.54],[133.01,-31.77],[133.01,-31.77]]]},"bbox":[123.74,-32.57,133.01,-28.89]},{"type":"Feature","properties":{},"geometry":{"type":"Polygon","coordinates":[[[-69.85,12.04],[-70.28,11.93],[-69.73,11.51],[-71.43,10.81],[-70.14,10.89],[-69.98,9.66],[-69.26,9.98],[-70.16,11.2],[-69.55,11.49],[-69.86,12.03],[-69.85,12.04]]]},"bbox":[-71.43,9.66,-69.26,12.04]},{"type":"Feature","properties":{},"geometry":{"type":"Polygon","coordinates":[[[70.61,38.07],[70.25,37.96],[70.2,37.57],[69.41,37.47],[68.75,36.73],[66.58,36.61],[63.03,35.21],[62.49,34.45],[64.54,34.52],[65.68,34.94],[65.13,35.19],[65.32,35.31],[66.21,35.57],[66.46,35.56],[66.17,35.25],[66.44,34.89],[66.53,35.31],[67.24,35.7],[68.9,35.44],[69.34,35.56],[70,36.63],[70.36,36.85],[70.34,36.41],[70.53,36.49],[70.53,36.92],[70.81,36.95],[71.25,36.21],[72.78,37],[71.45,36.71],[71.06,37.24],[70.51,37.26],[70.74,37.22],[70.43,37.76],[70.61,38.05],[70.61,38.07]],[[64.95,34.86],[64.97,34.85],[65.01,34.83],[65.03,34.81],[65.04,34.8],[65.03,34.78],[65.02,34.77],[65,34.75],[64.99,34.75],[64.96,34.75],[64.92,34.74],[64.89,34.74],[64.85,34.74],[64.83,34.74],[64.81,34.74],[64.79,34.75],[64.77,34.76],[64.75,34.79],[64.77,34.81],[64.79,34.82],[64.82,34.83],[64.83,34.84],[64.85,34.85],[64.87,34.85],[64.89,34.86],[64.9,34.86],[64.95,34.86]],[[64.13,34.72],[63.78,34.71],[64.12,34.75],[64.13,34.72]],[[63.66,34.72],[63.27,34.67],[63.62,34.72],[63.66,34.72]],[[62.99,34.6],[62.79,34.61],[63.01,34.61],[62.99,34.6]]]},"bbox":[62.49,34.45,72.78,38.07]},{"type":"Feature","properties":{},"geometry":{"type":"MultiPolygon","coordinates":[[[[119.19,-19.95],[117.8,-20.65],[116.22,-20.85],[115.28,-21.6],[115.25,-22.66],[115.76,-22.98],[116.7,-22.78],[117.94,-23.48],[120.89,-23.37],[121.35,-22.76],[121.15,-20.83],[119.42,-20.32],[119.19,-19.95],[119.19,-19.95]]]]},"bbox":[115.25,-23.48,121.35,-19.95]},{"type":"Feature","properties":{},"geometry":{"type":"Polygon","coordinates":[[[93.94,39.45],[88.31,37.8],[89.3,37.15],[91.28,37.03],[92.09,36.48],[94.23,36.13],[94.34,36.5],[95.13,36.11],[96.7,36.86],[99.1,36.96],[96.91,38.29],[96.01,38.3],[95.66,39.08],[94.03,39.43],[93.94,39.45]]]},"bbox":[88.31,36.11,99.1,39.45]},{"type":"Feature","properties":{},"geometry":{"type":"MultiPolygon","coordinates":[[[[45,14.48],[45.21,14.55],[45.37,13.93],[45.7,14.4],[46.02,14.14],[47.57,14.07],[46.51,14.37],[46.41,14.66],[46.02,14.53],[46.37,14.75],[45.69,14.78],[45.37,15.6],[44.44,16.25],[45.39,16.11],[45.31,16.72],[44.44,17.1],[44.25,17.91],[44.63,18.49],[44.21,18.48],[44.04,18.82],[44.48,18.81],[44.51,19.3],[44.18,19.22],[44.15,19.95],[43.95,19.53],[43.36,19.95],[43.17,19.39],[42.89,20.09],[42.56,19.6],[42.88,19.08],[42.8,18.49],[44.01,17.62],[44.23,17.19],[43.93,16.55],[44.7,15.68],[44.95,15.16],[44.66,14.93],[45,14.49],[45,14.48]],[[45.47,14.78],[45.47,14.79],[45.46,14.79],[45.46,14.8],[45.45,14.81],[45.45,14.82],[45.45,14.83],[45.44,14.83],[45.44,14.88],[45.44,14.89],[45.45,14.89],[45.45,14.9],[45.45,14.91],[45.45,14.92],[45.45,14.93],[45.46,14.93],[45.46,14.94],[45.46,14.95],[45.47,14.96],[45.47,14.97],[45.47,14.98],[45.48,14.98],[45.48,14.99],[45.49,15.01],[45.51,15.03],[45.52,15.03],[45.52,15.02],[45.52,15.01],[45.52,15],[45.52,14.99],[45.52,14.98],[45.52,14.97],[45.52,14.96],[45.52,14.95],[45.53,14.95],[45.54,14.94],[45.55,14.93],[45.54,14.92],[45.53,14.93],[45.52,14.93],[45.51,14.93],[45.5,14.94],[45.49,14.94],[45.49,14.93],[45.48,14.93],[45.48,14.91],[45.48,14.88],[45.49,14.88],[45.49,14.87],[45.5,14.87],[45.51,14.87],[45.51,14.88],[45.51,14.89],[45.52,14.9],[45.53,14.9],[45.53,14.89],[45.53,14.88],[45.52,14.88],[45.52,14.87],[45.52,14.86],[45.52,14.85],[45.51,14.85],[45.51,14.84],[45.51,14.83],[45.51,14.82],[45.5,14.82],[45.5,14.8],[45.5,14.79],[45.5,14.78],[45.49,14.79],[45.49,14.8],[45.49,14.81],[45.48,14.81],[45.47,14.81],[45.47,14.8],[45.47,14.79],[45.47,14.78]],[[42.98,18.47],[42.98,18.47],[42.98,18.47],[42.98,18.47],[42.98,18.47]],[[42.88,18.49],[42.88,18.5],[42.88,18.49],[42.88,18.49]],[[42.89,18.49],[42.89,18.5],[42.89,18.49],[42.89,18.49]],[[42.83,18.46],[42.83,18.47],[42.84,18.47],[42.84,18.46],[42.83,18.46]],[[42.82,18.45],[42.82,18.45],[42.82,18.44],[42.82,18.44],[42.82,18.44],[42.82,18.44],[42.82,18.44],[42.82,18.44],[42.82,18.44],[42.82,18.44],[42.82,18.45]],[[42.91,18.47],[42.91,18.48],[42.91,18.47],[42.91,18.47]],[[42.95,18.44],[42.95,18.44],[42.95,18.43],[42.95,18.43],[42.95,18.44]]],[[[41.09,24.11],[40.71,23.88],[41.11,24.09],[41.09,24.11]]],[[[38.04,26.57],[37.84,26.52],[37.65,27.31],[36.56,27.67],[36.07,28.29],[35.63,29.78],[35.08,29.55],[35.6,31.38],[35.83,31.38],[35.6,32.06],[36.02,32.18],[35.66,32.33],[35.04,29.77],[34.33,28.69],[33.93,28.47],[33.18,28.82],[33.22,28.62],[34.32,27.86],[34.95,29.54],[34.65,28.17],[35.21,27.97],[36.67,26.05],[37.5,24.29],[38.41,23.88],[39.03,22.82],[39.25,21.04],[40.77,19.76],[41.4,18.53],[41.38,19.29],[40.75,20.2],[39.82,20.63],[39.7,21.54],[40.56,21.89],[40.51,21.49],[41.27,20.61],[42.44,20.21],[42.82,21.46],[42.35,22.04],[41.69,21.04],[41.65,22.19],[41.4,21.47],[40.75,21.93],[40.8,22.73],[40.43,23.46],[41.12,23.22],[41.07,22.51],[41.39,22.27],[41.87,23.09],[41.4,23.75],[40.98,23.6],[40.09,24.09],[40.55,24.57],[39.86,24.66],[40.72,24.84],[40.46,25.38],[40.81,25.86],[40.36,26.13],[40.66,26.38],[40.53,26.83],[39.79,26.65],[39.87,26.06],[38.04,26.57],[38.04,26.57]],[[39.49,23.63],[39.49,23.64],[39.48,23.64],[39.49,23.64],[39.49,23.65],[39.5,23.65],[39.51,23.65],[39.51,23.66],[39.5,23.66],[39.5,23.67],[39.51,23.67],[39.52,23.67],[39.52,23.68],[39.52,23.67],[39.53,23.67],[39.53,23.68],[39.53,23.69],[39.54,23.69],[39.55,23.69],[39.54,23.69],[39.54,23.68],[39.54,23.67],[39.55,23.67],[39.55,23.66],[39.54,23.66],[39.53,23.66],[39.55,23.66],[39.55,23.65],[39.56,23.65],[39.56,23.64],[39.55,23.64],[39.56,23.64],[39.57,23.64],[39.57,23.65],[39.57,23.64],[39.57,23.63],[39.56,23.63],[39.56,23.62],[39.57,23.62],[39.57,23.61],[39.58,23.61],[39.58,23.6],[39.59,23.6],[39.59,23.61],[39.59,23.62],[39.59,23.63],[39.59,23.64],[39.59,23.65],[39.59,23.66],[39.59,23.67],[39.6,23.67],[39.6,23.66],[39.6,23.65],[39.6,23.64],[39.61,23.64],[39.61,23.63],[39.61,23.62],[39.62,23.62],[39.61,23.62],[39.61,23.61],[39.62,23.61],[39.63,23.61],[39.63,23.6],[39.64,23.6],[39.64,23.59],[39.63,23.59],[39.62,23.59],[39.62,23.6],[39.62,23.59],[39.61,23.59],[39.61,23.6],[39.61,23.59],[39.62,23.59],[39.62,23.58],[39.61,23.58],[39.61,23.57],[39.6,23.57],[39.6,23.58],[39.6,23.57],[39.59,23.57],[39.59,23.58],[39.58,23.58],[39.58,23.57],[39.57,23.57],[39.57,23.56],[39.58,23.56],[39.58,23.55],[39.57,23.55],[39.57,23.56],[39.56,23.56],[39.56,23.57],[39.55,23.57],[39.55,23.56],[39.55,23.55],[39.54,23.55],[39.53,23.55],[39.52,23.55],[39.52,23.56],[39.51,23.56],[39.51,23.55],[39.5,23.55],[39.5,23.54],[39.49,23.54],[39.48,23.54],[39.48,23.55],[39.48,23.54],[39.48,23.55],[39.47,23.55],[39.47,23.56],[39.47,23.57],[39.47,23.58],[39.48,23.58],[39.48,23.59],[39.48,23.6],[39.47,23.6],[39.47,23.61],[39.48,23.61],[39.48,23.62],[39.48,23.63],[39.49,23.63],[39.49,23.63]],[[35.31,29.07],[35.29,29.07],[35.28,29.07],[35.27,29.07],[35.27,29.08],[35.27,29.07],[35.27,29.06],[35.26,29.06],[35.25,29.06],[35.25,29.07],[35.26,29.07],[35.26,29.08],[35.25,29.08],[35.25,29.09],[35.25,29.08],[35.26,29.08],[35.26,29.09],[35.25,29.09],[35.26,29.09],[35.27,29.09],[35.27,29.08],[35.28,29.08],[35.29,29.08],[35.3,29.08],[35.31,29.08],[35.31,29.07],[35.32,29.07],[35.32,29.06],[35.31,29.06],[35.3,29.06],[35.3,29.07],[35.31,29.07],[35.31,29.07]],[[37.24,26.45],[37.25,26.45],[37.25,26.44],[37.24,26.44],[37.24,26.45],[37.24,26.44],[37.25,26.44],[37.25,26.43],[37.26,26.43],[37.26,26.44],[37.26,26.43],[37.26,26.44],[37.27,26.44],[37.27,26.45],[37.28,26.45],[37.29,26.45],[37.29,26.44],[37.28,26.44],[37.29,26.44],[37.3,26.44],[37.31,26.44],[37.32,26.44],[37.32,26.43],[37.33,26.43],[37.32,26.43],[37.32,26.42],[37.33,26.42],[37.34,26.42],[37.34,26.41],[37.34,26.4],[37.35,26.4],[37.35,26.41],[37.36,26.41],[37.36,26.4],[37.36,26.39],[37.35,26.39],[37.34,26.39],[37.34,26.4],[37.33,26.4],[37.32,26.4],[37.32,26.39],[37.31,26.39],[37.31,26.4],[37.31,26.41],[37.3,26.41],[37.3,26.42],[37.29,26.42],[37.28,26.42],[37.27,26.42],[37.26,26.42],[37.26,26.41],[37.27,26.41],[37.27,26.4],[37.26,26.4],[37.25,26.4],[37.25,26.39],[37.24,26.39],[37.24,26.4],[37.23,26.4],[37.22,26.4],[37.22,26.39],[37.21,26.39],[37.21,26.4],[37.2,26.4],[37.2,26.41],[37.19,26.41],[37.19,26.42],[37.19,26.43],[37.19,26.44],[37.19,26.45],[37.2,26.45],[37.19,26.45],[37.19,26.46],[37.2,26.46],[37.21,26.46],[37.21,26.47],[37.22,26.47],[37.21,26.47],[37.21,26.48],[37.22,26.48],[37.23,26.48],[37.23,26.49],[37.23,26.5],[37.24,26.5],[37.24,26.49],[37.25,26.49],[37.25,26.5],[37.26,26.5],[37.26,26.51],[37.27,26.51],[37.27,26.52],[37.28,26.52],[37.28,26.51],[37.27,26.51],[37.28,26.51],[37.28,26.5],[37.29,26.5],[37.29,26.51],[37.29,26.5],[37.3,26.5],[37.3,26.49],[37.29,26.49],[37.29,26.48],[37.29,26.49],[37.29,26.48],[37.28,26.48],[37.28,26.47],[37.27,26.47],[37.26,26.47],[37.25,26.47],[37.25,26.46],[37.24,26.46],[37.24,26.45]],[[37.18,26.49],[37.17,26.49],[37.17,26.5],[37.18,26.5],[37.18,26.49]],[[37.18,26.51],[37.17,26.51],[37.17,26.52],[37.17,26.51],[37.18,26.51],[37.18,26.52],[37.17,26.52],[37.17,26.53],[37.17,26.54],[37.17,26.55],[37.17,26.56],[37.18,26.56],[37.17,26.56],[37.17,26.57],[37.16,26.57],[37.17,26.57],[37.18,26.57],[37.19,26.57],[37.2,26.57],[37.2,26.56],[37.19,26.56],[37.19,26.55],[37.19,26.54],[37.19,26.53],[37.2,26.53],[37.2,26.52],[37.21,26.52],[37.21,26.51],[37.2,26.51],[37.2,26.52],[37.19,26.52],[37.19,26.51],[37.18,26.51],[37.18,26.51]],[[37.25,26.52],[37.26,26.52],[37.26,26.51],[37.25,26.51],[37.24,26.51],[37.25,26.51],[37.25,26.52]],[[37.37,26.5],[37.37,26.49],[37.38,26.49],[37.39,26.49],[37.39,26.48],[37.38,26.48],[37.37,26.48],[37.36,26.48],[37.36,26.47],[37.36,26.48],[37.35,26.48],[37.35,26.47],[37.35,26.48],[37.34,26.48],[37.34,26.49],[37.34,26.48],[37.35,26.48],[37.35,26.49],[37.36,26.49],[37.36,26.48],[37.36,26.49],[37.36,26.5],[37.37,26.5],[37.37,26.5]],[[37.31,26.59],[37.3,26.59],[37.3,26.6],[37.29,26.6],[37.3,26.6],[37.31,26.6],[37.31,26.59],[37.31,26.59]],[[37.17,26.6],[37.16,26.6],[37.16,26.61],[37.16,26.62],[37.17,26.62],[37.17,26.61],[37.18,26.61],[37.18,26.6],[37.17,26.6],[37.17,26.6]],[[36.25,26.59],[36.25,26.59],[36.25,26.59],[36.25,26.59],[36.25,26.59]],[[36.25,26.59],[36.25,26.59],[36.25,26.59],[36.25,26.59],[36.25,26.59],[36.25,26.59],[36.25,26.59],[36.25,26.59],[36.25,26.59],[36.25,26.59],[36.25,26.59],[36.25,26.59],[36.25,26.59],[36.25,26.59],[36.25,26.59],[36.25,26.59]],[[36.25,26.59],[36.25,26.59],[36.25,26.59],[36.25,26.59],[36.25,26.59],[36.25,26.59],[36.25,26.59],[36.25,26.59],[36.25,26.59],[36.25,26.59],[36.25,26.59],[36.25,26.59],[36.25,26.59],[36.25,26.59],[36.25,26.59],[36.25,26.59],[36.25,26.59],[36.25,26.59],[36.25,26.59]],[[36.07,26.81],[36.07,26.81],[36.07,26.81],[36.07,26.81],[36.07,26.81]],[[36.03,26.9],[36.03,26.9],[36.03,26.9],[36.03,26.9],[36.03,26.9]],[[35.97,26.97],[35.97,26.97],[35.97,26.97],[35.97,26.97],[35.97,26.97],[35.97,26.97],[35.97,26.97],[35.97,26.97],[35.97,26.97],[35.97,26.97],[35.97,26.97],[35.97,26.97]],[[36.78,27.15],[36.78,27.15],[36.78,27.15],[36.78,27.15],[36.78,27.15]],[[35.79,27.17],[35.79,27.17],[35.79,27.17],[35.79,27.17],[35.79,27.17]],[[37.16,27.24],[37.16,27.23],[37.15,27.22],[37.14,27.22],[37.13,27.22],[37.13,27.23],[37.14,27.24],[37.15,27.24],[37.16,27.24],[37.16,27.24]],[[37.3,27.47],[37.29,27.47],[37.29,27.48],[37.29,27.49],[37.3,27.5],[37.31,27.5],[37.31,27.49],[37.31,27.48],[37.3,27.47]],[[35.55,27.56],[35.55,27.56],[35.55,27.56],[35.55,27.56],[35.55,27.56],[35.55,27.56],[35.55,27.56],[35.55,27.56],[35.55,27.56],[35.55,27.56],[35.55,27.56],[35.55,27.56],[35.55,27.56],[35.55,27.56],[35.55,27.56],[35.55,27.56],[35.55,27.56],[35.55,27.56],[35.55,27.56]],[[35.55,27.56],[35.55,27.56],[35.55,27.56],[35.55,27.56],[35.55,27.56],[35.55,27.56],[35.55,27.56],[35.55,27.56],[35.55,27.56],[35.55,27.56],[35.55,27.56],[35.55,27.56],[35.55,27.56]],[[35.55,27.56],[35.55,27.56],[35.55,27.56],[35.55,27.56],[35.55,27.56],[35.55,27.56],[35.55,27.56],[35.55,27.56],[35.55,27.56],[35.55,27.56],[35.55,27.56],[35.55,27.56],[35.55,27.56],[35.55,27.56],[35.55,27.56]],[[35.55,27.56],[35.55,27.56],[35.55,27.56],[35.55,27.56],[35.55,27.56]],[[35.75,27.64],[35.74,27.64],[35.75,27.64],[35.75,27.64]],[[35.7,27.83],[35.69,27.83],[35.69,27.84],[35.68,27.84],[35.68,27.85],[35.69,27.85],[35.7,27.85],[35.7,27.84],[35.7,27.85],[35.71,27.85],[35.71,27.86],[35.7,27.86],[35.7,27.87],[35.71,27.87],[35.71,27.88],[35.73,27.88],[35.74,27.88],[35.74,27.89],[35.75,27.89],[35.75,27.88],[35.75,27.87],[35.76,27.87],[35.77,27.87],[35.77,27.86],[35.77,27.85],[35.78,27.85],[35.78,27.84],[35.77,27.84],[35.76,27.84],[35.75,27.84],[35.74,27.84],[35.73,27.84],[35.73,27.85],[35.73,27.84],[35.72,27.84],[35.71,27.84],[35.7,27.84],[35.7,27.83],[35.7,27.83]],[[35.62,28.14],[35.61,28.14],[35.61,28.15],[35.6,28.15],[35.59,28.15],[35.59,28.16],[35.6,28.16],[35.59,28.16],[35.59,28.17],[35.59,28.18],[35.58,28.18],[35.58,28.19],[35.58,28.2],[35.59,28.2],[35.58,28.2],[35.57,28.2],[35.57,28.21],[35.56,28.21],[35.56,28.22],[35.55,28.22],[35.56,28.22],[35.56,28.23],[35.57,28.23],[35.57,28.22],[35.58,28.22],[35.58,28.23],[35.59,28.23],[35.6,28.23],[35.6,28.22],[35.61,28.22],[35.62,28.22],[35.62,28.23],[35.63,28.23],[35.63,28.22],[35.63,28.21],[35.64,28.21],[35.64,28.2],[35.63,28.2],[35.62,28.2],[35.63,28.2],[35.63,28.19],[35.64,28.19],[35.64,28.18],[35.63,28.18],[35.62,28.18],[35.61,28.18],[35.61,28.17],[35.62,28.17],[35.62,28.16],[35.62,28.15],[35.62,28.14],[35.62,28.14]],[[35.59,28.23],[35.59,28.24],[35.58,28.24],[35.58,28.23],[35.58,28.24],[35.57,28.24],[35.56,28.24],[35.55,28.24],[35.55,28.23],[35.54,28.23],[35.54,28.24],[35.55,28.24],[35.55,28.25],[35.54,28.25],[35.53,28.25],[35.53,28.26],[35.54,28.26],[35.55,28.26],[35.55,28.27],[35.56,28.27],[35.56,28.26],[35.57,28.26],[35.56,28.26],[35.57,28.26],[35.57,28.25],[35.57,28.26],[35.58,28.26],[35.58,28.25],[35.59,28.25],[35.59,28.26],[35.6,28.26],[35.6,28.25],[35.59,28.25],[35.6,28.25],[35.6,28.24],[35.61,28.24],[35.6,28.24],[35.59,28.24],[35.59,28.23]],[[35.3,28.27],[35.29,28.27],[35.29,28.28],[35.3,28.28],[35.3,28.29],[35.3,28.28],[35.3,28.27],[35.3,28.27]],[[35.31,28.29],[35.3,28.29],[35.3,28.3],[35.29,28.3],[35.29,28.31],[35.28,28.31],[35.27,28.31],[35.27,28.32],[35.26,28.32],[35.27,28.32],[35.28,28.32],[35.28,28.33],[35.28,28.34],[35.28,28.35],[35.29,28.35],[35.3,28.35],[35.3,28.34],[35.3,28.33],[35.31,28.33],[35.31,28.32],[35.31,28.31],[35.32,28.31],[35.32,28.3],[35.32,28.29],[35.32,28.3],[35.31,28.3],[35.31,28.29],[35.31,28.29]],[[35.25,28.29],[35.24,28.29],[35.24,28.3],[35.25,28.3],[35.25,28.31],[35.24,28.31],[35.24,28.32],[35.25,28.32],[35.25,28.31],[35.25,28.3],[35.26,28.3],[35.25,28.3],[35.25,28.29],[35.25,28.29]],[[35.28,28.34],[35.26,28.34],[35.27,28.34],[35.28,28.34],[35.28,28.34]],[[35.41,28.41],[35.4,28.41],[35.39,28.41],[35.39,28.42],[35.38,28.42],[35.38,28.43],[35.38,28.44],[35.39,28.44],[35.39,28.43],[35.4,28.43],[35.41,28.43],[35.41,28.42],[35.42,28.42],[35.43,28.42],[35.42,28.42],[35.41,28.42],[35.41,28.41],[35.41,28.42],[35.41,28.41],[35.41,28.41]],[[35.61,28.44],[35.6,28.44],[35.6,28.45],[35.6,28.44],[35.6,28.45],[35.59,28.45],[35.58,28.45],[35.58,28.46],[35.57,28.46],[35.57,28.47],[35.56,28.47],[35.56,28.48],[35.57,28.48],[35.56,28.48],[35.55,28.48],[35.55,28.49],[35.55,28.5],[35.56,28.5],[35.57,28.5],[35.57,28.49],[35.58,28.49],[35.58,28.5],[35.59,28.5],[35.59,28.49],[35.59,28.48],[35.58,28.48],[35.57,28.48],[35.58,28.48],[35.59,28.48],[35.59,28.47],[35.58,28.47],[35.58,28.46],[35.59,28.46],[35.6,28.46],[35.59,28.46],[35.6,28.46],[35.6,28.45],[35.61,28.45],[35.61,28.44],[35.61,28.44]],[[35.4,28.44],[35.39,28.44],[35.39,28.45],[35.4,28.45],[35.4,28.44],[35.4,28.44]],[[35.35,28.76],[35.49,28.61],[35.35,28.76],[35.35,28.76]],[[34.95,28.81],[34.96,28.81],[34.96,28.8],[34.96,28.79],[34.95,28.79],[34.94,28.79],[34.94,28.8],[34.94,28.81],[34.95,28.81]],[[34.92,28.79],[34.92,28.78],[34.92,28.77],[34.91,28.77],[34.91,28.76],[34.91,28.75],[34.9,28.75],[34.9,28.76],[34.9,28.77],[34.9,28.78],[34.91,28.78],[34.91,28.79],[34.92,28.79],[34.92,28.8],[34.92,28.79]],[[34.97,28.82],[34.96,28.82],[34.96,28.83],[34.96,28.84],[34.95,28.84],[34.95,28.85],[34.96,28.85],[34.95,28.85],[34.96,28.85],[34.97,28.85],[34.97,28.86],[34.98,28.86],[34.98,28.85],[34.98,28.84],[34.97,28.84],[34.97,28.83],[34.98,28.83],[34.98,28.82],[34.97,28.82],[34.97,28.82]],[[35.42,28.84],[35.43,28.84],[35.43,28.83],[35.43,28.82],[35.42,28.82],[35.42,28.83],[35.42,28.84],[35.42,28.84]],[[35.44,28.84],[35.44,28.83],[35.45,28.83],[35.45,28.82],[35.44,28.82],[35.43,28.82],[35.43,28.83],[35.43,28.84],[35.44,28.84],[35.44,28.84]],[[35.45,28.83],[35.46,28.83],[35.46,28.82],[35.45,28.82],[35.45,28.83],[35.45,28.83]],[[35.5,28.67],[35.5,28.66],[35.51,28.66],[35.52,28.66],[35.53,28.66],[35.53,28.65],[35.53,28.64],[35.52,28.64],[35.52,28.65],[35.52,28.64],[35.52,28.63],[35.51,28.63],[35.51,28.64],[35.5,28.64],[35.5,28.65],[35.5,28.64],[35.49,28.64],[35.49,28.65],[35.49,28.66],[35.5,28.66],[35.5,28.67]],[[35.49,28.57],[35.49,28.56],[35.49,28.55],[35.49,28.54],[35.49,28.55],[35.49,28.54],[35.48,28.54],[35.48,28.55],[35.48,28.56],[35.47,28.56],[35.48,28.56],[35.48,28.57],[35.49,28.57],[35.49,28.56],[35.49,28.57],[35.49,28.57]],[[35.48,28.53],[35.49,28.53],[35.49,28.52],[35.49,28.51],[35.5,28.51],[35.5,28.5],[35.49,28.5],[35.48,28.5],[35.47,28.5],[35.47,28.51],[35.47,28.52],[35.48,28.52],[35.48,28.53],[35.48,28.53]],[[34.92,28.68],[34.92,28.69],[34.92,28.7],[34.92,28.71],[34.93,28.71],[34.93,28.7],[34.93,28.69],[34.93,28.68],[34.92,28.68],[34.92,28.68]],[[35.07,28.89],[35.06,28.89],[35.06,28.9],[35.07,28.9],[35.08,28.9],[35.08,28.89],[35.07,28.89],[35.07,28.89]],[[35.03,28.89],[35.03,28.9],[35.03,28.89],[35.03,28.89]],[[35.07,28.91],[35.06,28.91],[35.07,28.91],[35.07,28.91]],[[35.05,28.94],[35.05,28.93],[35.05,28.92],[35.04,28.92],[35.04,28.93],[35.05,28.93],[35.05,28.94],[35.05,28.95],[35.06,28.95],[35.06,28.94],[35.05,28.94],[35.05,28.94]],[[35.07,28.95],[35.07,28.96],[35.08,28.96],[35.08,28.97],[35.07,28.97],[35.08,28.97],[35.08,28.98],[35.09,28.98],[35.09,28.97],[35.1,28.97],[35.11,28.97],[35.11,28.96],[35.11,28.95],[35.1,28.95],[35.09,28.95],[35.09,28.94],[35.09,28.95],[35.08,28.95],[35.08,28.94],[35.09,28.94],[35.08,28.94],[35.08,28.93],[35.07,28.93],[35.07,28.94],[35.07,28.95],[35.07,28.95]],[[35.12,28.96],[35.13,28.96],[35.13,28.95],[35.12,28.95],[35.12,28.96],[35.12,28.96]],[[35.28,29.02],[35.27,29.02],[35.27,29.03],[35.27,29.04],[35.26,29.04],[35.25,29.04],[35.25,29.05],[35.26,29.05],[35.27,29.05],[35.27,29.04],[35.28,29.04],[35.29,29.04],[35.3,29.04],[35.3,29.03],[35.31,29.03],[35.31,29.02],[35.3,29.02],[35.3,29.03],[35.29,29.03],[35.28,29.03],[35.28,29.02],[35.28,29.02]],[[35.24,29.07],[35.23,29.07],[35.23,29.08],[35.22,29.08],[35.22,29.09],[35.23,29.09],[35.23,29.08],[35.24,29.08],[35.24,29.07]],[[35.24,29.09],[35.23,29.09],[35.23,29.1],[35.23,29.09],[35.23,29.1],[35.24,29.1],[35.24,29.09],[35.24,29.09]],[[35.33,29.1],[35.33,29.11],[35.32,29.11],[35.32,29.12],[35.33,29.12],[35.33,29.13],[35.34,29.13],[35.35,29.13],[35.35,29.12],[35.34,29.12],[35.34,29.11],[35.34,29.1],[35.33,29.1],[35.33,29.1]],[[35.31,29.1],[35.3,29.1],[35.3,29.11],[35.3,29.1],[35.29,29.1],[35.29,29.11],[35.28,29.11],[35.27,29.11],[35.26,29.11],[35.25,29.11],[35.25,29.12],[35.26,29.12],[35.27,29.12],[35.28,29.12],[35.29,29.12],[35.29,29.11],[35.29,29.12],[35.3,29.12],[35.29,29.12],[35.28,29.12],[35.28,29.13],[35.27,29.13],[35.26,29.13],[35.25,29.13],[35.25,29.14],[35.26,29.14],[35.27,29.14],[35.28,29.14],[35.29,29.14],[35.29,29.13],[35.3,29.13],[35.31,29.13],[35.3,29.13],[35.3,29.12],[35.31,29.12],[35.31,29.11],[35.31,29.12],[35.31,29.11],[35.32,29.11],[35.31,29.11],[35.3,29.11],[35.31,29.11],[35.31,29.1],[35.31,29.1]],[[35.25,29.11],[35.24,29.11],[35.24,29.12],[35.23,29.12],[35.24,29.12],[35.24,29.13],[35.24,29.12],[35.25,29.12],[35.25,29.11],[35.25,29.11]],[[35.22,29.13],[35.22,29.14],[35.23,29.14],[35.23,29.13],[35.22,29.13],[35.22,29.13]],[[35.35,29.1],[35.35,29.09],[35.36,29.09],[35.36,29.08],[35.35,29.08],[35.34,29.08],[35.35,29.08],[35.34,29.08],[35.34,29.09],[35.35,29.09],[35.34,29.09],[35.35,29.09],[35.35,29.1]],[[37.35,26.39],[37.36,26.39],[37.36,26.38],[37.37,26.38],[37.37,26.37],[37.36,26.37],[37.35,26.37],[37.35,26.38],[37.35,26.39],[37.35,26.39]],[[37.37,26.38],[37.37,26.39],[37.37,26.38],[37.37,26.38]],[[37.39,26.34],[37.4,26.34],[37.4,26.33],[37.39,26.33],[37.39,26.34],[37.39,26.34]],[[36.71,25.99],[36.71,25.99],[36.71,25.99],[36.71,25.99],[36.71,25.99],[36.71,25.99],[36.71,25.99],[36.71,25.99],[36.71,25.99],[36.71,25.99],[36.71,25.99],[36.71,25.99],[36.71,25.99],[36.71,25.99],[36.71,25.99],[36.71,25.99],[36.71,25.99]],[[36.71,25.99],[36.71,25.99],[36.71,25.99],[36.71,25.99],[36.71,25.99],[36.71,25.99],[36.71,25.99],[36.71,25.99],[36.71,25.99],[36.71,25.99],[36.71,25.99],[36.71,25.99],[36.71,25.99],[36.71,25.99],[36.71,25.99],[36.71,25.99],[36.71,25.99],[36.71,25.99],[36.71,25.99],[36.71,25.99],[36.71,25.99],[36.71,25.99],[36.71,25.99],[36.71,25.99],[36.71,25.99],[36.71,25.99],[36.71,25.99]],[[37.88,25.17],[37.89,25.17],[37.89,25.16],[37.88,25.16],[37.88,25.15],[37.87,25.15],[37.87,25.16],[37.87,25.17],[37.88,25.17],[37.88,25.17]],[[37.75,24.94],[37.75,24.95],[37.74,24.95],[37.75,24.96],[37.75,24.95],[37.75,24.94],[37.75,24.94]],[[37.73,24.91],[37.74,24.91],[37.73,24.91],[37.73,24.91]],[[37.66,24.89],[37.67,24.89],[37.67,24.88],[37.66,24.88],[37.67,24.88],[37.67,24.87],[37.68,24.87],[37.67,24.87],[37.67,24.86],[37.68,24.86],[37.68,24.85],[37.67,24.85],[37.66,24.85],[37.67,24.85],[37.67,24.86],[37.66,24.86],[37.66,24.87],[37.66,24.88],[37.66,24.89],[37.66,24.89]],[[38.09,24.84],[38.09,24.83],[38.1,24.83],[38.09,24.83],[38.09,24.82],[38.1,24.82],[38.1,24.81],[38.09,24.81],[38.08,24.81],[38.07,24.81],[38.07,24.82],[38.07,24.83],[38.08,24.83],[38.09,24.83],[38.09,24.84]],[[37.82,24.81],[37.82,24.8],[37.81,24.8],[37.8,24.8],[37.79,24.8],[37.79,24.81],[37.8,24.81],[37.81,24.81],[37.8,24.81],[37.81,24.81],[37.81,24.8],[37.81,24.81],[37.82,24.81]],[[39.34,24.81],[39.34,24.8],[39.34,24.79],[39.33,24.79],[39.33,24.8],[39.34,24.81],[39.34,24.81]],[[38.11,24.79],[38.11,24.78],[38.1,24.78],[38.1,24.79],[38.11,24.79]],[[38.1,24.77],[38.11,24.77],[38.11,24.76],[38.12,24.76],[38.12,24.75],[38.11,24.75],[38.11,24.76],[38.1,24.76],[38.1,24.77],[38.1,24.77]],[[38.12,24.77],[38.13,24.77],[38.13,24.76],[38.13,24.75],[38.12,24.75],[38.12,24.76],[38.12,24.77],[38.12,24.77]],[[39.38,24.77],[39.39,24.77],[39.39,24.76],[39.39,24.75],[39.4,24.75],[39.4,24.76],[39.39,24.76],[39.39,24.77],[39.4,24.77],[39.4,24.76],[39.41,24.76],[39.41,24.75],[39.4,24.75],[39.4,24.74],[39.41,24.74],[39.41,24.73],[39.41,24.74],[39.4,24.74],[39.39,24.74],[39.38,24.74],[39.37,24.74],[39.37,24.75],[39.38,24.75],[39.38,24.76],[39.38,24.77],[39.38,24.77]],[[37.94,24.71],[37.95,24.71],[37.95,24.7],[37.95,24.69],[37.96,24.69],[37.96,24.68],[37.95,24.68],[37.95,24.69],[37.94,24.69],[37.93,24.69],[37.93,24.7],[37.92,24.7],[37.92,24.71],[37.93,24.71],[37.94,24.71],[37.94,24.71]],[[37.96,24.68],[37.96,24.69],[37.97,24.69],[37.97,24.68],[37.96,24.68]],[[37.92,24.68],[37.92,24.68],[37.92,24.69],[37.92,24.69],[37.92,24.68]],[[37.9,24.7],[37.9,24.69],[37.9,24.7],[37.9,24.7]],[[37.89,24.69],[37.88,24.69],[37.88,24.7],[37.89,24.7],[37.89,24.69],[37.89,24.69]],[[37.88,24.7],[37.87,24.7],[37.87,24.71],[37.88,24.71],[37.88,24.7]],[[37.9,24.68],[37.89,24.68],[37.9,24.68],[37.91,24.68],[37.91,24.67],[37.91,24.68],[37.92,24.68],[37.93,24.68],[37.93,24.67],[37.92,24.67],[37.91,24.67],[37.91,24.66],[37.91,24.65],[37.9,24.65],[37.89,24.65],[37.89,24.66],[37.88,24.66],[37.89,24.66],[37.9,24.66],[37.9,24.67],[37.89,24.67],[37.89,24.68],[37.9,24.68],[37.9,24.68]],[[38.34,24.53],[38.35,24.53],[38.35,24.52],[38.35,24.51],[38.36,24.51],[38.36,24.5],[38.36,24.49],[38.35,24.49],[38.34,24.49],[38.34,24.48],[38.33,24.48],[38.32,24.48],[38.32,24.49],[38.32,24.5],[38.33,24.5],[38.34,24.5],[38.34,24.52],[38.33,24.52],[38.33,24.53],[38.32,24.53],[38.32,24.54],[38.33,24.54],[38.32,24.54],[38.31,24.54],[38.31,24.55],[38.32,24.55],[38.31,24.55],[38.31,24.56],[38.3,24.56],[38.29,24.56],[38.28,24.56],[38.28,24.57],[38.28,24.58],[38.27,24.58],[38.27,24.57],[38.27,24.56],[38.26,24.56],[38.25,24.56],[38.25,24.57],[38.25,24.56],[38.24,24.56],[38.24,24.55],[38.23,24.55],[38.23,24.54],[38.22,24.54],[38.22,24.53],[38.23,24.53],[38.24,24.53],[38.24,24.52],[38.25,24.52],[38.25,24.51],[38.24,24.51],[38.23,24.51],[38.23,24.5],[38.24,24.5],[38.24,24.49],[38.23,24.49],[38.23,24.5],[38.22,24.5],[38.21,24.5],[38.21,24.51],[38.2,24.51],[38.2,24.52],[38.2,24.51],[38.2,24.5],[38.2,24.49],[38.19,24.49],[38.19,24.5],[38.19,24.49],[38.18,24.49],[38.18,24.5],[38.18,24.51],[38.18,24.5],[38.17,24.5],[38.17,24.51],[38.17,24.52],[38.16,24.52],[38.16,24.53],[38.17,24.53],[38.18,24.53],[38.18,24.52],[38.18,24.53],[38.18,24.54],[38.19,24.54],[38.19,24.53],[38.2,24.53],[38.2,24.54],[38.2,24.55],[38.2,24.56],[38.19,24.56],[38.19,24.57],[38.2,24.57],[38.2,24.58],[38.19,24.58],[38.19,24.59],[38.19,24.6],[38.2,24.6],[38.2,24.59],[38.21,24.59],[38.21,24.58],[38.22,24.58],[38.23,24.58],[38.23,24.59],[38.22,24.59],[38.22,24.6],[38.23,24.6],[38.22,24.6],[38.22,24.61],[38.21,24.61],[38.22,24.61],[38.23,24.61],[38.23,24.6],[38.24,24.6],[38.24,24.59],[38.25,24.59],[38.25,24.6],[38.26,24.6],[38.26,24.59],[38.26,24.6],[38.26,24.61],[38.27,24.61],[38.27,24.6],[38.28,24.6],[38.28,24.61],[38.29,24.61],[38.3,24.61],[38.31,24.61],[38.31,24.6],[38.3,24.6],[38.29,24.6],[38.3,24.6],[38.3,24.59],[38.3,24.58],[38.3,24.57],[38.31,24.57],[38.31,24.58],[38.31,24.57],[38.32,24.57],[38.32,24.58],[38.32,24.59],[38.33,24.59],[38.34,24.59],[38.34,24.6],[38.35,24.6],[38.35,24.61],[38.34,24.61],[38.34,24.62],[38.35,24.62],[38.35,24.61],[38.36,24.61],[38.36,24.62],[38.36,24.61],[38.37,24.61],[38.37,24.6],[38.37,24.59],[38.38,24.59],[38.38,24.58],[38.37,24.58],[38.37,24.57],[38.37,24.56],[38.37,24.55],[38.36,24.55],[38.36,24.56],[38.35,24.56],[38.35,24.55],[38.34,24.55],[38.35,24.55],[38.35,24.54],[38.35,24.53],[38.34,24.53],[38.34,24.53]],[[38.89,24.52],[38.89,24.53],[38.88,24.53],[38.87,24.53],[38.87,24.54],[38.86,24.54],[38.86,24.55],[38.87,24.55],[38.88,24.55],[38.88,24.54],[38.89,24.54],[38.9,24.54],[38.9,24.53],[38.9,24.52],[38.91,24.52],[38.9,24.52],[38.9,24.51],[38.89,24.51],[38.89,24.52],[38.89,24.52]],[[38.92,24.51],[38.93,24.51],[38.92,24.51],[38.93,24.51],[38.93,24.5],[38.92,24.5],[38.92,24.51],[38.91,24.51],[38.92,24.51],[38.92,24.51]],[[38.38,24.5],[38.38,24.49],[38.39,24.49],[38.4,24.49],[38.4,24.48],[38.39,24.48],[38.38,24.48],[38.37,24.48],[38.37,24.49],[38.37,24.5],[38.38,24.5],[38.38,24.5]],[[38.92,24.46],[39,24.27],[38.92,24.46],[38.92,24.46]],[[38.99,24.45],[38.99,24.44],[39,24.44],[38.99,24.44],[39,24.44],[39,24.45],[39.01,24.45],[39.01,24.44],[39.02,24.44],[39.02,24.43],[39.03,24.43],[39.02,24.43],[39.01,24.43],[39.02,24.43],[39.02,24.42],[39.01,24.42],[39,24.42],[39,24.43],[38.99,24.43],[38.99,24.44],[38.99,24.45]],[[39.88,24.42],[39.89,24.42],[39.89,24.41],[39.9,24.41],[39.9,24.4],[39.89,24.4],[39.89,24.41],[39.88,24.41],[39.88,24.42]],[[39.02,24.39],[39.01,24.39],[39.02,24.39],[39.02,24.39]],[[39.95,24.36],[39.95,24.37],[39.95,24.38],[39.96,24.38],[39.96,24.37],[39.95,24.36],[39.95,24.37],[39.95,24.36],[39.96,24.36],[39.97,24.35],[39.97,24.34],[39.96,24.34],[39.95,24.34],[39.94,24.34],[39.94,24.36],[39.95,24.36],[39.95,24.36]],[[39.02,24.36],[39.02,24.35],[39.01,24.35],[39.01,24.36],[39.02,24.36],[39.02,24.36]],[[39.02,24.28],[39.03,24.28],[39.03,24.27],[39.02,24.27],[39.02,24.28],[39.01,24.28],[39,24.28],[39,24.29],[39.01,24.29],[39.01,24.3],[39.02,24.3],[39.02,24.29],[39.02,24.28]],[[39.27,24.11],[39.27,24.1],[39.28,24.1],[39.28,24.09],[39.28,24.08],[39.28,24.07],[39.28,24.06],[39.27,24.06],[39.27,24.07],[39.27,24.08],[39.26,24.08],[39.26,24.09],[39.26,24.1],[39.27,24.1],[39.27,24.11]],[[39.25,23.98],[39.25,23.99],[39.26,23.99],[39.26,24],[39.27,24],[39.27,24.01],[39.28,24.01],[39.28,24.02],[39.29,24.02],[39.29,24.03],[39.28,24.03],[39.27,24.03],[39.26,24.03],[39.25,24.03],[39.25,24.04],[39.26,24.04],[39.27,24.04],[39.27,24.05],[39.28,24.05],[39.29,24.05],[39.3,24.05],[39.3,24.04],[39.3,24.05],[39.31,24.05],[39.31,24.04],[39.31,24.03],[39.32,24.03],[39.31,24.03],[39.32,24.03],[39.33,24.03],[39.34,24.03],[39.35,24.03],[39.35,24.02],[39.34,24.02],[39.35,24.02],[39.35,24.01],[39.34,24.01],[39.34,24.02],[39.33,24.02],[39.33,24.01],[39.32,24.01],[39.32,24],[39.32,23.99],[39.31,23.99],[39.31,23.98],[39.3,23.98],[39.3,23.97],[39.31,23.97],[39.3,23.97],[39.3,23.96],[39.31,23.96],[39.31,23.95],[39.31,23.94],[39.3,23.94],[39.29,23.94],[39.29,23.93],[39.28,23.93],[39.28,23.94],[39.27,23.94],[39.27,23.95],[39.27,23.96],[39.26,23.96],[39.26,23.97],[39.25,23.97],[39.25,23.96],[39.25,23.97],[39.24,23.97],[39.25,23.97],[39.25,23.98],[39.25,23.98]],[[39.23,23.98],[39.23,23.97],[39.23,23.96],[39.22,23.96],[39.22,23.97],[39.23,23.97],[39.23,23.98],[39.23,23.98]],[[39.26,23.95],[39.25,23.95],[39.26,23.95],[39.26,23.95]],[[39.36,23.87],[39.36,23.86],[39.37,23.86],[39.38,23.86],[39.38,23.85],[39.37,23.85],[39.37,23.84],[39.36,23.84],[39.36,23.83],[39.35,23.83],[39.35,23.84],[39.35,23.83],[39.34,23.83],[39.34,23.82],[39.33,23.82],[39.33,23.81],[39.34,23.81],[39.34,23.8],[39.34,23.79],[39.34,23.78],[39.35,23.78],[39.36,23.78],[39.37,23.78],[39.37,23.79],[39.38,23.79],[39.39,23.79],[39.4,23.79],[39.39,23.79],[39.39,23.78],[39.38,23.78],[39.37,23.78],[39.37,23.77],[39.37,23.76],[39.37,23.77],[39.38,23.77],[39.39,23.77],[39.39,23.76],[39.39,23.75],[39.38,23.75],[39.37,23.75],[39.38,23.75],[39.38,23.74],[39.37,23.74],[39.36,23.74],[39.35,23.74],[39.34,23.74],[39.34,23.75],[39.34,23.76],[39.35,23.76],[39.34,23.76],[39.34,23.77],[39.33,23.77],[39.34,23.77],[39.34,23.78],[39.33,23.78],[39.32,23.78],[39.32,23.79],[39.31,23.79],[39.31,23.8],[39.32,23.8],[39.31,23.8],[39.31,23.81],[39.32,23.81],[39.31,23.81],[39.31,23.82],[39.32,23.82],[39.33,23.82],[39.33,23.83],[39.33,23.84],[39.33,23.85],[39.34,23.85],[39.34,23.86],[39.34,23.85],[39.35,23.85],[39.35,23.86],[39.36,23.86],[39.36,23.87]],[[39.4,23.82],[39.41,23.82],[39.41,23.81],[39.41,23.8],[39.41,23.79],[39.4,23.79],[39.4,23.8],[39.4,23.81],[39.4,23.82],[39.4,23.82]],[[39.38,23.69],[39.38,23.68],[39.37,23.68],[39.37,23.69],[39.36,23.69],[39.37,23.69],[39.37,23.7],[39.36,23.7],[39.36,23.71],[39.36,23.72],[39.35,23.72],[39.35,23.73],[39.36,23.73],[39.37,23.73],[39.37,23.72],[39.38,23.72],[39.38,23.71],[39.38,23.7],[39.37,23.7],[39.38,23.7],[39.38,23.69],[39.37,23.69],[39.38,23.69],[39.38,23.7],[39.38,23.71],[39.39,23.71],[39.4,23.71],[39.4,23.7],[39.41,23.7],[39.41,23.69],[39.4,23.69],[39.4,23.7],[39.39,23.7],[39.39,23.69],[39.39,23.68],[39.38,23.68],[39.38,23.69],[39.38,23.69]],[[39.39,23.64],[39.4,23.64],[39.41,23.64],[39.41,23.63],[39.4,23.63],[39.4,23.62],[39.4,23.63],[39.39,23.63],[39.39,23.62],[39.38,23.62],[39.38,23.61],[39.37,23.61],[39.37,23.62],[39.38,23.62],[39.38,23.63],[39.39,23.63],[39.39,23.64],[39.39,23.64]],[[39.13,23.61],[39.12,23.61],[39.12,23.62],[39.11,23.62],[39.12,23.62],[39.12,23.63],[39.11,23.63],[39.11,23.64],[39.12,23.64],[39.12,23.65],[39.13,23.65],[39.13,23.64],[39.13,23.63],[39.13,23.62],[39.13,23.61],[39.13,23.61]],[[39.39,23.65],[39.38,23.65],[39.38,23.66],[39.37,23.66],[39.37,23.67],[39.38,23.67],[39.38,23.66],[39.39,23.66],[39.4,23.66],[39.4,23.65],[39.39,23.65]],[[39.13,23.65],[39.12,23.65],[39.12,23.66],[39.12,23.67],[39.13,23.67],[39.12,23.67],[39.11,23.67],[39.12,23.67],[39.12,23.68],[39.13,23.68],[39.13,23.69],[39.12,23.69],[39.12,23.7],[39.12,23.71],[39.13,23.71],[39.13,23.7],[39.13,23.69],[39.13,23.68],[39.14,23.68],[39.13,23.68],[39.13,23.67],[39.14,23.67],[39.13,23.67],[39.13,23.66],[39.13,23.65],[39.13,23.65]],[[39.53,23.54],[39.54,23.54],[39.54,23.53],[39.54,23.52],[39.53,23.52],[39.52,23.52],[39.51,23.52],[39.51,23.53],[39.52,23.53],[39.53,23.53],[39.53,23.54],[39.53,23.53],[39.53,23.54]],[[39.63,23.28],[39.64,23.28],[39.64,23.27],[39.64,23.26],[39.63,23.26],[39.64,23.26],[39.64,23.25],[39.63,23.25],[39.64,23.25],[39.65,23.25],[39.65,23.26],[39.66,23.26],[39.67,23.26],[39.67,23.25],[39.66,23.25],[39.65,23.25],[39.65,23.24],[39.64,23.24],[39.64,23.23],[39.64,23.22],[39.63,23.22],[39.63,23.23],[39.63,23.24],[39.63,23.25],[39.62,23.25],[39.62,23.26],[39.61,23.26],[39.61,23.27],[39.62,23.27],[39.62,23.26],[39.62,23.27],[39.63,23.27],[39.63,23.28]],[[40.5,22.53],[40.52,22.53],[40.53,22.53],[40.54,22.52],[40.54,22.51],[40.55,22.51],[40.55,22.5],[40.54,22.49],[40.54,22.48],[40.54,22.47],[40.55,22.47],[40.55,22.46],[40.55,22.45],[40.54,22.44],[40.53,22.44],[40.52,22.44],[40.52,22.45],[40.51,22.45],[40.5,22.45],[40.5,22.46],[40.5,22.47],[40.49,22.48],[40.48,22.48],[40.47,22.48],[40.45,22.47],[40.45,22.46],[40.44,22.46],[40.44,22.45],[40.43,22.45],[40.43,22.46],[40.43,22.47],[40.44,22.48],[40.44,22.49],[40.45,22.49],[40.45,22.5],[40.47,22.52],[40.48,22.53],[40.49,22.53],[40.5,22.53],[40.5,22.53]],[[39.11,22.35],[39.11,22.35],[39.11,22.35],[39.11,22.35],[39.11,22.35],[39.11,22.35],[39.11,22.35],[39.11,22.35],[39.11,22.35],[39.11,22.35],[39.11,22.35],[39.11,22.35],[39.11,22.35],[39.11,22.35],[39.11,22.35],[39.11,22.35],[39.11,22.35],[39.11,22.35],[39.11,22.35],[39.11,22.35],[39.11,22.35],[39.11,22.35],[39.11,22.35],[39.11,22.35]],[[39.1,22.33],[39.1,22.33],[39.1,22.33],[39.1,22.33],[39.1,22.33],[39.1,22.33],[39.1,22.33],[39.1,22.33],[39.1,22.33],[39.1,22.33],[39.1,22.33],[39.1,22.33],[39.1,22.33]],[[39.1,22.33],[39.1,22.32],[39.1,22.33],[39.1,22.33]],[[39.1,22.32],[39.1,22.32],[39.1,22.32],[39.1,22.32],[39.1,22.32],[39.1,22.32],[39.1,22.32],[39.1,22.32],[39.1,22.32],[39.1,22.32],[39.1,22.32],[39.1,22.32],[39.1,22.32],[39.1,22.32],[39.1,22.32],[39.1,22.32],[39.1,22.32],[39.1,22.32],[39.1,22.32],[39.1,22.32],[39.1,22.32],[39.1,22.32],[39.1,22.32],[39.1,22.32],[39.1,22.32],[39.1,22.32],[39.1,22.32],[39.1,22.32],[39.1,22.32],[39.1,22.32],[39.1,22.32],[39.1,22.32],[39.1,22.32],[39.1,22.32],[39.1,22.32],[39.1,22.32],[39.1,22.32]],[[39.1,22.32],[39.1,22.32],[39.1,22.32],[39.1,22.32],[39.1,22.32],[39.1,22.32],[39.1,22.32],[39.1,22.32],[39.1,22.32],[39.1,22.32],[39.1,22.32],[39.1,22.32],[39.1,22.32],[39.1,22.32],[39.1,22.32]],[[40.68,22.33],[40.7,22.33],[40.7,22.32],[40.71,22.32],[40.71,22.31],[40.74,22.28],[40.74,22.27],[40.74,22.26],[40.73,22.25],[40.71,22.25],[40.7,22.25],[40.69,22.26],[40.69,22.27],[40.69,22.28],[40.68,22.28],[40.68,22.29],[40.67,22.29],[40.67,22.28],[40.66,22.28],[40.65,22.28],[40.64,22.29],[40.63,22.29],[40.63,22.3],[40.62,22.3],[40.61,22.3],[40.61,22.31],[40.62,22.32],[40.63,22.32],[40.66,22.32],[40.67,22.32],[40.68,22.32],[40.68,22.33]],[[39.05,22.16],[39.05,22.16],[39.05,22.16],[39.05,22.16],[39.05,22.16]],[[39.05,22.16],[39.05,22.16],[39.05,22.16],[39.05,22.16],[39.05,22.16],[39.05,22.16],[39.05,22.16],[39.05,22.16],[39.05,22.16],[39.05,22.16],[39.05,22.16],[39.05,22.16],[39.05,22.16],[39.05,22.16],[39.05,22.16],[39.05,22.16],[39.05,22.16],[39.05,22.16],[39.05,22.16],[39.05,22.16],[39.05,22.16],[39.05,22.16],[39.05,22.16],[39.05,22.16],[39.05,22.16],[39.05,22.16],[39.05,22.16],[39.05,22.16],[39.05,22.16],[39.05,22.16],[39.05,22.16]],[[39.01,22.03],[39.01,22.03],[39.01,22.03],[39.01,22.03],[39.01,22.03]],[[39.02,22.02],[39.02,22.01],[39.02,22],[39.01,22],[39.01,22.01],[39.02,22.01],[39.01,22.01],[39.01,22.02],[39.02,22.02],[39.02,22.02]],[[39.01,22.01],[39.01,22.01],[39.01,22.01],[39.01,22.01],[39.01,22.01],[39.01,22.01],[39.01,22.01],[39.01,22.01],[39.01,22.01],[39.01,22.01],[39.01,22.01],[39.01,22.01],[39.01,22.01],[39.01,22.01],[39.01,22.01]],[[39.13,21.79],[39.13,21.79],[39.13,21.79],[39.13,21.79],[39.13,21.79]],[[39.48,20.77],[39.48,20.76],[39.47,20.76],[39.47,20.77],[39.48,20.77],[39.48,20.77]],[[39.49,20.76],[39.49,20.76],[39.49,20.76],[39.49,20.76],[39.49,20.76],[39.49,20.76],[39.49,20.76],[39.49,20.76],[39.49,20.76],[39.49,20.76],[39.49,20.76],[39.49,20.76],[39.49,20.76],[39.49,20.76],[39.49,20.76],[39.49,20.76],[39.49,20.76],[39.49,20.76],[39.49,20.76],[39.49,20.76],[39.49,20.76],[39.49,20.76],[39.49,20.76],[39.49,20.76],[39.49,20.76],[39.49,20.76],[39.49,20.76]],[[39.49,20.76],[39.49,20.76],[39.49,20.76],[39.49,20.76],[39.49,20.76]],[[39.49,20.76],[39.49,20.75],[39.49,20.76],[39.49,20.76]],[[39.5,20.75],[39.5,20.75],[39.5,20.75],[39.5,20.75],[39.5,20.75]],[[39.5,20.75],[39.5,20.75],[39.5,20.75],[39.5,20.75],[39.5,20.75],[39.5,20.75],[39.5,20.75],[39.5,20.75],[39.5,20.75],[39.5,20.75],[39.5,20.75],[39.5,20.75],[39.5,20.75],[39.5,20.75],[39.5,20.75],[39.5,20.75],[39.5,20.75],[39.5,20.75],[39.5,20.75],[39.5,20.75],[39.5,20.75],[39.5,20.75],[39.5,20.75],[39.5,20.75],[39.5,20.75],[39.5,20.75],[39.5,20.75],[39.5,20.75],[39.5,20.75],[39.5,20.75],[39.5,20.75],[39.5,20.75],[39.5,20.75],[39.5,20.75],[39.5,20.75],[39.5,20.75],[39.5,20.75],[39.5,20.75],[39.5,20.75],[39.5,20.75],[39.5,20.75],[39.5,20.75],[39.5,20.75],[39.5,20.75],[39.5,20.75],[39.5,20.75],[39.5,20.75],[39.5,20.75],[39.5,20.75],[39.5,20.75],[39.5,20.75],[39.5,20.75],[39.5,20.74],[39.5,20.74],[39.5,20.74],[39.5,20.74],[39.5,20.74],[39.5,20.74],[39.5,20.74],[39.5,20.74],[39.5,20.75]],[[39.49,20.74],[39.49,20.74],[39.49,20.74],[39.49,20.74],[39.49,20.74]],[[39.62,20.55],[39.62,20.54],[39.63,20.54],[39.62,20.54],[39.62,20.55],[39.62,20.54],[39.62,20.55],[39.62,20.55]],[[39.62,20.54],[39.62,20.54],[39.62,20.54],[39.62,20.54],[39.62,20.54],[39.62,20.54],[39.62,20.54],[39.62,20.54],[39.62,20.54]],[[40.62,19.82],[40.62,19.82],[40.62,19.82],[40.62,19.82],[40.62,19.82],[40.62,19.82],[40.62,19.82]],[[40.62,19.81],[40.62,19.82],[40.62,19.81],[40.62,19.81]],[[40.76,19.78],[40.76,19.78],[40.76,19.78],[40.76,19.78],[40.76,19.78],[40.76,19.78],[40.76,19.78]],[[40.75,19.78],[40.76,19.78],[40.76,19.77],[40.75,19.77],[40.75,19.78],[40.75,19.78]],[[40.79,19.73],[40.79,19.73],[40.79,19.73],[40.79,19.73],[40.79,19.73],[40.79,19.73],[40.79,19.73],[40.79,19.73],[40.79,19.73],[40.79,19.73],[40.79,19.73],[40.79,19.73],[40.79,19.73],[40.79,19.73],[40.79,19.73],[40.79,19.73],[40.79,19.73],[40.79,19.73],[40.79,19.73],[40.79,19.73],[40.79,19.73],[40.79,19.73],[40.79,19.73],[40.79,19.73],[40.79,19.73],[40.79,19.73],[40.79,19.73],[40.79,19.73],[40.79,19.73]],[[40.79,19.73],[40.8,19.73],[40.79,19.73],[40.79,19.73]],[[40.81,19.67],[40.81,19.67],[40.81,19.67],[40.81,19.67],[40.81,19.67]],[[40.81,19.67],[40.81,19.66],[40.81,19.67],[40.81,19.67]],[[40.81,19.66],[40.8,19.66],[40.81,19.66],[40.81,19.67],[40.81,19.66],[40.81,19.66]],[[40.8,19.66],[40.81,19.66],[40.81,19.65],[40.8,19.65],[40.8,19.66]],[[40.8,19.65],[40.8,19.65],[40.8,19.65],[40.8,19.65],[40.8,19.65],[40.8,19.65],[40.8,19.65]],[[40.8,19.65],[40.8,19.65],[40.8,19.65],[40.8,19.65],[40.8,19.65],[40.8,19.65],[40.8,19.65],[40.8,19.65],[40.8,19.65],[40.8,19.65],[40.8,19.65],[40.8,19.65],[40.8,19.65],[40.8,19.65],[40.8,19.65],[40.8,19.65],[40.8,19.65]],[[40.8,19.63],[40.8,19.63],[40.8,19.63],[40.8,19.63],[40.8,19.63],[40.8,19.63],[40.8,19.63],[40.8,19.63],[40.8,19.63],[40.8,19.63],[40.8,19.63]],[[40.8,19.63],[40.8,19.63],[40.8,19.63],[40.8,19.63],[40.8,19.63],[40.8,19.63],[40.8,19.63],[40.8,19.63],[40.8,19.63],[40.8,19.63],[40.8,19.63],[40.8,19.63],[40.8,19.63],[40.8,19.63],[40.8,19.63],[40.8,19.63],[40.8,19.63],[40.8,19.63],[40.8,19.63],[40.8,19.63],[40.8,19.63]],[[40.81,19.62],[40.81,19.62],[40.81,19.62],[40.81,19.62],[40.81,19.62],[40.81,19.62],[40.81,19.62],[40.81,19.62],[40.81,19.62],[40.81,19.62]],[[41.09,19.11],[41.09,19.11],[41.09,19.11],[41.09,19.11],[41.09,19.11]],[[41.38,18.74],[41.38,18.74],[41.38,18.74],[41.38,18.74],[41.38,18.74],[41.38,18.74],[41.38,18.74],[41.38,18.74],[41.38,18.74],[41.38,18.74],[41.38,18.74]],[[41.38,18.74],[41.38,18.74],[41.38,18.74],[41.38,18.74],[41.38,18.74]],[[41.38,18.74],[41.38,18.74],[41.38,18.74],[41.38,18.74],[41.38,18.74]],[[41.35,18.7],[41.35,18.7],[41.35,18.7],[41.35,18.7],[41.35,18.7],[41.35,18.7],[41.35,18.7],[41.35,18.7],[41.35,18.7],[41.35,18.7],[41.35,18.7],[41.35,18.7],[41.35,18.7],[41.35,18.7],[41.35,18.7],[41.35,18.7],[41.35,18.7],[41.35,18.7],[41.35,18.7],[41.35,18.7],[41.35,18.7],[41.35,18.7],[41.35,18.7],[41.35,18.7],[41.35,18.7]],[[41.35,18.7],[41.35,18.7],[41.35,18.7],[41.35,18.7],[41.35,18.7]],[[41.35,18.7],[41.35,18.7],[41.35,18.7],[41.35,18.7],[41.35,18.7],[41.35,18.7],[41.35,18.7],[41.35,18.7],[41.35,18.7],[41.35,18.7],[41.35,18.7],[41.35,18.7],[41.35,18.7],[41.35,18.7],[41.35,18.7]],[[41.36,18.7],[41.36,18.7],[41.36,18.7],[41.36,18.7],[41.36,18.7]],[[41.33,18.69],[41.33,18.69],[41.33,18.69],[41.33,18.69],[41.33,18.69],[41.33,18.69],[41.33,18.69]],[[41.35,18.69],[41.35,18.69],[41.35,18.69],[41.35,18.69],[41.35,18.69]],[[41.34,18.68],[41.34,18.68],[41.34,18.68],[41.34,18.68],[41.34,18.68],[41.34,18.68],[41.34,18.68],[41.34,18.68],[41.34,18.68],[41.34,18.68],[41.34,18.68],[41.34,18.68]],[[41.33,18.67],[41.33,18.67],[41.33,18.67],[41.33,18.67],[41.33,18.67]],[[41.31,18.66],[41.31,18.66],[41.31,18.66],[41.31,18.66],[41.31,18.66]],[[41.43,18.49],[41.43,18.48],[41.43,18.49],[41.43,18.49]],[[41.42,18.48],[41.42,18.49],[41.42,18.48],[41.42,18.48]],[[41.42,18.48],[41.42,18.48],[41.42,18.48],[41.42,18.48],[41.42,18.48],[41.42,18.48],[41.42,18.48],[41.42,18.48],[41.42,18.48],[41.42,18.48],[41.42,18.48],[41.42,18.48],[41.42,18.48],[41.42,18.48],[41.42,18.48],[41.42,18.48],[41.42,18.48],[41.42,18.48],[41.42,18.48],[41.42,18.48],[41.42,18.48],[41.42,18.48],[41.42,18.48],[41.42,18.48],[41.42,18.48],[41.42,18.48],[41.42,18.48],[41.42,18.48],[41.42,18.48],[41.42,18.48],[41.42,18.48],[41.42,18.48],[41.42,18.48],[41.42,18.48],[41.42,18.48],[41.42,18.48],[41.42,18.48],[41.42,18.48],[41.42,18.48]],[[41.43,18.48],[41.43,18.48],[41.43,18.48],[41.43,18.48],[41.43,18.48],[41.43,18.48],[41.43,18.48],[41.43,18.48],[41.43,18.48],[41.43,18.48],[41.43,18.48],[41.43,18.48],[41.43,18.48],[41.43,18.48]],[[41.43,18.47],[41.43,18.47],[41.43,18.47],[41.43,18.47],[41.43,18.47],[41.43,18.47],[41.43,18.47],[41.43,18.47],[41.43,18.47],[41.43,18.47],[41.43,18.47],[41.43,18.47],[41.43,18.47],[41.43,18.47],[41.43,18.47],[41.43,18.47],[41.43,18.47],[41.43,18.47],[41.43,18.47],[41.43,18.47],[41.43,18.47],[41.43,18.47],[41.43,18.47],[41.43,18.47],[41.43,18.47],[41.43,18.47],[41.43,18.47],[41.43,18.47],[41.43,18.47],[41.43,18.47],[41.43,18.47],[41.43,18.47],[41.43,18.47],[41.43,18.47],[41.43,18.47],[41.43,18.47],[41.43,18.47],[41.43,18.47],[41.43,18.47],[41.43,18.47],[41.43,18.47],[41.43,18.47],[41.43,18.47],[41.43,18.47],[41.43,18.47],[41.43,18.47],[41.43,18.47],[41.43,18.47],[41.43,18.47],[41.43,18.47],[41.43,18.47],[41.43,18.47],[41.43,18.47],[41.43,18.47],[41.43,18.47],[41.43,18.47],[41.43,18.47],[41.43,18.47],[41.43,18.47],[41.43,18.47],[41.43,18.47],[41.43,18.47],[41.43,18.47],[41.43,18.47],[41.43,18.47],[41.43,18.47],[41.43,18.47],[41.43,18.47],[41.43,18.47],[41.43,18.47],[41.43,18.47],[41.43,18.47],[41.43,18.47],[41.43,18.47],[41.43,18.47],[41.43,18.47],[41.43,18.47]],[[41.43,18.47],[41.43,18.47],[41.43,18.47],[41.43,18.47],[41.43,18.47]],[[41.43,18.47],[41.43,18.47],[41.43,18.47],[41.43,18.47],[41.43,18.47]],[[41.43,18.47],[41.43,18.47],[41.43,18.47],[41.43,18.47],[41.43,18.47],[41.43,18.47],[41.43,18.47],[41.43,18.47],[41.43,18.47],[41.43,18.47],[41.43,18.47],[41.43,18.47]],[[41.43,18.46],[41.43,18.46],[41.43,18.46],[41.43,18.46],[41.43,18.46],[41.43,18.46],[41.43,18.46]],[[41.43,18.46],[41.43,18.46],[41.43,18.46],[41.43,18.46],[41.43,18.46],[41.43,18.46],[41.43,18.46],[41.43,18.46],[41.43,18.46],[41.43,18.46],[41.43,18.46],[41.43,18.46],[41.43,18.46],[41.43,18.46],[41.43,18.46],[41.43,18.46]],[[41.68,20.87],[41.69,20.87],[41.69,20.86],[41.7,20.85],[41.69,20.85],[41.69,20.83],[41.69,20.82],[41.7,20.81],[41.7,20.79],[41.69,20.78],[41.68,20.79],[41.69,20.79],[41.69,20.81],[41.68,20.81],[41.68,20.82],[41.68,20.83],[41.68,20.84],[41.68,20.85],[41.68,20.87]],[[41.7,20.75],[41.7,20.76],[41.7,20.77],[41.71,20.77],[41.71,20.78],[41.72,20.78],[41.72,20.77],[41.73,20.77],[41.74,20.77],[41.75,20.76],[41.76,20.76],[41.77,20.76],[41.78,20.76],[41.78,20.75],[41.8,20.76],[41.81,20.76],[41.82,20.76],[41.83,20.76],[41.83,20.75],[41.82,20.75],[41.81,20.75],[41.81,20.74],[41.8,20.74],[41.79,20.74],[41.78,20.74],[41.78,20.73],[41.77,20.72],[41.77,20.71],[41.76,20.7],[41.75,20.7],[41.75,20.71],[41.74,20.71],[41.74,20.72],[41.73,20.72],[41.73,20.73],[41.73,20.74],[41.72,20.74],[41.71,20.73],[41.7,20.74],[41.7,20.75],[41.7,20.75]],[[42.23,20.62],[42.23,20.63],[42.24,20.64],[42.25,20.64],[42.25,20.63],[42.25,20.62],[42.23,20.62],[42.23,20.62]],[[42.26,20.41],[42.25,20.46],[42.26,20.48],[42.27,20.52],[42.32,20.52],[42.33,20.51],[42.32,20.5],[42.32,20.49],[42.32,20.48],[42.33,20.48],[42.33,20.47],[42.33,20.46],[42.33,20.45],[42.33,20.44],[42.33,20.43],[42.33,20.41],[42.31,20.38],[42.26,20.41]],[[42.4,20.44],[42.41,20.44],[42.42,20.44],[42.43,20.44],[42.43,20.43],[42.44,20.43],[42.44,20.42],[42.43,20.42],[42.41,20.42],[42.41,20.41],[42.39,20.41],[42.38,20.41],[42.38,20.42],[42.4,20.44]],[[42.53,21],[42.53,20.99],[42.53,20.98],[42.52,20.98],[42.51,20.97],[42.51,20.96],[42.5,20.95],[42.49,20.95],[42.48,20.96],[42.48,20.97],[42.49,20.98],[42.49,20.99],[42.5,21],[42.51,21],[42.52,21],[42.53,21],[42.53,21]],[[42.69,21.05],[42.65,21.05],[42.64,21.05],[42.64,21.06],[42.63,21.06],[42.62,21.06],[42.61,21.07],[42.6,21.08],[42.6,21.09],[42.6,21.1],[42.59,21.1],[42.59,21.11],[42.58,21.11],[42.58,21.12],[42.58,21.13],[42.59,21.13],[42.58,21.13],[42.58,21.14],[42.58,21.15],[42.58,21.16],[42.59,21.17],[42.59,21.18],[42.59,21.19],[42.6,21.2],[42.61,21.2],[42.62,21.19],[42.63,21.19],[42.65,21.19],[42.66,21.2],[42.67,21.21],[42.67,21.22],[42.66,21.23],[42.67,21.23],[42.68,21.23],[42.69,21.23],[42.7,21.23],[42.71,21.23],[42.7,21.23],[42.7,21.24],[42.69,21.25],[42.68,21.25],[42.67,21.25],[42.67,21.26],[42.66,21.26],[42.66,21.27],[42.67,21.27],[42.67,21.28],[42.66,21.29],[42.65,21.29],[42.65,21.3],[42.64,21.3],[42.63,21.3],[42.63,21.31],[42.64,21.31],[42.64,21.32],[42.65,21.32],[42.66,21.33],[42.66,21.34],[42.66,21.35],[42.67,21.35],[42.67,21.36],[42.68,21.36],[42.69,21.31],[42.69,21.28],[42.71,21.26],[42.72,21.22],[42.74,21.17],[42.74,21.14],[42.75,21.1],[42.74,21.09],[42.73,21.09],[42.72,21.09],[42.71,21.07],[42.7,21.07],[42.7,21.06],[42.69,21.06],[42.69,21.05]],[[42.54,21.15],[42.55,21.15],[42.55,21.14],[42.56,21.14],[42.55,21.13],[42.55,21.12],[42.54,21.12],[42.54,21.11],[42.53,21.1],[42.51,21.1],[42.51,21.11],[42.51,21.12],[42.51,21.13],[42.5,21.14],[42.5,21.16],[42.5,21.17],[42.51,21.17],[42.51,21.16],[42.52,21.16],[42.52,21.15],[42.53,21.15],[42.54,21.15],[42.54,21.15]],[[42.56,21.2],[42.56,21.19],[42.56,21.18],[42.55,21.18],[42.54,21.18],[42.53,21.19],[42.52,21.19],[42.51,21.19],[42.5,21.19],[42.5,21.2],[42.5,21.21],[42.5,21.23],[42.5,21.24],[42.51,21.24],[42.51,21.25],[42.51,21.26],[42.52,21.25],[42.53,21.25],[42.54,21.25],[42.55,21.25],[42.56,21.24],[42.57,21.23],[42.57,21.22],[42.57,21.21],[42.56,21.21],[42.56,21.2],[42.56,21.2]],[[42.55,21.66],[42.55,21.65],[42.55,21.64],[42.54,21.64],[42.53,21.64],[42.53,21.65],[42.53,21.66],[42.53,21.67],[42.54,21.67],[42.55,21.66]],[[42.51,21.67],[42.51,21.66],[42.5,21.66],[42.5,21.65],[42.49,21.65],[42.49,21.66],[42.48,21.66],[42.47,21.66],[42.46,21.67],[42.46,21.68],[42.46,21.69],[42.46,21.7],[42.46,21.71],[42.47,21.71],[42.48,21.72],[42.48,21.73],[42.48,21.74],[42.49,21.75],[42.5,21.75],[42.5,21.74],[42.51,21.73],[42.52,21.72],[42.52,21.71],[42.52,21.7],[42.53,21.7],[42.53,21.69],[42.52,21.68],[42.52,21.67],[42.51,21.67],[42.51,21.67]],[[42.33,21.74],[42.32,21.74],[42.31,21.74],[42.31,21.75],[42.3,21.75],[42.3,21.76],[42.29,21.76],[42.27,21.78],[42.27,21.79],[42.28,21.79],[42.29,21.79],[42.31,21.79],[42.32,21.79],[42.32,21.78],[42.33,21.77],[42.33,21.76],[42.34,21.76],[42.34,21.75],[42.33,21.74]],[[42.36,21.81],[42.36,21.8],[42.35,21.8],[42.34,21.8],[42.34,21.81],[42.34,21.82],[42.34,21.83],[42.35,21.83],[42.35,21.84],[42.36,21.84],[42.36,21.85],[42.37,21.85],[42.37,21.86],[42.38,21.87],[42.37,21.88],[42.37,21.89],[42.4,21.87],[42.41,21.81],[42.4,21.81],[42.39,21.81],[42.38,21.82],[42.37,21.82],[42.37,21.81],[42.36,21.81]],[[41.35,22.53],[41.35,22.54],[41.36,22.54],[41.36,22.55],[41.36,22.56],[41.37,22.56],[41.37,22.57],[41.38,22.57],[41.38,22.58],[41.39,22.57],[41.38,22.56],[41.39,22.55],[41.39,22.54],[41.4,22.54],[41.39,22.54],[41.39,22.53],[41.38,22.54],[41.38,22.55],[41.37,22.55],[41.37,22.53],[41.36,22.53],[41.36,22.52],[41.37,22.52],[41.38,22.52],[41.38,22.51],[41.39,22.51],[41.39,22.52],[41.39,22.51],[41.4,22.51],[41.39,22.51],[41.4,22.5],[41.4,22.49],[41.41,22.47],[41.4,22.47],[41.39,22.48],[41.38,22.47],[41.39,22.46],[41.39,22.45],[41.37,22.45],[41.36,22.46],[41.36,22.47],[41.35,22.46],[41.35,22.44],[41.34,22.44],[41.34,22.45],[41.34,22.46],[41.33,22.45],[41.33,22.46],[41.32,22.46],[41.31,22.46],[41.31,22.47],[41.31,22.48],[41.31,22.49],[41.32,22.5],[41.33,22.51],[41.34,22.52],[41.35,22.53]]]]},"bbox":[33.18,13.93,47.57,32.33]},{"type":"Feature","properties":{},"geometry":{"type":"MultiPolygon","coordinates":[[[[32.64,29.06],[32.34,29.57],[32.43,28.29],[36.79,20.86],[36.69,20.01],[37.13,19.81],[37.12,21.22],[37.26,21.07],[36.87,22],[35.65,23.09],[35.69,23.91],[32.65,29.06],[32.64,29.06]],[[36.35,21.78],[36.23,21.98],[36.36,21.75],[36.35,21.78]],[[36.49,21.79],[36.46,21.82],[36.45,21.89],[36.45,21.92],[36.46,21.95],[36.48,21.96],[36.52,21.94],[36.55,21.91],[36.56,21.87],[36.56,21.84],[36.55,21.81],[36.53,21.79],[36.49,21.79]],[[36.32,21.54],[36.31,21.57],[36.32,21.6],[36.35,21.63],[36.39,21.64],[36.44,21.64],[36.45,21.59],[36.44,21.57],[36.41,21.55],[36.38,21.53],[36.34,21.53],[36.32,21.54]]]]},"bbox":[32.34,19.81,37.26,29.57]},{"type":"Feature","properties":{},"geometry":{"type":"Polygon","coordinates":[[[66.57,30.98],[67.07,31.88],[66.03,31.64],[66.43,31.88],[64.91,31.94],[65.25,32.51],[65.82,32.74],[65.59,32.93],[63.87,32.32],[63.7,32.58],[62.15,32.56],[62.96,32.91],[61.95,33.08],[60.61,32.49],[60.06,31.6],[59.97,30.52],[60.15,29.76],[60.55,29.89],[60.78,29.31],[60.97,29.45],[61.38,27.98],[61.47,28.25],[62.48,27.2],[63.63,27.46],[64.02,27.18],[65.56,28.3],[65.19,28.36],[65.14,28.68],[63.87,28.47],[65.69,29.43],[66.57,30.98],[66.57,30.98]],[[66.14,31.28],[66.41,31.46],[66.17,31.28],[66.14,31.28]]]},"bbox":[59.97,27.18,67.07,33.08]},{"type":"Feature","properties":{},"geometry":{"type":"MultiPolygon","coordinates":[[[[-110.03,24.17],[-109.92,23.82],[-110.03,24.17],[-110.03,24.17]]],[[[-110.28,24.35],[-110.3,23.52],[-109.83,22.9],[-109.47,23.58],[-109.86,22.91],[-110.27,24.35],[-110.28,24.35]],[[-109.67,23.08],[-109.68,23.08],[-109.69,23.08],[-109.7,23.09],[-109.7,23.1],[-109.7,23.11],[-109.7,23.12],[-109.7,23.14],[-109.7,23.15],[-109.69,23.15],[-109.69,23.17],[-109.68,23.18],[-109.67,23.18],[-109.66,23.19],[-109.65,23.18],[-109.64,23.18],[-109.63,23.18],[-109.62,23.18],[-109.61,23.18],[-109.6,23.18],[-109.59,23.18],[-109.59,23.17],[-109.57,23.17],[-109.56,23.16],[-109.55,23.16],[-109.55,23.15],[-109.55,23.14],[-109.55,23.13],[-109.56,23.13],[-109.57,23.11],[-109.58,23.11],[-109.59,23.11],[-109.6,23.11],[-109.61,23.1],[-109.62,23.1],[-109.63,23.1],[-109.64,23.09],[-109.65,23.09],[-109.66,23.09],[-109.67,23.08],[-109.67,23.08]],[[-109.55,23.19],[-109.65,23.37],[-109.54,23.2],[-109.55,23.19]]]]},"bbox":[-110.3,22.9,-109.47,24.35]},{"type":"Feature","properties":{},"geometry":{"type":"MultiPolygon","coordinates":[[[[-80.99,-5.08],[-80.82,-5.67],[-81.09,-6.08],[-79.96,-6.78],[-78.76,-8.6],[-77.17,-12.08],[-76.19,-13.46],[-76.28,-14.21],[-75.91,-14.67],[-75.16,-15.39],[-71.5,-17.28],[-70.32,-18.41],[-69.63,-18.39],[-70.06,-17.27],[-70.61,-17.02],[-70.58,-16.02],[-71.11,-16.66],[-71.21,-16.13],[-72.22,-15.85],[-71.42,-15.52],[-72.38,-15.19],[-72.72,-15.7],[-72.98,-15.38],[-72.45,-14.89],[-73.1,-15.16],[-73.31,-14.87],[-73.11,-14.76],[-74.01,-14.86],[-73.93,-14.66],[-74.71,-14.24],[-75.65,-13.05],[-75.79,-12.15],[-76.31,-12.09],[-76.62,-11.65],[-76.74,-10.78],[-77.15,-10.91],[-77.12,-10.12],[-77.6,-9.93],[-77.96,-9.18],[-77.97,-8.96],[-77.52,-9.67],[-77.98,-8.52],[-77.81,-8.16],[-78.23,-8.21],[-78.5,-7.65],[-79.29,-7.35],[-79.44,-6.74],[-80.48,-6.04],[-80.97,-5.1],[-80.99,-5.08]],[[-78.74,-7.77],[-78.74,-7.76],[-78.73,-7.76],[-78.72,-7.75],[-78.71,-7.75],[-78.69,-7.75],[-78.68,-7.75],[-78.67,-7.76],[-78.66,-7.76],[-78.66,-7.77],[-78.66,-7.78],[-78.65,-7.78],[-78.64,-7.79],[-78.63,-7.79],[-78.63,-7.8],[-78.62,-7.8],[-78.61,-7.81],[-78.62,-7.82],[-78.61,-7.82],[-78.62,-7.83],[-78.63,-7.83],[-78.64,-7.83],[-78.65,-7.84],[-78.67,-7.84],[-78.69,-7.84],[-78.69,-7.83],[-78.68,-7.82],[-78.68,-7.81],[-78.68,-7.8],[-78.69,-7.8],[-78.7,-7.8],[-78.7,-7.79],[-78.7,-7.78],[-78.7,-7.77],[-78.71,-7.77],[-78.72,-7.78],[-78.73,-7.78],[-78.74,-7.78],[-78.74,-7.77]]]]},"bbox":[-81.09,-18.41,-69.63,-5.08]},{"type":"Feature","properties":{},"geometry":{"type":"MultiPolygon","coordinates":[[[[137.7,-22.61],[136.59,-21.54],[135.75,-22.22],[136.12,-22.71],[135.39,-23.95],[133.94,-23.75],[134.62,-24.99],[134.46,-25.51],[135.91,-26.06],[135.89,-26.76],[136.63,-27.11],[136.87,-27.66],[136.39,-28.42],[136.77,-28.42],[136.35,-28.84],[135.98,-28.76],[135.8,-28.13],[135.45,-29.08],[137.35,-29.43],[138.4,-29.14],[138.83,-28.58],[140,-29.61],[140.11,-30],[139.53,-30.8],[140.28,-31.32],[141,-31.33],[141.57,-30.52],[142.11,-30.3],[142.86,-30.49],[142.72,-29.98],[143.79,-28.77],[143.57,-28.31],[143.29,-28.59],[143.77,-28.04],[143.48,-27.36],[142.71,-26.18],[142.31,-26.18],[143.62,-25.1],[143.14,-24.06],[143.19,-22.56],[142.59,-22.56],[142.34,-23.11],[141.57,-23.1],[140.75,-23.95],[140.57,-24.65],[139.99,-24.58],[139.95,-23.4],[139.52,-23.04],[138.83,-23.18],[138.11,-22.48],[137.73,-22.61],[137.7,-22.61]],[[136.75,-28.64],[136.96,-28.99],[136.23,-28.91],[136.76,-28.64],[136.75,-28.64]]]]},"bbox":[133.94,-31.33,143.79,-21.54]},{"type":"Feature","properties":{},"geometry":{"type":"Polygon","coordinates":[[[-116.41,44.82],[-116.99,44.32],[-118.22,43.82],[-118.6,43.94],[-119.13,43.53],[-120.02,43.91],[-121.09,43.88],[-120.8,43.66],[-121.14,43.44],[-121.11,43.05],[-120.18,42.43],[-120.08,42.04],[-120.09,41.07],[-120.63,40.93],[-120.26,40.79],[-120.5,40.49],[-119.94,40.26],[-119.84,40.65],[-118.31,41.83],[-118.07,41.53],[-117.78,41.8],[-117.77,41.4],[-117.19,41.51],[-116.97,41.17],[-116.13,41.19],[-115.56,41.74],[-114.29,41.14],[-113,42.07],[-112,42.06],[-111.49,42.55],[-111.65,43.61],[-111.03,43.72],[-111.49,44.42],[-111.89,44.48],[-113.79,43.37],[-114.31,43.55],[-115.72,43.29],[-116.35,43.8],[-116.41,44.82],[-116.41,44.82]],[[-116.73,43.07],[-116.73,43.08],[-116.72,43.08],[-116.72,43.09],[-116.71,43.09],[-116.7,43.09],[-116.69,43.09],[-116.69,43.08],[-116.69,43.07],[-116.69,43.06],[-116.68,43.05],[-116.68,43.04],[-116.67,43.04],[-116.67,43.03],[-116.66,43.02],[-116.66,43.01],[-116.65,43],[-116.64,43],[-116.64,42.99],[-116.64,42.98],[-116.64,42.97],[-116.65,42.97],[-116.64,42.96],[-116.63,42.96],[-116.62,42.96],[-116.61,42.95],[-116.61,42.94],[-116.61,42.93],[-116.62,42.93],[-116.63,42.93],[-116.64,42.93],[-116.64,42.94],[-116.65,42.94],[-116.65,42.95],[-116.66,42.95],[-116.66,42.96],[-116.67,42.96],[-116.67,42.97],[-116.68,42.97],[-116.68,42.98],[-116.69,42.98],[-116.69,42.97],[-116.7,42.97],[-116.71,42.97],[-116.72,42.97],[-116.73,42.98],[-116.75,42.99],[-116.76,43],[-116.77,43.01],[-116.77,43.02],[-116.78,43.02],[-116.78,43.03],[-116.77,43.04],[-116.76,43.04],[-116.75,43.04],[-116.74,43.05],[-116.73,43.06],[-116.73,43.07]],[[-118.59,42.78],[-118.59,42.79],[-118.6,42.79],[-118.6,42.8],[-118.6,42.81],[-118.59,42.81],[-118.6,42.81],[-118.6,42.82],[-118.59,42.82],[-118.58,42.82],[-118.58,42.81],[-118.58,42.8],[-118.57,42.8],[-118.56,42.8],[-118.56,42.81],[-118.55,42.81],[-118.54,42.81],[-118.54,42.8],[-118.53,42.8],[-118.53,42.79],[-118.53,42.78],[-118.53,42.77],[-118.54,42.76],[-118.53,42.76],[-118.53,42.75],[-118.52,42.74],[-118.52,42.73],[-118.53,42.73],[-118.53,42.72],[-118.54,42.72],[-118.54,42.71],[-118.53,42.71],[-118.53,42.7],[-118.53,42.69],[-118.53,42.68],[-118.53,42.67],[-118.53,42.66],[-118.53,42.65],[-118.53,42.64],[-118.54,42.63],[-118.55,42.62],[-118.56,42.61],[-118.57,42.6],[-118.57,42.59],[-118.58,42.59],[-118.58,42.58],[-118.59,42.58],[-118.59,42.59],[-118.6,42.59],[-118.61,42.59],[-118.62,42.6],[-118.63,42.6],[-118.64,42.6],[-118.65,42.61],[-118.65,42.62],[-118.66,42.63],[-118.66,42.64],[-118.66,42.65],[-118.67,42.65],[-118.66,42.65],[-118.67,42.66],[-118.68,42.66],[-118.68,42.67],[-118.69,42.67],[-118.7,42.67],[-118.71,42.67],[-118.71,42.68],[-118.71,42.69],[-118.73,42.7],[-118.73,42.71],[-118.74,42.72],[-118.73,42.73],[-118.72,42.74],[-118.71,42.75],[-118.69,42.76],[-118.68,42.77],[-118.68,42.78],[-118.67,42.78],[-118.66,42.78],[-118.65,42.77],[-118.64,42.77],[-118.63,42.77],[-118.62,42.76],[-118.62,42.75],[-118.62,42.74],[-118.61,42.74],[-118.6,42.74],[-118.59,42.75],[-118.59,42.76],[-118.59,42.77],[-118.59,42.78]],[[-115.43,41.82],[-115.23,41.85],[-115.43,41.82],[-115.43,41.82]],[[-116.05,41.75],[-116.04,41.75],[-116.04,41.74],[-116.03,41.74],[-116.03,41.73],[-116.04,41.73],[-116.04,41.72],[-116.05,41.72],[-116.06,41.72],[-116.06,41.73],[-116.07,41.73],[-116.08,41.73],[-116.08,41.72],[-116.09,41.72],[-116.1,41.72],[-116.1,41.73],[-116.09,41.74],[-116.08,41.75],[-116.08,41.76],[-116.07,41.76],[-116.06,41.76],[-116.06,41.75],[-116.05,41.75],[-116.05,41.75]],[[-115.52,41.75],[-115.53,41.76],[-115.53,41.77],[-115.53,41.78],[-115.54,41.78],[-115.53,41.78],[-115.53,41.79],[-115.53,41.8],[-115.52,41.8],[-115.52,41.81],[-115.51,41.82],[-115.5,41.82],[-115.5,41.81],[-115.5,41.8],[-115.49,41.8],[-115.49,41.79],[-115.5,41.79],[-115.5,41.78],[-115.51,41.78],[-115.51,41.77],[-115.51,41.76],[-115.51,41.75],[-115.52,41.75],[-115.52,41.75]],[[-116.13,41.71],[-116.12,41.71],[-116.12,41.7],[-116.12,41.69],[-116.11,41.69],[-116.11,41.68],[-116.12,41.68],[-116.12,41.67],[-116.13,41.67],[-116.14,41.66],[-116.15,41.66],[-116.16,41.67],[-116.16,41.68],[-116.15,41.68],[-116.15,41.69],[-116.14,41.69],[-116.14,41.7],[-116.13,41.7],[-116.14,41.7],[-116.14,41.71],[-116.13,41.71],[-116.13,41.71]],[[-115.98,41.55],[-115.97,41.55],[-115.96,41.55],[-115.95,41.55],[-115.95,41.54],[-115.94,41.53],[-115.94,41.52],[-115.94,41.51],[-115.95,41.51],[-115.96,41.51],[-115.96,41.5],[-115.97,41.5],[-115.98,41.49],[-115.99,41.49],[-115.99,41.48],[-115.99,41.47],[-115.98,41.47],[-115.98,41.46],[-115.97,41.45],[-115.98,41.45],[-115.98,41.44],[-115.99,41.44],[-115.99,41.45],[-116,41.45],[-116,41.46],[-116.01,41.46],[-116.01,41.47],[-116.02,41.47],[-116.02,41.48],[-116.02,41.49],[-116.02,41.5],[-116.02,41.51],[-116.01,41.51],[-116.01,41.52],[-116,41.52],[-116,41.53],[-115.99,41.53],[-115.99,41.54],[-115.98,41.54],[-115.98,41.55]]]},"bbox":[-121.14,40.26,-111.03,44.82]},{"type":"Feature","properties":{},"geometry":{"type":"MultiPolygon","coordinates":[[[[53.56,12.7],[53.71,12.3],[54.5,12.53],[53.57,12.7],[53.56,12.7]],[[53.4,12.58],[53.4,12.58],[53.4,12.58],[53.4,12.58],[53.4,12.58],[53.4,12.58],[53.4,12.58],[53.4,12.58],[53.4,12.58]],[[53.38,12.49],[53.38,12.49],[53.38,12.49],[53.38,12.49],[53.38,12.49],[53.38,12.49],[53.38,12.49],[53.38,12.49],[53.38,12.49],[53.38,12.49],[53.38,12.49],[53.38,12.49],[53.38,12.49],[53.38,12.49]],[[53.38,12.49],[53.38,12.49],[53.38,12.49],[53.38,12.49],[53.38,12.49],[53.38,12.49],[53.38,12.49],[53.38,12.49],[53.38,12.49]],[[53.38,12.48],[53.38,12.48],[53.38,12.48],[53.38,12.48]],[[53.4,12.47],[53.4,12.47],[53.4,12.47],[53.4,12.47],[53.4,12.47],[53.4,12.47],[53.4,12.47],[53.4,12.47],[53.4,12.47],[53.4,12.47],[53.4,12.47],[53.4,12.47],[53.4,12.47],[53.4,12.47],[53.4,12.47],[53.4,12.47],[53.4,12.47],[53.4,12.47],[53.4,12.47],[53.4,12.47],[53.4,12.47]],[[53.41,12.47],[53.41,12.47],[53.41,12.47],[53.41,12.47],[53.41,12.47],[53.41,12.47],[53.41,12.47]],[[53.42,12.46],[53.42,12.46],[53.42,12.46],[53.42,12.46],[53.42,12.46],[53.42,12.46],[53.42,12.46],[53.42,12.46],[53.42,12.46],[53.42,12.46],[53.42,12.46],[53.42,12.46],[53.42,12.46],[53.42,12.46],[53.42,12.46]],[[53.42,12.46],[53.42,12.46],[53.42,12.46],[53.42,12.46],[53.42,12.46],[53.42,12.46],[53.42,12.46],[53.42,12.46],[53.42,12.46],[53.42,12.46],[53.42,12.46],[53.42,12.46],[53.42,12.46],[53.42,12.46],[53.42,12.46],[53.42,12.46],[53.42,12.46],[53.42,12.46],[53.42,12.46],[53.42,12.46],[53.42,12.46]],[[53.43,12.46],[53.43,12.46],[53.43,12.46],[53.43,12.46],[53.43,12.46],[53.43,12.46],[53.43,12.46],[53.43,12.46],[53.43,12.46],[53.43,12.46],[53.43,12.46],[53.43,12.46],[53.43,12.46],[53.43,12.46],[53.43,12.46],[53.43,12.46],[53.43,12.46],[53.43,12.46],[53.43,12.46],[53.43,12.46],[53.43,12.46],[53.43,12.46],[53.43,12.46],[53.43,12.46],[53.43,12.46],[53.43,12.46],[53.43,12.46],[53.43,12.46],[53.43,12.46],[53.43,12.46],[53.43,12.46]]]]},"bbox":[53.38,12.3,54.5,12.7]},{"type":"Feature","properties":{},"geometry":{"type":"MultiPolygon","coordinates":[[[[-112.28,29.23],[-112.39,28.78],[-112.29,29.22],[-112.28,29.23]]],[[[-113.62,35.12],[-113.64,34.62],[-114.5,34.71],[-114.78,34.19],[-115.35,34.24],[-115.61,33.71],[-116.74,33.94],[-116.53,33.06],[-114.56,29.97],[-114.82,31.78],[-113.17,31.21],[-112.06,28.91],[-111.2,28.03],[-110.07,27.59],[-110.04,28.49],[-110.44,28.49],[-110.62,28.84],[-110.22,29.24],[-110.63,29.91],[-110.54,30.49],[-110.75,30.31],[-110.86,30.89],[-111.4,31.21],[-111.72,31.94],[-111.08,31.98],[-111.08,31.77],[-110.59,32.14],[-111.05,32.48],[-111.01,32.88],[-110.31,32.23],[-110.61,33.14],[-109.57,32.87],[-110.6,33.5],[-111.06,33.19],[-111.38,33.4],[-110.67,33.75],[-111.43,33.69],[-111.69,34.24],[-111.85,33.87],[-113.03,34.29],[-113.61,35.12],[-113.62,35.12]],[[-110.77,30.08],[-110.58,29.72],[-110.77,30.08],[-110.77,30.08]],[[-110.58,29.57],[-110.5,29.18],[-110.59,29.56],[-110.58,29.57]],[[-110.73,29.07],[-110.74,29.08],[-110.74,29.09],[-110.75,29.1],[-110.76,29.11],[-110.77,29.12],[-110.76,29.12],[-110.75,29.12],[-110.74,29.12],[-110.73,29.12],[-110.73,29.11],[-110.73,29.1],[-110.72,29.09],[-110.72,29.08],[-110.72,29.07],[-110.73,29.07]],[[-110.76,28.88],[-110.77,28.88],[-110.78,28.88],[-110.79,28.89],[-110.8,28.9],[-110.8,28.91],[-110.79,28.91],[-110.79,28.92],[-110.79,28.93],[-110.8,28.93],[-110.8,28.94],[-110.81,28.95],[-110.81,28.96],[-110.8,28.97],[-110.8,28.98],[-110.8,28.99],[-110.79,28.99],[-110.78,28.99],[-110.77,28.99],[-110.76,28.98],[-110.75,28.97],[-110.75,28.96],[-110.75,28.95],[-110.74,28.95],[-110.75,28.94],[-110.74,28.93],[-110.73,28.92],[-110.72,28.92],[-110.71,28.91],[-110.71,28.9],[-110.71,28.89],[-110.71,28.88],[-110.72,28.88],[-110.72,28.89],[-110.73,28.89],[-110.74,28.9],[-110.74,28.89],[-110.75,28.89],[-110.75,28.88],[-110.76,28.88],[-110.76,28.88]],[[-110.78,28.83],[-110.78,28.84],[-110.77,28.85],[-110.77,28.86],[-110.76,28.87],[-110.75,28.87],[-110.74,28.87],[-110.74,28.86],[-110.74,28.85],[-110.74,28.84],[-110.75,28.84],[-110.75,28.83],[-110.74,28.83],[-110.74,28.82],[-110.74,28.81],[-110.74,28.8],[-110.75,28.8],[-110.76,28.8],[-110.76,28.79],[-110.77,28.79],[-110.78,28.79],[-110.78,28.8],[-110.79,28.81],[-110.8,28.81],[-110.81,28.81],[-110.81,28.82],[-110.8,28.82],[-110.79,28.82],[-110.78,28.83]],[[-110.4,28.38],[-110.32,27.99],[-110.4,28.37],[-110.4,28.38]]]]},"bbox":[-116.74,27.59,-109.57,35.12]},{"type":"Feature","properties":{},"geometry":{"type":"MultiPolygon","coordinates":[[[[62.72,26.32],[62.53,26.25],[63.41,26.25],[62.73,26.31],[62.72,26.32]]],[[[64.93,26.31],[64.38,26.18],[64.89,26.29],[64.93,26.31]]],[[[64.34,26.64],[63.48,26.32],[64.1,26.18],[64.65,26.51],[64.37,26.63],[64.34,26.64]]],[[[56.23,26.99],[55.29,26.65],[56.24,26.99],[56.23,26.99]]],[[[47.83,32.27],[45.71,33.37],[45.95,32.91],[47.53,32.2],[48.14,31.46],[48.44,30.77],[47.77,30.53],[47.77,30.21],[48.54,29.92],[49.22,30.49],[49.15,30.23],[49.52,30.04],[50.1,30.15],[51.38,28.01],[53.67,26.74],[54.84,26.51],[56.22,27.17],[56.82,27.11],[57.3,25.8],[61.82,25.04],[63.61,25.36],[64.64,25.15],[65.55,25.53],[65.26,26],[63.59,25.62],[63.63,25.85],[62.34,26.35],[63.87,26.72],[65.12,27.51],[62.79,26.92],[62.36,27.12],[60.02,28.72],[59.97,28.96],[60.36,28.78],[59.77,29.67],[60.04,30.21],[59.58,29.99],[59.19,29.13],[58.76,29.83],[59.03,29.87],[58.9,30.3],[57.63,30.31],[58.27,29.18],[57.7,29.4],[57.76,29.19],[58.58,28.43],[57.05,29.14],[56.9,28.83],[57.51,28.56],[56.62,27.98],[56.33,27.96],[56.64,28.29],[56.1,28.47],[56.17,28.23],[55.46,28.13],[54.46,28.47],[54,28.25],[53.56,28.61],[52.77,28.39],[51.57,28.91],[50.85,30.06],[49.6,30.89],[48.64,30.53],[49.05,31.53],[47.96,32.21],[47.83,32.27]],[[55.96,27.88],[56.52,27.81],[55.8,27.66],[56.06,27.79],[55.96,27.88]],[[60.9,27.6],[61.58,27.23],[61.15,27.2],[60.94,27.55],[60.9,27.6]],[[57.79,26.62],[58.3,26.93],[58.88,26.59],[57.89,26.54],[57.79,26.62]],[[60.96,26.81],[61.62,26.76],[61.05,26.75],[60.96,26.81]],[[60.01,26.52],[60.32,26.56],[59.94,26.49],[60.01,26.52]]]]},"bbox":[45.71,25.04,65.55,33.37]},{"type":"Feature","properties":{},"geometry":{"type":"MultiPolygon","coordinates":[[[[3.48,27.02],[2.89,27.22],[-0.13,26.88],[-3.18,25.41],[-6.45,25.54],[-7.61,25.92],[-12.4,25.73],[-13.7,25],[-15.42,21.69],[-15.87,21.16],[-16.3,21.12],[-15.86,19.36],[-14.54,19.15],[-13.49,20.88],[-12,21.29],[-11.99,20.88],[-11.13,20.18],[-9.51,19.79],[-5.84,18.14],[-3.79,17.82],[-1.28,18.6],[0.61,20.43],[3.48,20.53],[7.35,18.68],[8.64,18.44],[8.24,18.62],[8.55,18.8],[8.41,19.22],[8.8,19.37],[9.67,18.67],[9.62,18.29],[9.07,18.21],[9.78,17.27],[11.14,16.73],[13.36,16.63],[18.45,18.33],[18.88,18.26],[19.92,17.02],[22.64,17.39],[22.97,17.8],[23.24,17.5],[23.73,17.86],[23.86,17.54],[24.76,17.5],[25.57,17.92],[32.17,17.8],[33.41,18.49],[32.49,19.84],[32.81,20.36],[33.58,20.51],[34.93,18.62],[36.35,19.11],[37.39,19.02],[37.13,19.81],[36.72,19.94],[36.79,20.86],[34.97,23.95],[33.29,25.94],[32.84,23.54],[32.74,24.65],[32.16,23.64],[30.64,23.06],[30.64,21.37],[18.95,21],[19.18,20.42],[18.92,19.58],[18.55,19.38],[16.44,20.5],[15.69,22.11],[16.52,21.74],[16.53,21.98],[15.68,22.98],[13.92,22.7],[11.3,21.43],[9.07,22.41],[8.52,23.02],[8.61,22.79],[8.25,22.79],[7.93,22.22],[7.97,22.69],[7.77,22.58],[7.37,23.24],[7.34,22.82],[7.01,23.03],[6.43,22.29],[4.84,22.38],[4.6,22.75],[4.93,23.16],[4.73,23.82],[4.22,24.44],[3.56,24.34],[3.82,24.72],[3.44,25.59],[3.49,27.01],[3.48,27.02]],[[1.31,26.26],[1.05,26.29],[1.45,26.44],[1.53,25.98],[1.41,26.22],[1.31,26.26]],[[0.87,26.2],[1,25.65],[0.55,26.09],[0.82,26.25],[0.87,26.2]],[[-9.8,24.97],[-9.95,25.11],[-9.77,24.97],[-9.8,24.97]],[[-11.78,24.42],[-11.37,24.33],[-11.8,24.39],[-11.78,24.42]],[[-11.91,24.27],[-11.32,23.95],[-11.97,24.28],[-11.91,24.27]],[[-12.7,24.28],[-12.7,24.24],[-12.7,24.23],[-12.7,24.22],[-12.71,24.22],[-12.72,24.19],[-12.73,24.19],[-12.74,24.17],[-12.75,24.16],[-12.76,24.15],[-12.77,24.15],[-12.77,24.16],[-12.77,24.17],[-12.78,24.18],[-12.78,24.19],[-12.8,24.19],[-12.8,24.2],[-12.8,24.21],[-12.8,24.23],[-12.8,24.24],[-12.8,24.25],[-12.81,24.26],[-12.82,24.27],[-12.84,24.28],[-12.85,24.28],[-12.85,24.29],[-12.86,24.3],[-12.86,24.31],[-12.86,24.33],[-12.87,24.34],[-12.87,24.35],[-12.88,24.36],[-12.88,24.37],[-12.88,24.38],[-12.88,24.39],[-12.87,24.4],[-12.87,24.41],[-12.85,24.41],[-12.84,24.41],[-12.83,24.4],[-12.8,24.38],[-12.79,24.37],[-12.78,24.36],[-12.78,24.35],[-12.77,24.35],[-12.76,24.34],[-12.74,24.32],[-12.73,24.32],[-12.71,24.3],[-12.71,24.29],[-12.7,24.29],[-12.7,24.28]],[[-12.93,22.6],[-12.83,23.02],[-12.87,22.6],[-12.93,22.6]]]]},"bbox":[-16.3,16.63,37.39,27.22]},{"type":"Feature","properties":{},"geometry":{"type":"MultiPolygon","coordinates":[[[[41.99,20.14],[40.57,21.35],[40.58,21.75],[39.81,21.75],[39.61,20.97],[40.06,20.36],[40.73,20.22],[41.53,18.89],[41.67,17.97],[42.54,17.51],[43.1,16.72],[43.15,15.51],[43.65,14.91],[43.45,14.93],[43.65,12.95],[44.17,12.67],[44.67,13.22],[47.65,13.97],[46.43,14.08],[44.87,13.7],[44.55,13.93],[44.38,13.66],[43.84,13.89],[44.15,14.15],[43.78,14.38],[44.02,14.89],[43.59,15.38],[43.75,16.57],[43.35,16.62],[42.92,17.76],[42.02,18.3],[41.82,19.6],[40.1,20.96],[40.16,21.54],[41.77,19.82],[42.43,18.3],[43.38,18.06],[42.84,18.64],[42.56,19.96],[41.99,20.14],[41.99,20.14]],[[42.17,18.98],[42.16,18.98],[42.16,18.99],[42.17,18.99],[42.18,18.99],[42.18,18.98],[42.18,18.99],[42.19,18.99],[42.2,18.99],[42.2,18.98],[42.2,18.97],[42.2,18.96],[42.19,18.96],[42.19,18.95],[42.19,18.96],[42.18,18.96],[42.17,18.96],[42.17,18.97],[42.17,18.98],[42.17,18.98]],[[41.15,20.41],[41.14,20.41],[41.13,20.41],[41.13,20.42],[41.14,20.42],[41.14,20.41],[41.15,20.41],[41.15,20.41]],[[41.14,20.42],[41.15,20.42],[41.14,20.42],[41.14,20.42]],[[40.83,20.75],[40.83,20.75],[40.83,20.76],[40.83,20.76],[40.83,20.75]],[[40.83,20.77],[40.82,20.77],[40.82,20.78],[40.83,20.78],[40.83,20.77]],[[40.13,21.46],[40.14,21.46],[40.14,21.45],[40.13,21.45],[40.13,21.46],[40.13,21.46]],[[40.11,21.45],[40.12,21.45],[40.13,21.45],[40.14,21.45],[40.14,21.44],[40.14,21.43],[40.14,21.42],[40.13,21.42],[40.13,21.41],[40.13,21.4],[40.12,21.4],[40.11,21.4],[40.1,21.4],[40.1,21.39],[40.1,21.4],[40.09,21.4],[40.09,21.39],[40.08,21.39],[40.08,21.4],[40.09,21.4],[40.09,21.41],[40.1,21.41],[40.09,21.41],[40.09,21.42],[40.08,21.42],[40.07,21.42],[40.07,21.43],[40.08,21.43],[40.08,21.44],[40.07,21.44],[40.08,21.44],[40.09,21.44],[40.1,21.44],[40.11,21.44],[40.1,21.44],[40.1,21.45],[40.09,21.45],[40.09,21.46],[40.1,21.46],[40.1,21.45],[40.1,21.46],[40.11,21.46],[40.11,21.45],[40.11,21.45]],[[41.44,18.48],[41.44,18.48],[41.44,18.48],[41.44,18.48],[41.44,18.48],[41.44,18.48],[41.44,18.48],[41.44,18.48],[41.44,18.48],[41.44,18.48],[41.44,18.48],[41.44,18.48],[41.44,18.48],[41.44,18.48],[41.44,18.48],[41.44,18.48],[41.44,18.48],[41.44,18.48],[41.44,18.48],[41.44,18.48],[41.44,18.48],[41.44,18.48],[41.44,18.48],[41.44,18.48],[41.44,18.48],[41.44,18.48],[41.44,18.48]],[[41.44,18.46],[41.44,18.46],[41.44,18.46],[41.44,18.46],[41.44,18.46],[41.44,18.46],[41.44,18.46]],[[41.44,18.45],[41.44,18.45],[41.44,18.45],[41.44,18.45],[41.44,18.45],[41.44,18.45],[41.44,18.45],[41.44,18.45],[41.44,18.45],[41.44,18.45],[41.44,18.45],[41.44,18.45],[41.44,18.45],[41.44,18.45],[41.44,18.45],[41.44,18.45],[41.44,18.45],[41.44,18.45],[41.44,18.45],[41.44,18.45],[41.44,18.45],[41.44,18.45],[41.44,18.45],[41.44,18.45],[41.44,18.45],[41.44,18.45],[41.44,18.45]],[[41.45,18.45],[41.45,18.45],[41.45,18.45],[41.45,18.45],[41.45,18.45]],[[41.45,18.45],[41.45,18.44],[41.45,18.45],[41.45,18.45]],[[41.45,18.45],[41.45,18.45],[41.45,18.45],[41.45,18.45],[41.45,18.45],[41.45,18.45],[41.45,18.45],[41.45,18.45],[41.45,18.45]],[[41.45,18.45],[41.45,18.44],[41.45,18.45],[41.45,18.45]],[[41.45,18.43],[41.44,18.43],[41.45,18.43],[41.45,18.43]],[[41.45,18.43],[41.45,18.43],[41.45,18.43],[41.45,18.43],[41.45,18.43],[41.45,18.43],[41.45,18.43],[41.45,18.43],[41.45,18.43]],[[41.45,18.43],[41.45,18.43],[41.45,18.43],[41.45,18.43],[41.45,18.43],[41.45,18.43],[41.45,18.43],[41.45,18.43],[41.45,18.43],[41.45,18.43],[41.45,18.43],[41.45,18.43]],[[41.47,18.33],[41.47,18.33],[41.47,18.33],[41.47,18.33],[41.47,18.33],[41.47,18.33],[41.47,18.33],[41.47,18.33],[41.47,18.33],[41.47,18.33],[41.47,18.33],[41.47,18.33],[41.47,18.33],[41.47,18.33],[41.47,18.33],[41.47,18.33]],[[41.47,18.33],[41.47,18.33],[41.47,18.33],[41.47,18.33],[41.47,18.33],[41.47,18.33],[41.47,18.33],[41.47,18.33],[41.47,18.33],[41.47,18.32],[41.47,18.32],[41.47,18.32],[41.47,18.32],[41.47,18.32],[41.47,18.32],[41.47,18.32],[41.47,18.32],[41.47,18.32],[41.47,18.32],[41.47,18.32],[41.47,18.32],[41.47,18.32],[41.47,18.32],[41.47,18.32],[41.47,18.33]],[[41.47,18.32],[41.47,18.32],[41.47,18.32],[41.47,18.32],[41.47,18.32],[41.47,18.32],[41.47,18.32]],[[41.47,18.32],[41.47,18.32],[41.47,18.32],[41.47,18.32],[41.47,18.32],[41.47,18.32],[41.47,18.32],[41.47,18.32],[41.47,18.32],[41.47,18.32],[41.47,18.32],[41.47,18.32],[41.47,18.32],[41.47,18.32],[41.47,18.32],[41.47,18.32],[41.47,18.32]],[[41.47,18.32],[41.48,18.32],[41.47,18.32],[41.47,18.32]],[[41.48,18.32],[41.48,18.32],[41.48,18.32],[41.48,18.32],[41.48,18.32],[41.48,18.32],[41.48,18.32],[41.48,18.32],[41.48,18.32],[41.48,18.32],[41.48,18.32],[41.48,18.32],[41.48,18.32],[41.48,18.32],[41.48,18.32],[41.48,18.32],[41.48,18.32]],[[41.48,18.31],[41.47,18.31],[41.48,18.31],[41.48,18.31]],[[41.5,18.29],[41.5,18.28],[41.5,18.29],[41.51,18.28],[41.5,18.28],[41.51,18.28],[41.5,18.28],[41.5,18.29]],[[41.52,18.28],[41.52,18.28],[41.52,18.28],[41.52,18.28],[41.52,18.28],[41.52,18.28],[41.52,18.28],[41.52,18.28],[41.52,18.28]],[[41.52,18.28],[41.51,18.28],[41.52,18.28],[41.52,18.28]],[[41.51,18.28],[41.51,18.28],[41.51,18.28],[41.51,18.28],[41.51,18.28],[41.51,18.28],[41.51,18.28],[41.51,18.28],[41.51,18.28],[41.51,18.28],[41.51,18.28],[41.51,18.28],[41.51,18.28],[41.51,18.28],[41.51,18.28],[41.51,18.28],[41.51,18.28],[41.51,18.28],[41.51,18.28],[41.51,18.28],[41.51,18.28]],[[41.51,18.28],[41.51,18.28],[41.51,18.28],[41.51,18.28],[41.51,18.28],[41.51,18.28],[41.51,18.28],[41.51,18.28],[41.51,18.28],[41.51,18.28]],[[41.51,18.27],[41.51,18.27],[41.51,18.27],[41.51,18.27],[41.51,18.27],[41.51,18.27],[41.51,18.27],[41.51,18.27],[41.51,18.27],[41.51,18.27],[41.51,18.27],[41.51,18.27],[41.51,18.27]],[[41.51,18.27],[41.51,18.27],[41.51,18.26],[41.51,18.26],[41.51,18.27]],[[41.51,18.26],[41.51,18.26],[41.51,18.26],[41.51,18.26],[41.51,18.26]],[[41.51,18.25],[41.52,18.25],[41.51,18.25],[41.52,18.25],[41.51,18.25],[41.51,18.25]],[[41.52,18.25],[41.52,18.25],[41.52,18.25],[41.52,18.25],[41.52,18.25],[41.52,18.25],[41.52,18.25],[41.52,18.25],[41.52,18.25],[41.52,18.25],[41.52,18.25],[41.52,18.25],[41.52,18.25],[41.52,18.25],[41.52,18.25],[41.52,18.25],[41.52,18.25],[41.52,18.25],[41.52,18.25],[41.52,18.25],[41.52,18.25],[41.52,18.25]],[[41.51,18.25],[41.51,18.25],[41.51,18.25],[41.51,18.25],[41.51,18.25],[41.51,18.25],[41.51,18.25],[41.51,18.25],[41.51,18.25],[41.51,18.25],[41.51,18.25],[41.51,18.25],[41.51,18.25],[41.51,18.25],[41.51,18.25],[41.51,18.25],[41.51,18.25],[41.51,18.25],[41.51,18.25],[41.51,18.25],[41.51,18.25],[41.51,18.25],[41.51,18.25],[41.51,18.25]],[[41.52,18.24],[41.52,18.24],[41.52,18.24],[41.52,18.24],[41.52,18.24],[41.52,18.24],[41.52,18.24],[41.52,18.24],[41.52,18.24],[41.52,18.24],[41.52,18.24]],[[41.57,18.16],[41.57,18.16],[41.57,18.16],[41.57,18.16],[41.57,18.16],[41.57,18.16],[41.57,18.16],[41.57,18.16],[41.57,18.16],[41.57,18.16],[41.57,18.16]],[[41.64,18.05],[41.64,18.05],[41.64,18.05],[41.64,18.05],[41.64,18.05],[41.64,18.05],[41.64,18.05],[41.64,18.05],[41.64,18.05],[41.64,18.05],[41.64,18.05],[41.64,18.05],[41.64,18.05],[41.64,18.05],[41.64,18.05],[41.64,18.05],[41.64,18.05],[41.64,18.05],[41.64,18.05],[41.64,18.05],[41.64,18.05],[41.64,18.05],[41.64,18.05],[41.64,18.05],[41.64,18.05],[41.64,18.05],[41.64,18.05],[41.64,18.05],[41.64,18.05],[41.64,18.05],[41.64,18.05],[41.64,18.05],[41.64,18.05],[41.64,18.05],[41.64,18.05],[41.64,18.05],[41.64,18.05],[41.64,18.05],[41.64,18.05],[41.64,18.05],[41.64,18.05],[41.64,18.05],[41.64,18.05],[41.64,18.05],[41.64,18.05],[41.64,18.05],[41.64,18.05],[41.64,18.05],[41.64,18.05],[41.64,18.05],[41.64,18.05],[41.64,18.05],[41.64,18.05],[41.64,18.05],[41.64,18.05],[41.64,18.05],[41.64,18.05],[41.64,18.05],[41.64,18.05],[41.64,18.05],[41.64,18.05],[41.64,18.05],[41.64,18.05],[41.64,18.05],[41.64,18.05],[41.64,18.05],[41.64,18.05],[41.64,18.05],[41.64,18.05],[41.64,18.05],[41.64,18.05],[41.64,18.05],[41.64,18.05],[41.64,18.05],[41.64,18.05],[41.64,18.05],[41.64,18.05],[41.64,18.05],[41.64,18.05],[41.64,18.05],[41.64,18.05],[41.64,18.05],[41.64,18.05],[41.64,18.05],[41.64,18.05],[41.64,18.05],[41.64,18.05],[41.64,18.05],[41.64,18.05],[41.64,18.05],[41.64,18.05],[41.64,18.05],[41.64,18.05],[41.64,18.05],[41.64,18.05],[41.64,18.05],[41.64,18.05],[41.64,18.05],[41.64,18.05],[41.64,18.05],[41.64,18.05],[41.64,18.05],[41.64,18.05],[41.64,18.05],[41.64,18.05],[41.64,18.05],[41.64,18.05],[41.64,18.05],[41.64,18.05],[41.64,18.05],[41.64,18.05],[41.64,18.05]],[[41.64,18.05],[41.64,18.05],[41.64,18.05],[41.64,18.05],[41.64,18.05],[41.64,18.05],[41.64,18.05],[41.64,18.05],[41.64,18.05],[41.64,18.05],[41.64,18.05],[41.64,18.05],[41.64,18.05],[41.64,18.05],[41.64,18.05],[41.64,18.05],[41.64,18.05]],[[41.64,18.05],[41.64,18.05],[41.64,18.04],[41.64,18.04],[41.64,18.05]],[[41.64,18.04],[41.64,18.04],[41.64,18.04],[41.64,18.04],[41.64,18.04],[41.64,18.04],[41.64,18.04],[41.64,18.04],[41.64,18.04],[41.64,18.04],[41.64,18.04],[41.64,18.04],[41.64,18.04],[41.64,18.04],[41.64,18.04],[41.64,18.04],[41.64,18.04],[41.64,18.04],[41.64,18.04],[41.64,18.04],[41.64,18.04],[41.64,18.04]],[[41.64,18.04],[41.65,18.04],[41.64,18.04],[41.64,18.04]],[[41.64,18.03],[41.64,18.03],[41.64,18.03],[41.64,18.03],[41.64,18.03],[41.64,18.03],[41.64,18.03],[41.64,18.03],[41.64,18.03],[41.64,18.03],[41.64,18.03],[41.64,18.03],[41.64,18.03]],[[41.65,18.02],[41.65,18.02],[41.65,18.02],[41.65,18.02],[41.65,18.02],[41.65,18.02],[41.65,18.02],[41.65,18.02],[41.65,18.02],[41.65,18.02],[41.65,18.02],[41.65,18.02],[41.65,18.02],[41.65,18.02],[41.65,18.02],[41.65,18.02],[41.65,18.02],[41.65,18.02],[41.65,18.02],[41.65,18.02],[41.65,18.02],[41.65,18.02],[41.65,18.02],[41.65,18.02],[41.65,18.02],[41.65,18.02],[41.65,18.02],[41.65,18.02],[41.65,18.02],[41.65,18.02],[41.65,18.02],[41.65,18.02],[41.65,18.02],[41.65,18.02],[41.65,18.02],[41.65,18.02],[41.65,18.02],[41.65,18.02],[41.65,18.02],[41.65,18.02],[41.65,18.02],[41.65,18.02],[41.65,18.02]],[[41.67,18.02],[41.67,18.02],[41.67,18.02],[41.67,18.02],[41.67,18.02],[41.67,18.02],[41.67,18.02]],[[41.66,18.01],[41.67,18.01],[41.67,18.02],[41.67,18.01],[41.66,18.01],[41.66,18.01]],[[41.67,18.01],[41.67,18.01],[41.67,18.01],[41.67,18.01],[41.67,18.01],[41.67,18.01],[41.67,18.01],[41.67,18.01],[41.67,18.01],[41.67,18.01],[41.67,18.01]],[[41.67,18],[41.67,18],[41.67,18],[41.67,18],[41.67,18],[41.67,18],[41.67,18]],[[41.67,18],[41.67,18],[41.67,18],[41.67,18],[41.67,18],[41.67,18],[41.67,18],[41.67,18],[41.67,18],[41.67,18],[41.67,18]],[[41.67,18],[41.67,18],[41.67,18],[41.67,18],[41.67,18],[41.67,18],[41.67,18],[41.67,18],[41.67,18],[41.67,18],[41.67,17.99],[41.67,17.99],[41.67,17.99],[41.67,17.99],[41.67,17.99],[41.67,17.99],[41.67,17.99],[41.67,17.99],[41.67,18]],[[41.68,17.96],[41.68,17.96],[41.68,17.96],[41.68,17.96],[41.68,17.96],[41.68,17.96],[41.68,17.96],[41.68,17.96],[41.68,17.96],[41.68,17.96],[41.68,17.96],[41.68,17.96],[41.68,17.96],[41.68,17.96],[41.68,17.96]],[[41.67,17.96],[41.68,17.96],[41.67,17.96],[41.68,17.96],[41.67,17.96],[41.67,17.96]],[[43.67,16.47],[43.68,16.47],[43.69,16.47],[43.69,16.46],[43.69,16.45],[43.7,16.45],[43.7,16.44],[43.71,16.44],[43.71,16.43],[43.72,16.43],[43.73,16.43],[43.73,16.42],[43.72,16.42],[43.73,16.42],[43.73,16.43],[43.74,16.43],[43.74,16.42],[43.75,16.42],[43.75,16.41],[43.76,16.41],[43.76,16.4],[43.75,16.4],[43.75,16.39],[43.75,16.38],[43.76,16.38],[43.76,16.37],[43.76,16.36],[43.76,16.35],[43.76,16.34],[43.77,16.34],[43.77,16.33],[43.76,16.33],[43.76,16.32],[43.75,16.32],[43.75,16.33],[43.74,16.33],[43.74,16.34],[43.73,16.34],[43.73,16.35],[43.72,16.35],[43.72,16.36],[43.73,16.36],[43.73,16.37],[43.73,16.38],[43.74,16.38],[43.74,16.39],[43.73,16.39],[43.72,16.39],[43.72,16.4],[43.73,16.4],[43.72,16.4],[43.71,16.4],[43.71,16.41],[43.71,16.4],[43.7,16.4],[43.69,16.4],[43.69,16.41],[43.7,16.41],[43.69,16.41],[43.69,16.4],[43.68,16.4],[43.67,16.4],[43.67,16.41],[43.68,16.41],[43.68,16.42],[43.67,16.42],[43.67,16.43],[43.67,16.42],[43.67,16.41],[43.66,16.41],[43.65,16.41],[43.64,16.41],[43.63,16.41],[43.63,16.4],[43.62,16.4],[43.61,16.4],[43.6,16.4],[43.6,16.39],[43.59,16.39],[43.59,16.4],[43.59,16.41],[43.59,16.42],[43.59,16.43],[43.6,16.43],[43.59,16.43],[43.6,16.43],[43.6,16.44],[43.61,16.44],[43.62,16.44],[43.62,16.45],[43.63,16.45],[43.64,16.45],[43.65,16.45],[43.66,16.45],[43.66,16.46],[43.67,16.46],[43.67,16.47]],[[43.49,16.32],[43.49,16.31],[43.48,16.31],[43.48,16.3],[43.49,16.3],[43.48,16.3],[43.47,16.3],[43.47,16.31],[43.46,16.31],[43.46,16.3],[43.47,16.3],[43.47,16.29],[43.47,16.28],[43.46,16.28],[43.46,16.29],[43.45,16.29],[43.45,16.3],[43.45,16.31],[43.45,16.32],[43.44,16.32],[43.44,16.33],[43.43,16.33],[43.43,16.34],[43.44,16.34],[43.45,16.34],[43.46,16.34],[43.46,16.35],[43.46,16.36],[43.47,16.36],[43.47,16.35],[43.47,16.36],[43.48,16.36],[43.48,16.37],[43.49,16.37],[43.48,16.37],[43.48,16.38],[43.49,16.38],[43.49,16.37],[43.5,16.37],[43.5,16.36],[43.5,16.35],[43.49,16.35],[43.49,16.34],[43.48,16.34],[43.49,16.34],[43.5,16.34],[43.49,16.34],[43.49,16.33],[43.49,16.32],[43.49,16.32]],[[43.77,16.3],[43.77,16.29],[43.77,16.28],[43.77,16.27],[43.76,16.27],[43.76,16.26],[43.76,16.25],[43.76,16.26],[43.76,16.25],[43.77,16.25],[43.76,16.25],[43.76,16.24],[43.76,16.23],[43.76,16.24],[43.75,16.24],[43.74,16.24],[43.74,16.25],[43.73,16.25],[43.73,16.26],[43.73,16.27],[43.74,16.27],[43.75,16.27],[43.75,16.29],[43.76,16.29],[43.76,16.3],[43.76,16.29],[43.76,16.3],[43.77,16.3],[43.77,16.3]],[[43.74,16.23],[43.74,16.22],[43.74,16.21],[43.73,16.21],[43.73,16.22],[43.73,16.21],[43.72,16.21],[43.73,16.21],[43.74,16.21],[43.74,16.2],[43.74,16.19],[43.74,16.18],[43.73,16.18],[43.73,16.17],[43.72,16.16],[43.73,16.16],[43.73,16.15],[43.73,16.14],[43.72,16.14],[43.72,16.13],[43.71,16.13],[43.7,16.13],[43.71,16.13],[43.71,16.12],[43.7,16.12],[43.69,16.12],[43.69,16.13],[43.68,16.13],[43.68,16.12],[43.67,16.12],[43.67,16.11],[43.66,16.11],[43.65,16.11],[43.65,16.12],[43.66,16.12],[43.66,16.13],[43.67,16.13],[43.66,16.13],[43.67,16.13],[43.67,16.14],[43.66,16.14],[43.66,16.15],[43.67,16.15],[43.67,16.16],[43.66,16.16],[43.66,16.17],[43.67,16.17],[43.67,16.18],[43.66,16.18],[43.65,16.18],[43.64,16.18],[43.63,16.18],[43.63,16.19],[43.63,16.2],[43.62,16.2],[43.62,16.21],[43.62,16.22],[43.61,16.22],[43.61,16.23],[43.62,16.23],[43.61,16.23],[43.61,16.24],[43.61,16.25],[43.62,16.25],[43.62,16.24],[43.62,16.25],[43.63,16.25],[43.63,16.26],[43.63,16.27],[43.62,16.27],[43.62,16.28],[43.63,16.28],[43.64,16.28],[43.64,16.27],[43.64,16.26],[43.64,16.25],[43.65,16.25],[43.65,16.26],[43.66,16.26],[43.66,16.25],[43.66,16.26],[43.67,16.26],[43.68,16.26],[43.68,16.27],[43.69,16.27],[43.69,16.26],[43.7,16.26],[43.71,16.26],[43.72,16.26],[43.73,16.26],[43.73,16.25],[43.73,16.24],[43.74,16.24],[43.74,16.23]],[[43.78,16.14],[43.78,16.13],[43.78,16.12],[43.79,16.12],[43.79,16.11],[43.8,16.11],[43.79,16.11],[43.79,16.1],[43.79,16.09],[43.79,16.08],[43.78,16.08],[43.78,16.09],[43.77,16.09],[43.77,16.1],[43.77,16.09],[43.76,16.09],[43.76,16.08],[43.76,16.07],[43.75,16.07],[43.74,16.07],[43.74,16.08],[43.74,16.09],[43.75,16.09],[43.75,16.1],[43.75,16.11],[43.75,16.12],[43.76,16.12],[43.76,16.13],[43.77,16.13],[43.78,16.13],[43.78,16.14],[43.78,16.14]],[[43.73,16.07],[43.73,16.06],[43.74,16.06],[43.74,16.05],[43.74,16.04],[43.73,16.04],[43.73,16.05],[43.72,16.05],[43.72,16.04],[43.71,16.04],[43.71,16.05],[43.7,16.05],[43.7,16.04],[43.7,16.03],[43.69,16.03],[43.69,16.04],[43.68,16.04],[43.68,16.03],[43.68,16.02],[43.67,16.02],[43.67,16.03],[43.68,16.03],[43.68,16.04],[43.68,16.05],[43.69,16.05],[43.69,16.06],[43.69,16.07],[43.7,16.07],[43.7,16.08],[43.71,16.08],[43.7,16.08],[43.7,16.09],[43.7,16.1],[43.7,16.11],[43.71,16.11],[43.71,16.12],[43.72,16.12],[43.72,16.11],[43.73,16.11],[43.73,16.1],[43.73,16.09],[43.73,16.08],[43.73,16.07],[43.73,16.07]],[[43.49,16],[43.49,15.99],[43.5,15.99],[43.5,15.98],[43.51,15.98],[43.52,15.98],[43.52,15.97],[43.51,15.97],[43.51,15.96],[43.51,15.95],[43.52,15.95],[43.52,15.94],[43.53,15.94],[43.53,15.95],[43.53,15.94],[43.54,15.94],[43.54,15.95],[43.54,15.94],[43.55,15.94],[43.55,15.93],[43.54,15.93],[43.53,15.93],[43.52,15.93],[43.51,15.93],[43.51,15.94],[43.51,15.95],[43.5,15.95],[43.5,15.96],[43.49,15.96],[43.49,15.95],[43.48,15.95],[43.48,15.96],[43.48,15.95],[43.49,15.95],[43.49,15.94],[43.49,15.93],[43.49,15.92],[43.5,15.92],[43.5,15.91],[43.5,15.9],[43.49,15.9],[43.48,15.9],[43.48,15.91],[43.48,15.9],[43.48,15.91],[43.48,15.92],[43.48,15.93],[43.48,15.94],[43.47,15.94],[43.46,15.94],[43.46,15.93],[43.46,15.92],[43.46,15.93],[43.45,15.93],[43.45,15.94],[43.45,15.95],[43.44,15.95],[43.44,15.94],[43.45,15.94],[43.45,15.93],[43.45,15.92],[43.44,15.92],[43.44,15.93],[43.44,15.92],[43.43,15.92],[43.43,15.93],[43.43,15.94],[43.43,15.95],[43.44,15.95],[43.44,15.96],[43.44,15.97],[43.45,15.97],[43.45,15.98],[43.46,15.98],[43.45,15.98],[43.45,15.99],[43.45,16],[43.45,16.01],[43.45,16.02],[43.46,16.02],[43.45,16.02],[43.45,16.03],[43.45,16.04],[43.44,16.04],[43.44,16.05],[43.44,16.06],[43.44,16.05],[43.45,16.05],[43.45,16.06],[43.44,16.06],[43.44,16.07],[43.45,16.07],[43.45,16.08],[43.45,16.07],[43.46,16.07],[43.46,16.08],[43.47,16.08],[43.47,16.07],[43.47,16.06],[43.46,16.06],[43.46,16.05],[43.47,16.05],[43.47,16.06],[43.47,16.05],[43.48,16.05],[43.48,16.06],[43.48,16.07],[43.48,16.08],[43.49,16.08],[43.49,16.07],[43.5,16.07],[43.5,16.06],[43.5,16.07],[43.51,16.07],[43.51,16.06],[43.51,16.05],[43.5,16.05],[43.49,16.05],[43.49,16.04],[43.5,16.04],[43.5,16.03],[43.5,16.04],[43.51,16.04],[43.51,16.03],[43.5,16.03],[43.5,16.02],[43.51,16.02],[43.5,16.02],[43.5,16.01],[43.51,16.01],[43.52,16.01],[43.52,16],[43.53,16],[43.53,15.99],[43.52,15.99],[43.52,16],[43.51,16],[43.51,15.99],[43.5,15.99],[43.5,16],[43.49,16],[43.49,16]],[[43.54,16.08],[43.54,16.09],[43.54,16.08],[43.55,16.08],[43.55,16.09],[43.55,16.1],[43.56,16.1],[43.56,16.09],[43.56,16.08],[43.55,16.08],[43.56,16.08],[43.56,16.07],[43.55,16.07],[43.56,16.07],[43.55,16.07],[43.54,16.07],[43.54,16.08]],[[43.49,16.16],[43.5,16.16],[43.5,16.15],[43.5,16.14],[43.51,16.14],[43.51,16.13],[43.5,16.13],[43.5,16.12],[43.51,16.12],[43.52,16.12],[43.52,16.11],[43.52,16.1],[43.51,16.1],[43.5,16.1],[43.5,16.11],[43.5,16.1],[43.49,16.1],[43.49,16.11],[43.49,16.12],[43.48,16.12],[43.48,16.13],[43.48,16.14],[43.47,16.14],[43.47,16.13],[43.47,16.14],[43.47,16.15],[43.46,16.15],[43.46,16.16],[43.45,16.16],[43.45,16.17],[43.45,16.18],[43.45,16.19],[43.46,16.19],[43.47,16.19],[43.47,16.18],[43.46,16.18],[43.46,16.17],[43.46,16.16],[43.46,16.17],[43.47,16.17],[43.47,16.16],[43.47,16.17],[43.48,16.17],[43.48,16.18],[43.48,16.17],[43.49,16.17],[43.49,16.18],[43.5,16.18],[43.5,16.17],[43.5,16.16],[43.49,16.16],[43.49,16.16]],[[43.48,16.2],[43.48,16.21],[43.47,16.21],[43.46,16.21],[43.46,16.2],[43.45,16.2],[43.45,16.21],[43.45,16.22],[43.45,16.23],[43.45,16.24],[43.46,16.24],[43.46,16.23],[43.47,16.23],[43.46,16.23],[43.46,16.22],[43.47,16.22],[43.47,16.23],[43.48,16.23],[43.49,16.23],[43.49,16.22],[43.48,16.22],[43.49,16.22],[43.5,16.22],[43.51,16.22],[43.51,16.21],[43.5,16.21],[43.5,16.2],[43.49,16.2],[43.48,16.2],[43.48,16.21],[43.48,16.2]],[[43.46,16.24],[43.45,16.24],[43.45,16.25],[43.46,16.25],[43.46,16.24],[43.46,16.24]],[[43.46,16.25],[43.45,16.25],[43.45,16.26],[43.46,16.26],[43.47,16.26],[43.47,16.27],[43.48,16.27],[43.48,16.26],[43.47,16.26],[43.47,16.25],[43.46,16.25],[43.46,16.25]],[[43.41,16.3],[43.4,16.3],[43.4,16.31],[43.41,16.31],[43.41,16.32],[43.42,16.32],[43.42,16.33],[43.42,16.34],[43.41,16.34],[43.42,16.34],[43.42,16.35],[43.42,16.34],[43.43,16.34],[43.43,16.33],[43.42,16.33],[43.42,16.32],[43.42,16.31],[43.41,16.31],[43.41,16.3],[43.41,16.3]],[[43.39,15.43],[43.4,15.43],[43.4,15.42],[43.41,15.42],[43.41,15.41],[43.41,15.42],[43.42,15.42],[43.42,15.41],[43.43,15.41],[43.43,15.42],[43.44,15.42],[43.44,15.41],[43.45,15.41],[43.44,15.41],[43.44,15.4],[43.45,15.4],[43.45,15.39],[43.46,15.39],[43.46,15.38],[43.47,15.38],[43.47,15.37],[43.47,15.36],[43.47,15.35],[43.47,15.34],[43.48,15.34],[43.48,15.33],[43.47,15.33],[43.48,15.33],[43.48,15.32],[43.49,15.32],[43.49,15.31],[43.49,15.3],[43.48,15.3],[43.47,15.3],[43.47,15.29],[43.48,15.29],[43.48,15.28],[43.47,15.28],[43.47,15.27],[43.46,15.27],[43.46,15.28],[43.45,15.28],[43.45,15.29],[43.45,15.3],[43.44,15.3],[43.44,15.31],[43.45,15.31],[43.45,15.3],[43.46,15.3],[43.46,15.29],[43.46,15.3],[43.46,15.31],[43.46,15.32],[43.45,15.32],[43.45,15.33],[43.44,15.33],[43.44,15.34],[43.45,15.34],[43.44,15.34],[43.44,15.35],[43.43,15.35],[43.43,15.36],[43.43,15.35],[43.42,15.35],[43.42,15.34],[43.41,15.34],[43.4,15.34],[43.4,15.35],[43.4,15.36],[43.4,15.37],[43.4,15.38],[43.39,15.38],[43.39,15.39],[43.39,15.4],[43.4,15.4],[43.4,15.41],[43.39,15.41],[43.4,15.41],[43.4,15.42],[43.39,15.42],[43.39,15.43]],[[43.38,15.28],[43.37,15.28],[43.36,15.28],[43.36,15.29],[43.36,15.3],[43.36,15.31],[43.36,15.32],[43.35,15.32],[43.35,15.33],[43.35,15.34],[43.34,15.34],[43.34,15.33],[43.34,15.34],[43.34,15.35],[43.34,15.34],[43.35,15.34],[43.35,15.35],[43.35,15.36],[43.35,15.37],[43.34,15.37],[43.34,15.38],[43.34,15.39],[43.35,15.39],[43.35,15.4],[43.34,15.4],[43.33,15.4],[43.32,15.4],[43.32,15.41],[43.33,15.41],[43.34,15.41],[43.35,15.41],[43.36,15.41],[43.37,15.41],[43.38,15.41],[43.38,15.4],[43.38,15.39],[43.39,15.39],[43.39,15.38],[43.39,15.37],[43.38,15.37],[43.39,15.37],[43.39,15.36],[43.38,15.36],[43.38,15.35],[43.38,15.34],[43.38,15.33],[43.39,15.33],[43.39,15.32],[43.38,15.32],[43.38,15.33],[43.37,15.33],[43.37,15.32],[43.37,15.31],[43.38,15.31],[43.38,15.3],[43.37,15.3],[43.38,15.3],[43.38,15.29],[43.38,15.28],[43.38,15.28]],[[43.72,14.83],[43.72,14.83],[43.72,14.83],[43.72,14.83],[43.72,14.83],[43.72,14.83],[43.72,14.83],[43.72,14.83],[43.72,14.83]],[[43.71,14.81],[43.71,14.82],[43.72,14.82],[43.71,14.81],[43.71,14.81]],[[43.44,14.87],[43.44,14.87],[43.44,14.87],[43.44,14.87],[43.44,14.87],[43.44,14.87],[43.44,14.87],[43.44,14.87],[43.44,14.87],[43.44,14.87],[43.44,14.87]],[[43.42,14.9],[43.42,14.89],[43.42,14.9],[43.42,14.9]],[[43.52,14.97],[43.51,14.97],[43.51,14.96],[43.51,14.97],[43.52,14.97],[43.52,14.97]],[[43.49,14.96],[43.49,14.96],[43.49,14.96],[43.49,14.96],[43.49,14.96],[43.49,14.96]],[[43.44,14.93],[43.44,14.93],[43.44,14.93],[43.44,14.93],[43.44,14.93],[43.44,14.93],[43.44,14.93],[43.44,14.93],[43.44,14.93],[43.44,14.93],[43.44,14.93]],[[43.72,14.77],[43.69,14.57],[43.72,14.77],[43.72,14.77]],[[43.65,14.43],[43.66,14.43],[43.66,14.42],[43.67,14.42],[43.66,14.42],[43.66,14.41],[43.66,14.42],[43.65,14.42],[43.65,14.43]],[[43.66,14.41],[43.66,14.41],[43.66,14.41],[43.66,14.41],[43.66,14.41],[43.66,14.41],[43.66,14.41],[43.66,14.41],[43.66,14.41]],[[43.67,14.41],[43.67,14.4],[43.67,14.41],[43.67,14.41]],[[43.62,14.37],[43.62,14.36],[43.61,14.36],[43.62,14.36],[43.62,14.37]],[[44.69,13.65],[44.68,13.65],[44.68,13.66],[44.68,13.67],[44.68,13.68],[44.69,13.68],[44.68,13.68],[44.67,13.68],[44.67,13.69],[44.67,13.68],[44.66,13.68],[44.66,13.67],[44.65,13.67],[44.66,13.67],[44.67,13.67],[44.67,13.66],[44.67,13.65],[44.66,13.65],[44.65,13.65],[44.65,13.66],[44.65,13.65],[44.64,13.65],[44.64,13.66],[44.64,13.65],[44.63,13.65],[44.62,13.65],[44.62,13.66],[44.61,13.66],[44.61,13.67],[44.61,13.68],[44.62,13.68],[44.63,13.68],[44.64,13.68],[44.63,13.68],[44.63,13.69],[44.62,13.69],[44.61,13.69],[44.61,13.68],[44.6,13.68],[44.59,13.68],[44.59,13.67],[44.59,13.66],[44.6,13.66],[44.59,13.66],[44.59,13.67],[44.58,13.67],[44.58,13.68],[44.59,13.68],[44.59,13.69],[44.59,13.7],[44.6,13.7],[44.61,13.7],[44.61,13.71],[44.62,13.71],[44.63,13.71],[44.62,13.71],[44.62,13.72],[44.62,13.71],[44.61,13.71],[44.61,13.72],[44.61,13.73],[44.62,13.73],[44.63,13.73],[44.64,13.73],[44.64,13.74],[44.65,13.74],[44.66,13.74],[44.66,13.75],[44.66,13.76],[44.66,13.77],[44.65,13.77],[44.65,13.78],[44.65,13.79],[44.66,13.79],[44.67,13.8],[44.68,13.8],[44.68,13.79],[44.68,13.78],[44.68,13.79],[44.68,13.8],[44.69,13.8],[44.68,13.8],[44.68,13.81],[44.69,13.81],[44.7,13.81],[44.7,13.8],[44.7,13.79],[44.7,13.8],[44.71,13.8],[44.71,13.79],[44.7,13.79],[44.71,13.79],[44.71,13.78],[44.72,13.78],[44.72,13.77],[44.72,13.76],[44.73,13.76],[44.73,13.75],[44.72,13.75],[44.72,13.74],[44.72,13.73],[44.72,13.72],[44.73,13.72],[44.73,13.71],[44.72,13.71],[44.73,13.71],[44.73,13.7],[44.74,13.7],[44.74,13.71],[44.74,13.72],[44.75,13.72],[44.76,13.72],[44.77,13.72],[44.77,13.71],[44.77,13.7],[44.78,13.7],[44.77,13.7],[44.78,13.7],[44.78,13.69],[44.77,13.69],[44.77,13.7],[44.76,13.7],[44.76,13.69],[44.75,13.69],[44.76,13.69],[44.76,13.68],[44.75,13.68],[44.75,13.69],[44.74,13.69],[44.74,13.68],[44.74,13.69],[44.75,13.69],[44.74,13.69],[44.74,13.68],[44.75,13.68],[44.75,13.67],[44.75,13.66],[44.74,13.66],[44.73,13.66],[44.73,13.67],[44.73,13.68],[44.72,13.68],[44.71,13.68],[44.7,13.68],[44.7,13.67],[44.71,13.67],[44.71,13.66],[44.7,13.66],[44.69,13.66],[44.7,13.66],[44.7,13.65],[44.7,13.64],[44.69,13.64],[44.69,13.65]],[[44.13,13.61],[44.2,13.18],[44.13,13.6],[44.13,13.61]],[[44.09,13.13],[44.09,13.13],[44.09,13.13],[44.09,13.13],[44.09,13.13]],[[44.09,13.13],[44.09,13.13],[44.09,13.13],[44.09,13.13],[44.09,13.13]],[[44.09,13.13],[44.09,13.13],[44.09,13.14],[44.09,13.14],[44.09,13.13]],[[43.89,13.44],[43.88,13.44],[43.88,13.43],[43.88,13.44],[43.87,13.44],[43.87,13.43],[43.87,13.44],[43.86,13.44],[43.86,13.45],[43.85,13.45],[43.86,13.45],[43.86,13.46],[43.85,13.46],[43.85,13.47],[43.84,13.47],[43.83,13.47],[43.83,13.48],[43.84,13.48],[43.84,13.49],[43.85,13.49],[43.85,13.5],[43.85,13.51],[43.86,13.51],[43.86,13.52],[43.85,13.52],[43.85,13.53],[43.86,13.53],[43.86,13.54],[43.85,13.54],[43.85,13.55],[43.85,13.56],[43.86,13.56],[43.86,13.55],[43.86,13.56],[43.87,13.56],[43.87,13.55],[43.87,13.54],[43.88,13.54],[43.88,13.53],[43.89,13.53],[43.89,13.52],[43.9,13.52],[43.9,13.53],[43.89,13.53],[43.89,13.54],[43.89,13.55],[43.9,13.55],[43.91,13.55],[43.91,13.54],[43.91,13.53],[43.92,13.53],[43.92,13.52],[43.93,13.52],[43.93,13.51],[43.92,13.51],[43.92,13.5],[43.93,13.5],[43.93,13.49],[43.94,13.49],[43.94,13.5],[43.95,13.5],[43.95,13.49],[43.95,13.48],[43.95,13.49],[43.96,13.49],[43.96,13.48],[43.95,13.48],[43.96,13.48],[43.97,13.48],[43.96,13.48],[43.96,13.47],[43.95,13.47],[43.94,13.47],[43.94,13.46],[43.93,13.46],[43.93,13.45],[43.92,13.45],[43.92,13.44],[43.91,13.44],[43.9,13.44],[43.9,13.45],[43.89,13.45],[43.9,13.45],[43.9,13.44],[43.89,13.44],[43.89,13.44]],[[44.09,13.11],[44.09,13.11],[44.09,13.11],[44.09,13.11],[44.09,13.11]],[[43.76,15.2],[43.76,15.19],[43.77,15.19],[43.76,15.19],[43.77,15.19],[43.77,15.18],[43.77,15.17],[43.78,15.17],[43.78,15.16],[43.79,15.16],[43.79,15.15],[43.79,15.14],[43.79,15.13],[43.79,15.14],[43.78,15.14],[43.78,15.13],[43.77,15.13],[43.76,15.13],[43.75,15.13],[43.75,15.14],[43.75,15.15],[43.75,15.16],[43.75,15.17],[43.75,15.18],[43.75,15.19],[43.76,15.19],[43.76,15.2]],[[43.78,15.18],[43.79,15.18],[43.79,15.19],[43.8,15.19],[43.8,15.18],[43.8,15.17],[43.8,15.16],[43.79,15.16],[43.79,15.17],[43.78,15.17],[43.78,15.18],[43.78,15.18]],[[43.81,15.16],[43.82,15.16],[43.82,15.15],[43.83,15.15],[43.83,15.14],[43.83,15.13],[43.82,15.13],[43.82,15.14],[43.82,15.15],[43.81,15.15],[43.81,15.16],[43.81,15.16]],[[41.42,20.06],[41.43,20.06],[41.43,20.05],[41.42,20.05],[41.42,20.06]],[[41.41,20.04],[41.41,20.05],[41.41,20.06],[41.41,20.05],[41.42,20.05],[41.42,20.04],[41.41,20.04],[41.4,20.04],[41.41,20.04],[41.41,20.04]],[[41.41,20.04],[41.4,20.04],[41.4,20.05],[41.41,20.05],[41.41,20.04]],[[41.42,20.05],[41.43,20.05],[41.43,20.04],[41.42,20.04],[41.42,20.05]],[[41.42,20.04],[41.43,20.04],[41.43,20.03],[41.42,20.03],[41.42,20.04]],[[42.05,19.36],[42.06,19.36],[42.05,19.36],[42.05,19.36]],[[42.05,19.34],[42.05,19.35],[42.06,19.35],[42.07,19.35],[42.06,19.35],[42.06,19.34],[42.06,19.33],[42.05,19.33],[42.05,19.34],[42.05,19.34]],[[42.1,19.24],[42.11,19.24],[42.11,19.23],[42.1,19.23],[42.1,19.24]],[[42.14,19.1],[42.15,19.1],[42.15,19.09],[42.14,19.09],[42.14,19.1]],[[42.12,19.09],[42.12,19.09],[42.12,19.1],[42.12,19.1],[42.12,19.1],[42.12,19.1],[42.12,19.09]],[[42.17,19.06],[42.18,19.06],[42.17,19.06],[42.17,19.06]],[[42.17,19.06],[42.17,19.06],[42.17,19.06],[42.17,19.06],[42.17,19.06]],[[42.16,19.05],[42.16,19.05],[42.16,19.05],[42.16,19.05],[42.16,19.05]],[[42.13,19.05],[42.14,19.05],[42.14,19.04],[42.13,19.04],[42.13,19.05]],[[42.14,19.04],[42.15,19.04],[42.14,19.04],[42.14,19.03],[42.15,19.03],[42.14,19.03],[42.14,19.02],[42.13,19.02],[42.13,19.03],[42.14,19.03],[42.14,19.04],[42.14,19.04]],[[42.17,18.97],[42.16,18.97],[42.16,18.98],[42.17,18.98],[42.17,18.97],[42.17,18.97]],[[42.28,18.94],[42.29,18.94],[42.28,18.94],[42.28,18.94]],[[42.28,18.93],[42.27,18.93],[42.27,18.94],[42.28,18.94],[42.28,18.93]],[[42.25,18.92],[42.26,18.92],[42.26,18.91],[42.25,18.91],[42.25,18.92]],[[42.27,18.92],[42.28,18.92],[42.28,18.91],[42.27,18.91],[42.27,18.92]],[[42.31,18.87],[42.32,18.87],[42.33,18.87],[42.33,18.86],[42.32,18.86],[42.32,18.85],[42.31,18.85],[42.31,18.86],[42.31,18.87],[42.31,18.87]],[[42.31,18.76],[42.31,18.76],[42.31,18.76],[42.31,18.76],[42.31,18.76],[42.31,18.76],[42.31,18.76],[42.31,18.76],[42.31,18.76],[42.31,18.76],[42.31,18.76]],[[42.36,18.66],[42.37,18.66],[42.37,18.65],[42.36,18.65],[42.36,18.66]],[[42.4,18.4],[42.41,18.4],[42.4,18.4],[42.4,18.4]],[[42.38,18.38],[42.38,18.38],[42.38,18.38],[42.38,18.38],[42.38,18.38],[42.38,18.38],[42.38,18.38],[42.38,18.38],[42.38,18.38]],[[43.11,18.23],[43.12,18.23],[43.12,18.22],[43.13,18.22],[43.13,18.21],[43.12,18.21],[43.11,18.21],[43.11,18.22],[43.12,18.22],[43.11,18.22],[43.11,18.23]],[[42.82,18.06],[42.83,18.06],[42.83,18.05],[42.83,18.04],[42.82,18.04],[42.82,18.05],[42.82,18.06]],[[42.81,18.04],[42.82,18.04],[42.81,18.04],[42.81,18.03],[42.81,18.02],[42.8,18.02],[42.79,18.02],[42.79,18.01],[42.79,18.02],[42.78,18.02],[42.77,18.02],[42.77,18.03],[42.76,18.03],[42.77,18.03],[42.78,18.03],[42.79,18.03],[42.79,18.04],[42.78,18.04],[42.79,18.04],[42.79,18.05],[42.8,18.05],[42.81,18.05],[42.81,18.04],[42.81,18.04]],[[42.78,18.01],[42.77,18.01],[42.77,18.02],[42.77,18.01],[42.78,18.01],[42.78,18.01]]]]},"bbox":[39.61,12.67,47.65,21.75]},{"type":"Feature","properties":{},"geometry":{"type":"MultiPolygon","coordinates":[[[[44.15,15.93],[43.97,16.65],[44.26,17.08],[43.3,18.22],[43.94,16.11],[43.79,15.49],[44.25,14.61],[44.46,14.67],[44.5,14.07],[45.47,13.8],[46.24,14],[45.55,14.42],[45.39,13.99],[45.33,14.42],[44.69,14.82],[44.68,15.83],[44.15,15.93],[44.15,15.93]],[[44.33,15.28],[44.57,15.36],[44.33,15.28],[44.33,15.28]],[[44,16.22],[44,16.22],[44,16.22],[44,16.22]],[[44.02,16.31],[44.02,16.31],[44.02,16.31],[44.02,16.31]],[[43.95,16.49],[43.95,16.49],[43.95,16.49],[43.95,16.49]],[[44.6,15.69],[44.61,15.69],[44.61,15.68],[44.61,15.67],[44.6,15.67],[44.6,15.66],[44.61,15.66],[44.61,15.65],[44.6,15.65],[44.61,15.65],[44.61,15.64],[44.62,15.64],[44.62,15.63],[44.61,15.63],[44.6,15.63],[44.59,15.63],[44.59,15.62],[44.58,15.62],[44.58,15.61],[44.58,15.6],[44.58,15.59],[44.59,15.59],[44.59,15.58],[44.6,15.58],[44.59,15.58],[44.58,15.58],[44.57,15.58],[44.56,15.58],[44.55,15.58],[44.55,15.57],[44.56,15.57],[44.56,15.56],[44.55,15.56],[44.55,15.55],[44.55,15.54],[44.56,15.54],[44.57,15.54],[44.57,15.53],[44.57,15.52],[44.56,15.52],[44.55,15.52],[44.54,15.52],[44.55,15.52],[44.54,15.52],[44.54,15.51],[44.55,15.51],[44.54,15.51],[44.54,15.5],[44.53,15.5],[44.52,15.5],[44.51,15.5],[44.5,15.5],[44.5,15.51],[44.5,15.52],[44.49,15.52],[44.49,15.51],[44.48,15.51],[44.47,15.51],[44.47,15.52],[44.48,15.52],[44.47,15.52],[44.47,15.53],[44.47,15.52],[44.46,15.52],[44.46,15.53],[44.47,15.53],[44.47,15.54],[44.46,15.54],[44.46,15.53],[44.45,15.53],[44.45,15.52],[44.44,15.52],[44.43,15.52],[44.43,15.53],[44.44,15.53],[44.44,15.54],[44.44,15.55],[44.44,15.54],[44.43,15.54],[44.43,15.53],[44.42,15.53],[44.42,15.54],[44.41,15.54],[44.41,15.53],[44.41,15.52],[44.4,15.52],[44.4,15.53],[44.4,15.52],[44.39,15.52],[44.38,15.52],[44.38,15.53],[44.37,15.53],[44.37,15.54],[44.38,15.54],[44.39,15.54],[44.39,15.55],[44.39,15.56],[44.39,15.57],[44.4,15.57],[44.41,15.57],[44.41,15.56],[44.41,15.57],[44.42,15.57],[44.42,15.56],[44.43,15.56],[44.43,15.57],[44.43,15.58],[44.42,15.58],[44.42,15.59],[44.41,15.59],[44.41,15.6],[44.42,15.6],[44.42,15.59],[44.42,15.6],[44.43,15.6],[44.43,15.59],[44.43,15.6],[44.43,15.61],[44.44,15.61],[44.45,15.61],[44.44,15.61],[44.44,15.6],[44.44,15.59],[44.45,15.59],[44.44,15.59],[44.44,15.58],[44.45,15.58],[44.45,15.59],[44.46,15.59],[44.46,15.6],[44.46,15.61],[44.47,15.61],[44.47,15.62],[44.48,15.62],[44.48,15.61],[44.48,15.6],[44.47,15.6],[44.49,15.6],[44.49,15.59],[44.48,15.59],[44.47,15.59],[44.48,15.59],[44.48,15.58],[44.48,15.59],[44.49,15.59],[44.49,15.58],[44.48,15.58],[44.48,15.57],[44.49,15.57],[44.48,15.57],[44.47,15.57],[44.47,15.56],[44.47,15.55],[44.48,15.55],[44.49,15.55],[44.49,15.54],[44.5,15.54],[44.5,15.55],[44.5,15.54],[44.51,15.54],[44.51,15.55],[44.51,15.56],[44.5,15.56],[44.5,15.57],[44.5,15.58],[44.51,15.58],[44.51,15.57],[44.51,15.56],[44.51,15.57],[44.52,15.57],[44.52,15.56],[44.53,15.56],[44.53,15.57],[44.53,15.56],[44.54,15.56],[44.54,15.57],[44.53,15.57],[44.53,15.58],[44.52,15.58],[44.51,15.58],[44.51,15.59],[44.5,15.59],[44.5,15.6],[44.5,15.61],[44.5,15.62],[44.51,15.62],[44.52,15.62],[44.52,15.61],[44.52,15.6],[44.52,15.61],[44.53,15.61],[44.53,15.62],[44.52,15.62],[44.52,15.63],[44.53,15.63],[44.54,15.63],[44.54,15.62],[44.55,15.62],[44.55,15.63],[44.54,15.63],[44.53,15.63],[44.53,15.64],[44.54,15.64],[44.53,15.64],[44.53,15.65],[44.53,15.66],[44.54,15.66],[44.55,15.66],[44.55,15.67],[44.54,15.67],[44.54,15.68],[44.55,15.68],[44.56,15.68],[44.57,15.68],[44.57,15.67],[44.58,15.66],[44.57,15.66],[44.58,15.66],[44.58,15.67],[44.59,15.67],[44.59,15.66],[44.59,15.67],[44.59,15.68],[44.6,15.68],[44.6,15.69]],[[44.76,15.43],[44.76,15.44],[44.76,15.43],[44.77,15.43],[44.77,15.42],[44.77,15.43],[44.76,15.43],[44.76,15.43]],[[44.76,15.43],[44.75,15.43],[44.76,15.43],[44.76,15.43]],[[44.72,15.37],[44.72,15.37],[44.72,15.36],[44.72,15.36],[44.72,15.37]],[[44.77,15.3],[44.77,15.3],[44.77,15.3],[44.77,15.3],[44.77,15.3],[44.77,15.3],[44.77,15.3]],[[44.76,15.29],[44.77,15.29],[44.76,15.29],[44.76,15.29]],[[44.77,15.28],[44.77,15.27],[44.76,15.27],[44.77,15.27],[44.77,15.28]],[[44.79,15.19],[44.79,15.19],[44.79,15.19],[44.79,15.19],[44.79,15.19]],[[44.84,15.19],[44.84,15.19],[44.84,15.19],[44.84,15.19],[44.84,15.19],[44.84,15.19],[44.84,15.19],[44.84,15.19],[44.84,15.19]],[[44.71,15.1],[44.71,15.1],[44.71,15.1],[44.71,15.1],[44.71,15.1]],[[44.64,15.1],[44.65,15.1],[44.65,15.09],[44.65,15.1],[44.66,15.1],[44.67,15.1],[44.67,15.09],[44.66,15.09],[44.67,15.09],[44.68,15.09],[44.68,15.08],[44.67,15.08],[44.67,15.09],[44.67,15.08],[44.66,15.08],[44.65,15.08],[44.66,15.08],[44.65,15.08],[44.65,15.09],[44.64,15.09],[44.64,15.08],[44.65,15.08],[44.64,15.08],[44.64,15.09],[44.64,15.1],[44.64,15.1]],[[44.69,15.09],[44.7,15.09],[44.69,15.09],[44.69,15.09]],[[44.68,15.07],[44.68,15.07],[44.68,15.06],[44.68,15.06],[44.68,15.07]],[[44.79,15.01],[44.79,15.01],[44.79,15.01],[44.79,15.01],[44.79,15.01]],[[44.58,14.93],[44.58,14.94],[44.59,14.94],[44.59,14.93],[44.6,14.93],[44.61,14.93],[44.61,14.92],[44.61,14.93],[44.6,14.93],[44.6,14.92],[44.59,14.92],[44.58,14.92],[44.58,14.93],[44.58,14.93]],[[44.57,14.92],[44.57,14.91],[44.58,14.91],[44.59,14.91],[44.6,14.91],[44.6,14.9],[44.61,14.9],[44.61,14.89],[44.62,14.89],[44.61,14.89],[44.61,14.88],[44.6,14.88],[44.6,14.87],[44.6,14.86],[44.6,14.87],[44.59,14.87],[44.59,14.88],[44.58,14.88],[44.58,14.87],[44.58,14.88],[44.57,14.88],[44.58,14.88],[44.58,14.89],[44.57,14.89],[44.57,14.88],[44.56,14.88],[44.57,14.88],[44.57,14.9],[44.56,14.9],[44.56,14.89],[44.56,14.9],[44.55,14.9],[44.54,14.9],[44.54,14.91],[44.55,14.91],[44.55,14.9],[44.56,14.9],[44.56,14.91],[44.56,14.9],[44.56,14.91],[44.57,14.91],[44.57,14.92]],[[44.61,14.91],[44.62,14.91],[44.61,14.91],[44.61,14.91]],[[44.61,14.9],[44.62,14.9],[44.61,14.9],[44.61,14.9]],[[44.67,14.86],[44.67,14.87],[44.68,14.87],[44.68,14.86],[44.69,14.85],[44.68,14.85],[44.67,14.85],[44.67,14.86],[44.67,14.86]],[[44.7,14.85],[44.7,14.85],[44.7,14.85],[44.7,14.85],[44.7,14.85],[44.7,14.85],[44.7,14.85],[44.7,14.85],[44.7,14.85],[44.7,14.85],[44.7,14.85],[44.7,14.85],[44.7,14.85],[44.7,14.85],[44.7,14.85],[44.7,14.85],[44.7,14.85]],[[44.59,14.85],[44.59,14.84],[44.59,14.85],[44.59,14.84],[44.6,14.84],[44.61,14.84],[44.6,14.84],[44.59,14.84],[44.59,14.83],[44.59,14.84],[44.58,14.84],[44.58,14.85],[44.59,14.85],[44.59,14.85]],[[44.69,14.85],[44.69,14.85],[44.69,14.84],[44.69,14.84],[44.69,14.84],[44.69,14.84],[44.69,14.84],[44.69,14.84],[44.69,14.85]],[[44.72,14.84],[44.72,14.84],[44.72,14.84],[44.72,14.84],[44.72,14.84]],[[44.69,14.84],[44.69,14.84],[44.69,14.84],[44.69,14.84],[44.69,14.84],[44.69,14.84],[44.69,14.84],[44.69,14.84],[44.69,14.84]],[[44.72,14.84],[44.72,14.84],[44.72,14.84],[44.72,14.84],[44.72,14.84],[44.72,14.84],[44.72,14.84]],[[44.54,14.89],[44.54,14.9],[44.54,14.89],[44.54,14.89]],[[44.71,14.79],[44.71,14.79],[44.71,14.79],[44.71,14.79],[44.71,14.79]],[[44.71,14.79],[44.71,14.79],[44.71,14.79],[44.71,14.79],[44.71,14.79]],[[44.71,14.78],[44.71,14.79],[44.71,14.78],[44.72,14.78],[44.71,14.78],[44.71,14.78]],[[44.71,14.78],[44.71,14.78],[44.71,14.78],[44.71,14.78],[44.71,14.78],[44.71,14.78],[44.71,14.78],[44.71,14.78],[44.71,14.77],[44.71,14.77],[44.71,14.77],[44.71,14.77],[44.71,14.78]],[[44.73,14.78],[44.74,14.78],[44.74,14.77],[44.73,14.77],[44.73,14.78]],[[44.71,14.76],[44.71,14.77],[44.72,14.77],[44.72,14.76],[44.71,14.76],[44.71,14.76]],[[44.8,14.76],[44.8,14.76],[44.8,14.76],[44.8,14.76],[44.8,14.76]],[[44.8,14.76],[44.81,14.76],[44.8,14.76],[44.8,14.76]],[[44.8,14.76],[44.8,14.75],[44.79,14.75],[44.79,14.76],[44.8,14.76],[44.8,14.76]],[[44.81,14.66],[44.81,14.66],[44.81,14.66],[44.81,14.66],[44.81,14.65],[44.81,14.65],[44.81,14.66]],[[44.84,14.61],[44.84,14.62],[44.84,14.61],[44.84,14.61]],[[44.84,14.61],[44.84,14.61],[44.84,14.61],[44.84,14.61],[44.84,14.61]],[[44.87,14.6],[44.87,14.6],[44.87,14.6],[44.87,14.6],[44.87,14.6]],[[44.88,14.59],[44.88,14.59],[44.88,14.59],[44.88,14.59],[44.88,14.59]],[[44.96,14.56],[44.96,14.56],[44.96,14.56],[44.96,14.56],[44.96,14.56]],[[44.97,14.52],[44.98,14.52],[44.98,14.51],[44.97,14.51],[44.97,14.52]],[[44.97,14.51],[44.97,14.51],[44.97,14.51],[44.97,14.51],[44.97,14.51]],[[44.99,14.51],[44.99,14.51],[44.99,14.51],[44.99,14.51],[44.99,14.51]],[[45.01,14.4],[45.01,14.4],[45.01,14.39],[45.01,14.39],[45.01,14.4]],[[44.96,14.59],[44.96,14.59],[44.96,14.59],[44.96,14.59],[44.96,14.59]],[[44.9,14.61],[44.9,14.61],[44.9,14.61],[44.9,14.61],[44.9,14.61],[44.9,14.61],[44.9,14.61],[44.9,14.61],[44.9,14.61]],[[44.95,14.62],[44.95,14.62],[44.95,14.62],[44.95,14.62],[44.95,14.62]],[[44.83,14.8],[44.83,14.8],[44.83,14.8],[44.83,14.8],[44.83,14.8],[44.83,14.8],[44.83,14.8]],[[44.73,15.01],[44.73,15.01],[44.73,15],[44.73,15],[44.73,15],[44.73,15],[44.73,15],[44.73,15],[44.73,15.01]],[[44.82,15],[44.82,15],[44.82,15],[44.82,15],[44.82,15]],[[44.73,15.01],[44.73,15.01],[44.73,15.01],[44.73,15.01],[44.73,15.01],[44.73,15.01],[44.73,15.01],[44.73,15.01],[44.73,15.01]],[[44.73,15.01],[44.73,15.01],[44.73,15.01],[44.73,15.01],[44.73,15.02],[44.73,15.02],[44.73,15.01]],[[44.72,15.07],[44.73,15.07],[44.72,15.07],[44.72,15.07]],[[44.75,15.14],[44.75,15.15],[44.75,15.14],[44.75,15.14]],[[44.74,15.14],[44.74,15.14],[44.74,15.14],[44.74,15.14],[44.74,15.14],[44.74,15.14],[44.74,15.13],[44.74,15.13],[44.74,15.13],[44.74,15.13],[44.74,15.14]],[[44.87,15.17],[44.87,15.17],[44.87,15.17],[44.87,15.17],[44.87,15.17],[44.87,15.17],[44.87,15.17]],[[44.91,15.1],[44.92,15.1],[44.91,15.1],[44.91,15.1]]]]},"bbox":[43.3,13.8,46.24,18.22]},{"type":"Feature","properties":{},"geometry":{"type":"MultiPolygon","coordinates":[[[[19.79,-33.77],[19.66,-33.93],[20.07,-33.84],[19.8,-33.78],[19.79,-33.77]],[[19.86,-33.82],[19.86,-33.82],[19.86,-33.82],[19.86,-33.82],[19.86,-33.82],[19.86,-33.82],[19.86,-33.82],[19.86,-33.82],[19.86,-33.82],[19.86,-33.82],[19.86,-33.82],[19.86,-33.82],[19.86,-33.82]],[[19.87,-33.84],[19.87,-33.83],[19.87,-33.84],[19.88,-33.84],[19.88,-33.85],[19.88,-33.84],[19.87,-33.84]],[[19.88,-33.85],[19.88,-33.86],[19.87,-33.86],[19.86,-33.86],[19.86,-33.85],[19.86,-33.86],[19.87,-33.85],[19.88,-33.85],[19.88,-33.85]],[[19.92,-33.85],[19.92,-33.85],[19.92,-33.85],[19.92,-33.85],[19.92,-33.85],[19.92,-33.85],[19.92,-33.85],[19.92,-33.85],[19.92,-33.85],[19.92,-33.85],[19.92,-33.85],[19.92,-33.85],[19.92,-33.85]]],[[[20,-33.64],[20.33,-33.86],[20.01,-33.64],[20,-33.64]],[[20.06,-33.72],[20.06,-33.71],[20.07,-33.71],[20.07,-33.72],[20.06,-33.72],[20.06,-33.72]]],[[[23.22,-33.39],[21.82,-33.52],[22.33,-33.8],[23.11,-33.67],[22.53,-33.64],[23.22,-33.39],[23.22,-33.39]],[[22.96,-33.47],[22.76,-33.53],[22.96,-33.47],[22.96,-33.47]],[[22.72,-33.54],[22.71,-33.54],[22.7,-33.54],[22.69,-33.54],[22.69,-33.53],[22.68,-33.53],[22.67,-33.53],[22.66,-33.53],[22.66,-33.52],[22.65,-33.52],[22.64,-33.52],[22.63,-33.52],[22.62,-33.52],[22.61,-33.52],[22.6,-33.52],[22.59,-33.52],[22.58,-33.52],[22.58,-33.53],[22.58,-33.52],[22.57,-33.52],[22.57,-33.51],[22.58,-33.51],[22.59,-33.51],[22.59,-33.52],[22.6,-33.52],[22.61,-33.52],[22.62,-33.52],[22.63,-33.52],[22.64,-33.52],[22.65,-33.52],[22.66,-33.52],[22.67,-33.52],[22.68,-33.52],[22.69,-33.52],[22.69,-33.53],[22.7,-33.53],[22.71,-33.53],[22.72,-33.53],[22.72,-33.54]],[[22.6,-33.53],[22.6,-33.54],[22.6,-33.55],[22.59,-33.55],[22.59,-33.56],[22.58,-33.56],[22.57,-33.56],[22.57,-33.55],[22.56,-33.55],[22.57,-33.55],[22.57,-33.54],[22.57,-33.53],[22.58,-33.53],[22.59,-33.53],[22.6,-33.53],[22.6,-33.53]],[[22.03,-33.53],[22.03,-33.54],[22.04,-33.54],[22.04,-33.55],[22.05,-33.55],[22.05,-33.56],[22.06,-33.56],[22.06,-33.57],[22.06,-33.58],[22.06,-33.59],[22.07,-33.59],[22.06,-33.59],[22.06,-33.6],[22.05,-33.6],[22.05,-33.61],[22.04,-33.61],[22.04,-33.6],[22.03,-33.6],[22.02,-33.6],[22.01,-33.6],[22,-33.6],[21.99,-33.6],[21.98,-33.6],[21.98,-33.59],[21.98,-33.58],[21.99,-33.58],[22,-33.58],[22.01,-33.58],[22.01,-33.59],[22.02,-33.59],[22.03,-33.59],[22.03,-33.58],[22.04,-33.58],[22.04,-33.59],[22.05,-33.59],[22.05,-33.58],[22.06,-33.58],[22.06,-33.57],[22.05,-33.57],[22.05,-33.56],[22.04,-33.56],[22.04,-33.55],[22.03,-33.55],[22.03,-33.54],[22.03,-33.53],[22.03,-33.53]],[[22.57,-33.56],[22.56,-33.56],[22.57,-33.56],[22.58,-33.56],[22.59,-33.56],[22.58,-33.56],[22.57,-33.56],[22.57,-33.56]]],[[[22.09,-33.25],[21.49,-33.31],[22.09,-33.25],[22.09,-33.25]]],[[[22.82,-33.08],[22.02,-33.09],[24.9,-33.48],[22.84,-33.08],[22.82,-33.08]],[[23.61,-33.16],[24.01,-33.22],[23.61,-33.16],[23.61,-33.16]],[[24.06,-33.2],[24.26,-33.26],[24.06,-33.2],[24.06,-33.2]],[[23.67,-33.29],[23.66,-33.29],[23.65,-33.29],[23.64,-33.29],[23.65,-33.29],[23.65,-33.28],[23.66,-33.28],[23.66,-33.29],[23.67,-33.29],[23.67,-33.29]],[[23.64,-33.28],[23.64,-33.29],[23.63,-33.29],[23.63,-33.28],[23.64,-33.28],[23.64,-33.28]],[[24.4,-33.45],[24.2,-33.5],[24.4,-33.45],[24.4,-33.45]]],[[[18.84,-32.22],[18.98,-32.37],[18.84,-32.22],[18.84,-32.22]]],[[[21.46,-32.07],[21.45,-32.06],[21.44,-32.05],[21.44,-32.04],[21.43,-32.04],[21.44,-32.04],[21.43,-32.04],[21.42,-32.04],[21.42,-32.03],[21.42,-32.02],[21.41,-32.03],[21.41,-32.04],[21.41,-32.05],[21.41,-32.06],[21.41,-32.07],[21.42,-32.07],[21.43,-32.07],[21.44,-32.07],[21.44,-32.08],[21.44,-32.09],[21.43,-32.09],[21.43,-32.1],[21.42,-32.1],[21.42,-32.11],[21.43,-32.11],[21.43,-32.1],[21.43,-32.11],[21.44,-32.11],[21.44,-32.12],[21.45,-32.12],[21.45,-32.11],[21.44,-32.11],[21.45,-32.11],[21.45,-32.1],[21.46,-32.1],[21.46,-32.11],[21.47,-32.11],[21.48,-32.12],[21.48,-32.11],[21.48,-32.12],[21.48,-32.13],[21.49,-32.13],[21.49,-32.14],[21.49,-32.15],[21.48,-32.16],[21.49,-32.15],[21.5,-32.15],[21.5,-32.14],[21.51,-32.14],[21.52,-32.14],[21.52,-32.15],[21.53,-32.15],[21.54,-32.16],[21.54,-32.17],[21.54,-32.16],[21.54,-32.15],[21.55,-32.15],[21.55,-32.16],[21.55,-32.17],[21.55,-32.16],[21.56,-32.16],[21.56,-32.15],[21.56,-32.16],[21.56,-32.17],[21.56,-32.18],[21.56,-32.19],[21.56,-32.2],[21.55,-32.2],[21.55,-32.21],[21.56,-32.21],[21.57,-32.22],[21.57,-32.21],[21.58,-32.21],[21.57,-32.2],[21.58,-32.2],[21.58,-32.19],[21.58,-32.18],[21.59,-32.18],[21.6,-32.19],[21.61,-32.19],[21.62,-32.19],[21.62,-32.18],[21.63,-32.18],[21.63,-32.17],[21.63,-32.18],[21.64,-32.19],[21.63,-32.19],[21.64,-32.19],[21.64,-32.2],[21.63,-32.21],[21.65,-32.21],[21.65,-32.2],[21.66,-32.2],[21.67,-32.2],[21.68,-32.2],[21.68,-32.19],[21.67,-32.19],[21.66,-32.18],[21.65,-32.18],[21.65,-32.17],[21.64,-32.17],[21.64,-32.15],[21.63,-32.15],[21.63,-32.14],[21.64,-32.13],[21.63,-32.12],[21.64,-32.12],[21.64,-32.11],[21.64,-32.1],[21.64,-32.09],[21.65,-32.09],[21.65,-32.08],[21.65,-32.07],[21.65,-32.06],[21.65,-32.05],[21.64,-32.05],[21.64,-32.06],[21.63,-32.06],[21.62,-32.06],[21.61,-32.06],[21.6,-32.06],[21.61,-32.07],[21.61,-32.08],[21.62,-32.08],[21.63,-32.09],[21.63,-32.1],[21.63,-32.11],[21.62,-32.1],[21.61,-32.11],[21.61,-32.1],[21.61,-32.11],[21.59,-32.11],[21.58,-32.11],[21.57,-32.11],[21.56,-32.11],[21.55,-32.1],[21.54,-32.1],[21.52,-32.1],[21.51,-32.1],[21.51,-32.09],[21.5,-32.09],[21.49,-32.09],[21.49,-32.08],[21.48,-32.08],[21.47,-32.08],[21.47,-32.07],[21.46,-32.07]]],[[[18.32,-31.89],[18.35,-32.29],[18.56,-32.1],[18.32,-31.89],[18.32,-31.89]]],[[[17.81,-31.01],[17.8,-31.01],[17.79,-31.01],[17.79,-31.02],[17.78,-31.02],[17.77,-31.02],[17.78,-31.03],[17.79,-31.03],[17.79,-31.04],[17.8,-31.04],[17.8,-31.05],[17.81,-31.06],[17.81,-31.07],[17.82,-31.07],[17.82,-31.08],[17.83,-31.08],[17.82,-31.09],[17.82,-31.1],[17.82,-31.11],[17.83,-31.11],[17.83,-31.12],[17.84,-31.11],[17.85,-31.11],[17.86,-31.11],[17.86,-31.12],[17.87,-31.13],[17.88,-31.13],[17.88,-31.14],[17.89,-31.14],[17.89,-31.15],[17.9,-31.15],[17.9,-31.16],[17.91,-31.16],[17.91,-31.17],[17.9,-31.17],[17.89,-31.17],[17.89,-31.18],[17.88,-31.18],[17.89,-31.19],[17.9,-31.19],[17.9,-31.2],[17.89,-31.2],[17.89,-31.21],[17.89,-31.22],[17.89,-31.21],[17.89,-31.22],[17.9,-31.22],[17.89,-31.22],[17.89,-31.23],[17.9,-31.22],[17.9,-31.21],[17.9,-31.2],[17.91,-31.2],[17.91,-31.19],[17.92,-31.19],[17.93,-31.19],[17.93,-31.18],[17.93,-31.17],[17.94,-31.17],[17.95,-31.17],[17.96,-31.17],[17.97,-31.16],[17.97,-31.17],[17.98,-31.17],[17.99,-31.17],[18,-31.18],[18,-31.17],[17.99,-31.17],[17.98,-31.17],[17.99,-31.16],[17.99,-31.17],[17.99,-31.16],[18,-31.16],[18.01,-31.16],[18.02,-31.16],[18.02,-31.15],[18.01,-31.14],[18.01,-31.13],[18,-31.12],[17.99,-31.12],[17.98,-31.12],[17.97,-31.11],[17.96,-31.1],[17.95,-31.1],[17.94,-31.1],[17.93,-31.1],[17.92,-31.1],[17.92,-31.09],[17.91,-31.09],[17.9,-31.09],[17.9,-31.1],[17.89,-31.1],[17.89,-31.09],[17.88,-31.09],[17.88,-31.08],[17.88,-31.07],[17.87,-31.07],[17.88,-31.07],[17.88,-31.06],[17.87,-31.06],[17.86,-31.05],[17.85,-31.05],[17.84,-31.05],[17.83,-31.05],[17.83,-31.04],[17.82,-31.04],[17.81,-31.04],[17.82,-31.04],[17.81,-31.04],[17.81,-31.03],[17.8,-31.03],[17.81,-31.02],[17.8,-31.02],[17.81,-31.02],[17.81,-31.01]]],[[[18.9,-30.05],[18.68,-30.39],[19.3,-30.75],[18.36,-30.86],[18.52,-31.17],[18.21,-31.56],[19.4,-32.2],[19.2,-32.23],[19.68,-32.84],[19.62,-33.25],[20.63,-33.24],[20.83,-33.3],[19.95,-33.4],[21.05,-33.87],[21.83,-33.81],[20.9,-33.46],[21.67,-33.26],[21.08,-33.16],[21.06,-32.76],[20.52,-33.08],[20.69,-32.7],[20.17,-32.11],[21,-32.56],[21.43,-32.17],[20.63,-32.11],[18.9,-30.05],[18.9,-30.05]],[[18.99,-30.12],[18.99,-30.11],[18.99,-30.12],[18.99,-30.12]],[[18.94,-30.82],[18.95,-30.83],[18.95,-30.84],[18.96,-30.84],[18.95,-30.85],[18.94,-30.86],[18.93,-30.86],[18.92,-30.86],[18.92,-30.87],[18.91,-30.86],[18.91,-30.85],[18.9,-30.85],[18.9,-30.84],[18.89,-30.83],[18.89,-30.81],[18.89,-30.8],[18.89,-30.79],[18.9,-30.79],[18.91,-30.79],[18.91,-30.8],[18.92,-30.8],[18.92,-30.81],[18.93,-30.81],[18.94,-30.82]],[[18.84,-30.87],[18.84,-30.88],[18.83,-30.88],[18.82,-30.89],[18.82,-30.9],[18.82,-30.91],[18.8,-30.91],[18.79,-30.9],[18.78,-30.9],[18.77,-30.89],[18.76,-30.88],[18.76,-30.87],[18.77,-30.85],[18.77,-30.84],[18.77,-30.83],[18.78,-30.81],[18.79,-30.8],[18.79,-30.79],[18.8,-30.78],[18.79,-30.78],[18.8,-30.77],[18.81,-30.78],[18.82,-30.79],[18.83,-30.8],[18.83,-30.81],[18.83,-30.82],[18.84,-30.82],[18.84,-30.83],[18.85,-30.83],[18.85,-30.84],[18.86,-30.84],[18.85,-30.84],[18.85,-30.85],[18.86,-30.85],[18.86,-30.84],[18.86,-30.85],[18.87,-30.85],[18.86,-30.85],[18.85,-30.85],[18.85,-30.86],[18.85,-30.87],[18.84,-30.87],[18.84,-30.86],[18.84,-30.87]],[[18.79,-30.77],[18.78,-30.77],[18.77,-30.77],[18.76,-30.77],[18.75,-30.77],[18.75,-30.76],[18.75,-30.75],[18.75,-30.74],[18.76,-30.74],[18.76,-30.75],[18.77,-30.75],[18.77,-30.76],[18.78,-30.76],[18.79,-30.76],[18.79,-30.77],[18.79,-30.77]],[[18.88,-30.74],[19.08,-30.73],[18.87,-30.75],[18.88,-30.74]],[[18.92,-30.7],[18.93,-30.71],[18.92,-30.71],[18.92,-30.72],[18.91,-30.72],[18.9,-30.72],[18.9,-30.71],[18.91,-30.71],[18.92,-30.71],[18.92,-30.7],[18.92,-30.7]],[[19.72,-31.21],[19.58,-31.36],[19.72,-31.21],[19.72,-31.21]],[[19.66,-31.18],[19.67,-31.18],[19.66,-31.19],[19.65,-31.19],[19.65,-31.18],[19.64,-31.18],[19.65,-31.18],[19.65,-31.17],[19.64,-31.17],[19.66,-31.17],[19.66,-31.18]],[[19.62,-31.19],[19.62,-31.2],[19.61,-31.2],[19.61,-31.19],[19.6,-31.19],[19.6,-31.21],[19.59,-31.21],[19.57,-31.2],[19.56,-31.21],[19.56,-31.22],[19.55,-31.22],[19.55,-31.21],[19.55,-31.22],[19.54,-31.22],[19.54,-31.23],[19.53,-31.24],[19.52,-31.24],[19.52,-31.23],[19.51,-31.23],[19.5,-31.22],[19.51,-31.22],[19.51,-31.21],[19.5,-31.2],[19.5,-31.19],[19.51,-31.19],[19.51,-31.18],[19.5,-31.18],[19.49,-31.18],[19.49,-31.19],[19.48,-31.19],[19.47,-31.2],[19.47,-31.19],[19.48,-31.18],[19.49,-31.17],[19.5,-31.16],[19.51,-31.16],[19.5,-31.15],[19.49,-31.15],[19.49,-31.16],[19.48,-31.16],[19.47,-31.16],[19.46,-31.17],[19.46,-31.16],[19.46,-31.15],[19.47,-31.15],[19.48,-31.15],[19.49,-31.14],[19.5,-31.14],[19.5,-31.15],[19.51,-31.15],[19.52,-31.15],[19.53,-31.15],[19.53,-31.16],[19.52,-31.16],[19.53,-31.17],[19.52,-31.17],[19.51,-31.17],[19.5,-31.17],[19.5,-31.18],[19.51,-31.17],[19.52,-31.18],[19.53,-31.18],[19.54,-31.18],[19.54,-31.17],[19.54,-31.16],[19.55,-31.16],[19.55,-31.15],[19.56,-31.15],[19.57,-31.15],[19.57,-31.14],[19.56,-31.14],[19.57,-31.14],[19.58,-31.14],[19.59,-31.15],[19.6,-31.15],[19.61,-31.15],[19.61,-31.14],[19.61,-31.13],[19.62,-31.13],[19.63,-31.13],[19.63,-31.12],[19.64,-31.11],[19.64,-31.12],[19.65,-31.12],[19.65,-31.13],[19.65,-31.12],[19.66,-31.12],[19.66,-31.13],[19.66,-31.14],[19.66,-31.15],[19.65,-31.16],[19.64,-31.16],[19.63,-31.16],[19.62,-31.15],[19.63,-31.16],[19.63,-31.17],[19.63,-31.18],[19.63,-31.17],[19.62,-31.17],[19.61,-31.16],[19.61,-31.17],[19.62,-31.17],[19.62,-31.18],[19.62,-31.19]],[[19.13,-31.24],[19.24,-31.82],[18.64,-31.8],[18.96,-31.8],[19.13,-31.24],[19.13,-31.24]],[[19.34,-31.25],[19.34,-31.26],[19.35,-31.26],[19.34,-31.26],[19.35,-31.26],[19.35,-31.27],[19.34,-31.27],[19.34,-31.26],[19.34,-31.27],[19.33,-31.27],[19.33,-31.28],[19.34,-31.28],[19.35,-31.28],[19.35,-31.29],[19.35,-31.3],[19.34,-31.3],[19.34,-31.31],[19.35,-31.31],[19.35,-31.3],[19.36,-31.3],[19.36,-31.29],[19.35,-31.29],[19.35,-31.28],[19.34,-31.28],[19.33,-31.28],[19.33,-31.27],[19.34,-31.27],[19.35,-31.27],[19.36,-31.27],[19.35,-31.26],[19.36,-31.26],[19.37,-31.26],[19.38,-31.26],[19.38,-31.27],[19.38,-31.28],[19.38,-31.29],[19.38,-31.3],[19.38,-31.31],[19.38,-31.32],[19.39,-31.32],[19.39,-31.33],[19.38,-31.33],[19.37,-31.32],[19.36,-31.32],[19.35,-31.32],[19.34,-31.32],[19.34,-31.31],[19.33,-31.31],[19.33,-31.3],[19.34,-31.3],[19.34,-31.29],[19.32,-31.29],[19.32,-31.28],[19.32,-31.27],[19.32,-31.26],[19.33,-31.26],[19.34,-31.25]],[[19.67,-31.36],[19.66,-31.36],[19.65,-31.36],[19.65,-31.35],[19.65,-31.34],[19.64,-31.34],[19.63,-31.34],[19.64,-31.34],[19.65,-31.33],[19.66,-31.32],[19.69,-31.32],[19.69,-31.33],[19.69,-31.34],[19.69,-31.35],[19.68,-31.35],[19.67,-31.35],[19.66,-31.35],[19.67,-31.36],[19.67,-31.36]],[[19.76,-31.35],[19.91,-31.21],[19.76,-31.35],[19.76,-31.35]],[[19.75,-31.2],[19.76,-31.2],[19.75,-31.21],[19.75,-31.2],[19.75,-31.19],[19.76,-31.19],[19.76,-31.18],[19.76,-31.19],[19.77,-31.19],[19.76,-31.19],[19.76,-31.2],[19.75,-31.2],[19.75,-31.2]],[[19.9,-31.19],[19.9,-31.18],[19.89,-31.18],[19.9,-31.17],[19.91,-31.18],[19.92,-31.18],[19.93,-31.18],[19.93,-31.19],[19.94,-31.19],[19.94,-31.2],[19.95,-31.2],[19.94,-31.2],[19.93,-31.19],[19.92,-31.19],[19.91,-31.18],[19.9,-31.18],[19.91,-31.19],[19.9,-31.19]],[[19.94,-31.26],[19.95,-31.25],[19.95,-31.26],[19.94,-31.26],[19.94,-31.26]],[[19.24,-31.46],[19.24,-31.47],[19.23,-31.47],[19.23,-31.46],[19.24,-31.46],[19.24,-31.46]],[[19.24,-31.46],[19.24,-31.46],[19.24,-31.46],[19.24,-31.46],[19.24,-31.46],[19.24,-31.46],[19.24,-31.46],[19.24,-31.46],[19.24,-31.46],[19.24,-31.46],[19.24,-31.46],[19.24,-31.46],[19.24,-31.46],[19.24,-31.46]],[[19.74,-31.55],[19.73,-31.55],[19.73,-31.54],[19.74,-31.53],[19.75,-31.53],[19.75,-31.52],[19.75,-31.51],[19.76,-31.51],[19.76,-31.53],[19.77,-31.53],[19.78,-31.52],[19.79,-31.52],[19.79,-31.53],[19.78,-31.54],[19.78,-31.55],[19.78,-31.56],[19.77,-31.56],[19.76,-31.56],[19.75,-31.56],[19.74,-31.56],[19.74,-31.55],[19.74,-31.55]],[[19.87,-31.57],[19.88,-31.56],[19.88,-31.57],[19.87,-31.57],[19.87,-31.58],[19.86,-31.58],[19.87,-31.57]],[[19.86,-31.6],[19.86,-31.61],[19.87,-31.61],[19.87,-31.62],[19.86,-31.62],[19.86,-31.63],[19.85,-31.63],[19.85,-31.62],[19.85,-31.61],[19.86,-31.6],[19.86,-31.6]],[[19.84,-31.64],[19.85,-31.64],[19.85,-31.65],[19.84,-31.65],[19.84,-31.66],[19.83,-31.66],[19.84,-31.67],[19.83,-31.67],[19.82,-31.66],[19.82,-31.65],[19.83,-31.65],[19.82,-31.65],[19.82,-31.64],[19.83,-31.65],[19.84,-31.64],[19.84,-31.64]],[[19.8,-31.66],[19.8,-31.67],[19.79,-31.67],[19.78,-31.67],[19.79,-31.67],[19.79,-31.66],[19.8,-31.66]],[[20,-31.78],[19.99,-31.78],[19.99,-31.77],[20,-31.77],[20,-31.78],[20.01,-31.78],[20.02,-31.78],[20.02,-31.77],[20.03,-31.77],[20.03,-31.78],[20.02,-31.78],[20.02,-31.79],[20.01,-31.78],[20.01,-31.79],[20,-31.79],[20.01,-31.79],[20.02,-31.79],[20.02,-31.8],[20.01,-31.8],[20,-31.8],[20,-31.79],[20,-31.78]],[[20.12,-31.84],[20.13,-31.83],[20.13,-31.84],[20.12,-31.84],[20.13,-31.84],[20.13,-31.85],[20.12,-31.85],[20.12,-31.84],[20.12,-31.84]],[[20.06,-31.84],[20.06,-31.85],[20.07,-31.85],[20.06,-31.85],[20.05,-31.86],[20.05,-31.85],[20.06,-31.84],[20.06,-31.84]],[[19.96,-31.84],[20.05,-32.02],[19.96,-31.84],[19.96,-31.84]],[[20.11,-31.87],[20.1,-31.87],[20.11,-31.87],[20.11,-31.86],[20.11,-31.87],[20.11,-31.87]],[[20.02,-31.9],[20.03,-31.9],[20.03,-31.91],[20.02,-31.91],[20.02,-31.9]],[[20.09,-31.93],[20.1,-31.94],[20.09,-31.94],[20.08,-31.94],[20.08,-31.93],[20.09,-31.93]],[[20.25,-31.95],[20.26,-31.95],[20.27,-31.95],[20.28,-31.95],[20.28,-31.96],[20.27,-31.96],[20.27,-31.95],[20.26,-31.95],[20.26,-31.96],[20.26,-31.97],[20.25,-31.97],[20.25,-31.96],[20.25,-31.95],[20.25,-31.95]],[[20,-31.95],[20,-31.96],[20,-31.95],[20,-31.95]],[[20.25,-31.99],[20.25,-31.98],[20.26,-31.98],[20.27,-31.99],[20.28,-31.99],[20.28,-32],[20.27,-32],[20.27,-31.99],[20.26,-31.99],[20.25,-31.99],[20.25,-31.99]],[[20.28,-32],[20.28,-32.01],[20.29,-32.01],[20.29,-32.02],[20.3,-32.03],[20.31,-32.03],[20.32,-32.03],[20.32,-32.04],[20.31,-32.04],[20.3,-32.04],[20.3,-32.05],[20.3,-32.04],[20.29,-32.04],[20.3,-32.04],[20.3,-32.03],[20.29,-32.03],[20.28,-32.03],[20.28,-32.02],[20.28,-32.01],[20.28,-32]],[[20.36,-32.04],[20.35,-32.04],[20.36,-32.04],[20.36,-32.03],[20.37,-32.04],[20.38,-32.04],[20.39,-32.04],[20.38,-32.05],[20.38,-32.06],[20.38,-32.07],[20.39,-32.08],[20.39,-32.09],[20.39,-32.1],[20.39,-32.09],[20.38,-32.08],[20.38,-32.07],[20.38,-32.06],[20.37,-32.05],[20.36,-32.05],[20.36,-32.04]],[[20.29,-32.05],[20.3,-32.05],[20.29,-32.06],[20.28,-32.05],[20.29,-32.05]],[[18.63,-31.79],[18.63,-31.8],[18.62,-31.79],[18.62,-31.78],[18.62,-31.77],[18.63,-31.76],[18.63,-31.77],[18.64,-31.77],[18.63,-31.77],[18.63,-31.78],[18.63,-31.79],[18.62,-31.79],[18.63,-31.79],[18.63,-31.79]],[[18.96,-31.77],[18.96,-31.76],[18.97,-31.76],[18.97,-31.77],[18.96,-31.77],[18.95,-31.77],[18.96,-31.77],[18.96,-31.77]],[[18.55,-31.66],[18.87,-31.45],[18.55,-31.66],[18.55,-31.66]],[[20.11,-32.1],[20.12,-32.1],[20.11,-32.11],[20.11,-32.1]],[[19.3,-32.11],[19.31,-32.11],[19.3,-32.11],[19.3,-32.12],[19.3,-32.11],[19.3,-32.12],[19.29,-32.12],[19.29,-32.11],[19.29,-32.12],[19.29,-32.11],[19.28,-32.11],[19.28,-32.12],[19.28,-32.11],[19.29,-32.11],[19.3,-32.11],[19.3,-32.11]],[[20.11,-32.14],[20.12,-32.13],[20.13,-32.14],[20.12,-32.14],[20.12,-32.15],[20.13,-32.16],[20.13,-32.17],[20.14,-32.17],[20.13,-32.18],[20.13,-32.17],[20.12,-32.17],[20.11,-32.17],[20.11,-32.16],[20.11,-32.15],[20.11,-32.14]],[[19.39,-32.17],[19.38,-32.17],[19.37,-32.17],[19.37,-32.16],[19.38,-32.16],[19.39,-32.16],[19.39,-32.17],[19.39,-32.17]],[[19.39,-32.19],[19.4,-32.19],[19.39,-32.19],[19.39,-32.19]],[[19.45,-32.21],[19.45,-32.22],[19.46,-32.22],[19.45,-32.22],[19.44,-32.22],[19.45,-32.22],[19.45,-32.21]],[[19.51,-32.3],[19.5,-32.3],[19.5,-32.29],[19.51,-32.29],[19.51,-32.3],[19.51,-32.3]],[[19.39,-32.3],[19.46,-32.49],[19.39,-32.29],[19.39,-32.3]],[[20.19,-32.75],[20.19,-32.76],[20.19,-32.75],[20.18,-32.75],[20.19,-32.75],[20.19,-32.75]],[[20.27,-32.76],[20.28,-32.76],[20.29,-32.76],[20.29,-32.77],[20.3,-32.77],[20.3,-32.76],[20.31,-32.76],[20.31,-32.77],[20.3,-32.77],[20.29,-32.77],[20.28,-32.77],[20.28,-32.76],[20.27,-32.76],[20.27,-32.76]],[[20.2,-32.76],[20.2,-32.77],[20.19,-32.77],[20.19,-32.76],[20.2,-32.76],[20.2,-32.76]],[[20.22,-32.79],[20.22,-32.78],[20.23,-32.78],[20.23,-32.79],[20.22,-32.79],[20.22,-32.79]],[[20.31,-32.79],[20.32,-32.79],[20.32,-32.8],[20.31,-32.8],[20.31,-32.79],[20.31,-32.79]],[[20.29,-32.8],[20.3,-32.8],[20.31,-32.8],[20.31,-32.81],[20.3,-32.81],[20.29,-32.81],[20.28,-32.81],[20.28,-32.8],[20.27,-32.8],[20.26,-32.8],[20.25,-32.8],[20.26,-32.8],[20.27,-32.8],[20.28,-32.8],[20.29,-32.8]],[[20.31,-32.82],[20.31,-32.81],[20.32,-32.81],[20.32,-32.82],[20.31,-32.82],[20.31,-32.82]],[[19.75,-33.21],[19.76,-33.21],[19.75,-33.22],[19.75,-33.21],[19.75,-33.21]],[[19.79,-33.23],[19.79,-33.23],[19.79,-33.23],[19.79,-33.23],[19.79,-33.23],[19.79,-33.23],[19.79,-33.23],[19.79,-33.23],[19.79,-33.23],[19.79,-33.23],[19.79,-33.23],[19.79,-33.23],[19.79,-33.23],[19.79,-33.23],[19.79,-33.23],[19.79,-33.23],[19.79,-33.23],[19.79,-33.24],[19.79,-33.24],[19.79,-33.24],[19.79,-33.24],[19.79,-33.24],[19.79,-33.23]],[[20.63,-33.18],[20.64,-33.18],[20.64,-33.19],[20.63,-33.19],[20.62,-33.19],[20.62,-33.2],[20.61,-33.2],[20.6,-33.2],[20.6,-33.19],[20.6,-33.18],[20.61,-33.18],[20.62,-33.19],[20.63,-33.18]],[[21.05,-33.29],[21.05,-33.3],[21.04,-33.3],[21.04,-33.31],[21.03,-33.31],[21.02,-33.32],[21.02,-33.31],[21.01,-33.31],[21,-33.31],[21,-33.3],[21.01,-33.3],[21.02,-33.3],[21.03,-33.3],[21.04,-33.3],[21.03,-33.3],[21.04,-33.3],[21.05,-33.29],[21.05,-33.29]],[[20.99,-33.31],[20.99,-33.32],[21,-33.32],[20.99,-33.32],[20.98,-33.32],[20.97,-33.32],[20.96,-33.32],[20.96,-33.33],[20.95,-33.33],[20.95,-33.32],[20.94,-33.32],[20.94,-33.33],[20.93,-33.33],[20.93,-33.32],[20.93,-33.31],[20.94,-33.31],[20.95,-33.31],[20.96,-33.31],[20.97,-33.31],[20.98,-33.31],[20.98,-33.3],[20.99,-33.31]],[[20.93,-33.34],[20.93,-33.33],[20.94,-33.33],[20.94,-33.34],[20.95,-33.34],[20.95,-33.35],[20.94,-33.35],[20.93,-33.34],[20.93,-33.34]],[[20.98,-33.35],[20.98,-33.34],[20.99,-33.34],[21,-33.34],[21,-33.35],[20.99,-33.35],[20.98,-33.35],[20.97,-33.35],[20.98,-33.35]],[[20.82,-33.45],[20.83,-33.45],[20.84,-33.45],[20.85,-33.45],[20.86,-33.46],[20.87,-33.46],[20.88,-33.46],[20.88,-33.47],[20.88,-33.48],[20.89,-33.48],[20.9,-33.48],[20.9,-33.49],[20.91,-33.49],[20.9,-33.49],[20.9,-33.5],[20.89,-33.5],[20.88,-33.5],[20.87,-33.5],[20.86,-33.5],[20.85,-33.5],[20.84,-33.5],[20.83,-33.5],[20.82,-33.5],[20.81,-33.5],[20.8,-33.5],[20.79,-33.5],[20.79,-33.51],[20.78,-33.51],[20.77,-33.51],[20.77,-33.5],[20.77,-33.51],[20.76,-33.51],[20.75,-33.51],[20.76,-33.5],[20.75,-33.5],[20.75,-33.49],[20.75,-33.48],[20.74,-33.48],[20.74,-33.47],[20.75,-33.47],[20.76,-33.47],[20.77,-33.47],[20.78,-33.47],[20.79,-33.47],[20.79,-33.46],[20.8,-33.47],[20.8,-33.46],[20.81,-33.46],[20.82,-33.46],[20.82,-33.45]],[[21.07,-33.47],[21.07,-33.48],[21.08,-33.48],[21.08,-33.47],[21.09,-33.48],[21.1,-33.48],[21.09,-33.48],[21.1,-33.48],[21.11,-33.48],[21.1,-33.48],[21.11,-33.48],[21.12,-33.48],[21.13,-33.48],[21.12,-33.48],[21.12,-33.49],[21.13,-33.49],[21.14,-33.49],[21.13,-33.49],[21.14,-33.49],[21.14,-33.5],[21.13,-33.5],[21.12,-33.5],[21.12,-33.49],[21.1,-33.49],[21.09,-33.49],[21.09,-33.48],[21.08,-33.48],[21.07,-33.48],[21.06,-33.48],[21.05,-33.48],[21.06,-33.48],[21.05,-33.48],[21.05,-33.47],[21.06,-33.48],[21.06,-33.47],[21.07,-33.47],[21.07,-33.48],[21.07,-33.47],[21.07,-33.47]],[[21.12,-33.48],[21.12,-33.47],[21.12,-33.48],[21.13,-33.48],[21.12,-33.48],[21.12,-33.48]],[[21.1,-33.49],[21.1,-33.5],[21.09,-33.5],[21.08,-33.5],[21.08,-33.49],[21.09,-33.49],[21.1,-33.49],[21.1,-33.49]],[[21.04,-33.47],[21.04,-33.48],[21.04,-33.47],[21.04,-33.47]],[[21.01,-33.47],[21.01,-33.48],[21,-33.48],[21,-33.47],[21.01,-33.47],[21.01,-33.47]],[[21.01,-33.47],[21,-33.47],[21.01,-33.47],[21.01,-33.47]],[[21.04,-33.47],[21.05,-33.47],[21.04,-33.47],[21.04,-33.47]],[[20.83,-33.5],[20.64,-33.57],[20.83,-33.5],[20.83,-33.5]],[[20.97,-33.54],[20.98,-33.54],[20.99,-33.54],[21,-33.54],[21,-33.55],[21.01,-33.55],[21.02,-33.55],[21.03,-33.55],[21.03,-33.56],[21.04,-33.56],[21.05,-33.56],[21.06,-33.56],[21.07,-33.56],[21.08,-33.57],[21.07,-33.57],[21.06,-33.57],[21.05,-33.57],[21.04,-33.57],[21.04,-33.58],[21.03,-33.58],[21.02,-33.58],[21.01,-33.58],[21,-33.58],[20.99,-33.58],[20.98,-33.58],[20.97,-33.58],[20.96,-33.58],[20.95,-33.58],[20.94,-33.58],[20.93,-33.58],[20.92,-33.58],[20.91,-33.58],[20.9,-33.58],[20.89,-33.58],[20.88,-33.58],[20.87,-33.58],[20.86,-33.58],[20.86,-33.57],[20.85,-33.57],[20.85,-33.56],[20.84,-33.56],[20.84,-33.55],[20.85,-33.55],[20.86,-33.55],[20.87,-33.55],[20.88,-33.55],[20.89,-33.55],[20.89,-33.54],[20.9,-33.54],[20.9,-33.55],[20.9,-33.54],[20.91,-33.54],[20.91,-33.55],[20.91,-33.54],[20.92,-33.54],[20.93,-33.54],[20.94,-33.54],[20.95,-33.54],[20.96,-33.54],[20.97,-33.54]],[[20.38,-33.51],[20.37,-33.52],[20.36,-33.52],[20.35,-33.52],[20.34,-33.52],[20.33,-33.52],[20.32,-33.52],[20.33,-33.52],[20.33,-33.51],[20.34,-33.51],[20.34,-33.5],[20.35,-33.5],[20.35,-33.51],[20.36,-33.51],[20.37,-33.51],[20.38,-33.51],[20.38,-33.51]],[[20.12,-33.46],[20.12,-33.45],[20.13,-33.45],[20.13,-33.44],[20.14,-33.44],[20.15,-33.44],[20.16,-33.44],[20.17,-33.44],[20.18,-33.44],[20.19,-33.44],[20.19,-33.45],[20.2,-33.45],[20.19,-33.45],[20.19,-33.46],[20.18,-33.46],[20.17,-33.46],[20.17,-33.47],[20.16,-33.46],[20.15,-33.46],[20.14,-33.47],[20.14,-33.48],[20.13,-33.48],[20.12,-33.48],[20.11,-33.47],[20.11,-33.46],[20.12,-33.46],[20.11,-33.46],[20.11,-33.45],[20.11,-33.46],[20.12,-33.46]],[[20.19,-33.31],[20.18,-33.31],[20.19,-33.31],[20.19,-33.31]],[[20.09,-33.36],[20.1,-33.36],[20.11,-33.36],[20.1,-33.36],[20.09,-33.36],[20.09,-33.36]],[[20.64,-33.06],[20.63,-33.06],[20.62,-33.06],[20.62,-33.05],[20.63,-33.05],[20.63,-33.04],[20.64,-33.04],[20.64,-33.05],[20.64,-33.06]],[[20.65,-33.05],[20.65,-33.04],[20.66,-33.04],[20.67,-33.04],[20.68,-33.04],[20.67,-33.04],[20.67,-33.05],[20.68,-33.05],[20.67,-33.05],[20.66,-33.05],[20.66,-33.04],[20.66,-33.05],[20.65,-33.05],[20.65,-33.06],[20.65,-33.05]],[[20.38,-32.16],[20.38,-32.15],[20.39,-32.15],[20.4,-32.14],[20.39,-32.13],[20.4,-32.12],[20.4,-32.11],[20.4,-32.12],[20.41,-32.13],[20.42,-32.13],[20.41,-32.13],[20.41,-32.14],[20.42,-32.15],[20.42,-32.16],[20.43,-32.16],[20.44,-32.17],[20.44,-32.19],[20.46,-32.2],[20.45,-32.21],[20.44,-32.2],[20.43,-32.19],[20.43,-32.18],[20.42,-32.18],[20.41,-32.18],[20.4,-32.18],[20.4,-32.17],[20.4,-32.16],[20.39,-32.16],[20.38,-32.16],[20.37,-32.16],[20.38,-32.16]],[[20.96,-32.31],[20.97,-32.32],[20.96,-32.32],[20.95,-32.33],[20.96,-32.33],[20.97,-32.33],[20.97,-32.34],[20.98,-32.34],[20.98,-32.33],[20.99,-32.33],[21,-32.33],[21,-32.32],[21.01,-32.33],[21,-32.33],[21.01,-32.33],[21.01,-32.34],[21,-32.34],[20.99,-32.34],[20.98,-32.35],[20.98,-32.34],[20.98,-32.35],[20.97,-32.35],[20.97,-32.36],[20.97,-32.35],[20.96,-32.35],[20.95,-32.35],[20.95,-32.36],[20.94,-32.37],[20.93,-32.37],[20.93,-32.38],[20.92,-32.38],[20.91,-32.38],[20.91,-32.37],[20.9,-32.37],[20.9,-32.36],[20.91,-32.36],[20.92,-32.36],[20.92,-32.35],[20.93,-32.35],[20.93,-32.36],[20.92,-32.36],[20.93,-32.36],[20.94,-32.36],[20.93,-32.36],[20.93,-32.35],[20.94,-32.35],[20.95,-32.34],[20.94,-32.34],[20.95,-32.34],[20.95,-32.33],[20.94,-32.33],[20.95,-32.32],[20.96,-32.32],[20.96,-32.31]]],[[[17.38,-29.12],[17.21,-29.24],[17.38,-29.13],[17.38,-29.12]]],[[[17.58,-29.1],[17.04,-29.64],[17.61,-29.66],[17.59,-29.1],[17.58,-29.1]]]]},"bbox":[17.04,-33.93,24.9,-29.1]},{"type":"Feature","properties":{},"geometry":{"type":"Polygon","coordinates":[[[92.42,43.18],[88.01,43.4],[87.58,42.69],[79.55,41.62],[77.95,40.66],[76.72,40.57],[75.99,40.05],[74.69,39.75],[76.6,38.45],[77.03,37.55],[81.1,36.26],[82.53,36.26],[87.21,38.29],[87.68,38.11],[88.62,38.79],[91.46,38.73],[93.59,39.52],[94.6,39.46],[94,40.24],[93.51,40.28],[93.76,40.7],[93.49,41.03],[94.2,41.28],[94.32,42.02],[95.22,42.34],[95.95,43.15],[94.76,42.77],[92.56,43.14],[92.42,43.18]],[[84.33,41.25],[86.39,41.02],[87.7,40.11],[85.72,40.93],[84.71,40.32],[82.58,40.33],[81.58,40.64],[80.92,40.33],[81.07,39.18],[80.48,37.99],[80.61,40.07],[79.8,39.87],[79.54,40.19],[81.31,40.87],[84.23,41.19],[84.33,41.25]],[[82.81,38.01],[83.11,38.24],[83.17,37.69],[83.71,38.28],[84.31,38.12],[83.04,37.4],[82.64,37.58],[82.77,37.93],[82.81,38.01]]]},"bbox":[74.69,36.26,95.95,43.4]},{"type":"Feature","properties":{},"geometry":{"type":"MultiPolygon","coordinates":[[[[-98.18,24.06],[-98.72,23.86],[-98.17,24.04],[-98.18,24.06]]],[[[-99.06,24.86],[-99.26,24.84],[-99.04,24.38],[-98.39,24.34],[-98.47,24.83],[-98.45,24.63],[-98.62,24.94],[-99.05,24.86],[-99.06,24.86]],[[-98.78,24.65],[-98.59,24.57],[-98.78,24.64],[-98.78,24.65]]],[[[-100.6,25.85],[-100.12,25.49],[-99.52,24.04],[-99.13,23.96],[-99.33,25.27],[-99.8,25.29],[-100.37,26.08],[-100.59,25.86],[-100.6,25.85]],[[-100.45,25.71],[-100.46,25.72],[-100.46,25.73],[-100.46,25.74],[-100.45,25.74],[-100.44,25.74],[-100.43,25.74],[-100.42,25.73],[-100.41,25.73],[-100.4,25.73],[-100.4,25.71],[-100.41,25.7],[-100.42,25.7],[-100.43,25.71],[-100.44,25.7],[-100.45,25.71]],[[-100.36,26.02],[-100.35,26.02],[-100.35,26],[-100.35,25.99],[-100.36,25.98],[-100.37,25.97],[-100.38,25.97],[-100.39,25.97],[-100.4,25.97],[-100.4,25.98],[-100.4,25.99],[-100.4,26],[-100.39,26],[-100.39,26.01],[-100.38,26.01],[-100.38,26.02],[-100.37,26.02],[-100.36,26.02]]],[[[-100.38,26.96],[-100.37,26.34],[-99.79,25.74],[-99.74,26.14],[-99.85,26.31],[-99.81,25.95],[-100.23,26.36],[-100.37,26.94],[-100.38,26.96]]]]},"bbox":[-100.6,23.86,-98.17,26.96]},{"type":"Feature","properties":{},"geometry":{"type":"MultiPolygon","coordinates":[[[[-100.61,29.8],[-100.93,29.43],[-101.83,29.71],[-101.82,29.33],[-101.28,29.03],[-101.29,28.42],[-101.66,28.43],[-101.88,28.05],[-100.88,27.04],[-100.36,27.28],[-100.51,26.91],[-99.67,25.82],[-100.59,26.61],[-99.85,25.36],[-99.24,25.15],[-99.54,24.87],[-99.33,24.32],[-99.04,24.42],[-99.12,24.94],[-98.75,24.83],[-97.92,23.9],[-98.4,25.33],[-98.2,25.41],[-98.42,26.53],[-98.85,26.95],[-97.86,28.1],[-98.89,29.46],[-99.87,29.32],[-100.61,29.8],[-100.61,29.8]],[[-100.16,26.81],[-100.17,26.82],[-100.18,26.82],[-100.2,26.83],[-100.21,26.84],[-100.22,26.85],[-100.24,26.86],[-100.25,26.87],[-100.27,26.88],[-100.28,26.88],[-100.28,26.89],[-100.27,26.9],[-100.27,26.91],[-100.27,26.92],[-100.26,26.92],[-100.25,26.92],[-100.24,26.93],[-100.23,26.94],[-100.23,26.95],[-100.22,26.96],[-100.21,26.97],[-100.2,26.98],[-100.19,26.98],[-100.19,26.97],[-100.18,26.97],[-100.18,26.96],[-100.17,26.94],[-100.16,26.93],[-100.16,26.92],[-100.16,26.91],[-100.15,26.9],[-100.15,26.89],[-100.14,26.88],[-100.13,26.88],[-100.12,26.87],[-100.12,26.86],[-100.13,26.85],[-100.14,26.83],[-100.13,26.83],[-100.13,26.82],[-100.14,26.81],[-100.15,26.81],[-100.16,26.81]],[[-100.11,26.82],[-99.99,26.65],[-100.11,26.81],[-100.11,26.82]],[[-100.08,26.05],[-100.07,26.04],[-100.06,26.03],[-100.06,26.02],[-100.05,26.01],[-100.05,25.99],[-100.04,25.98],[-100.03,25.96],[-100.03,25.95],[-100.02,25.94],[-100.01,25.93],[-100.01,25.92],[-100.03,25.92],[-100.04,25.93],[-100.05,25.94],[-100.06,25.95],[-100.07,25.96],[-100.08,25.98],[-100.09,25.99],[-100.09,26],[-100.1,26.01],[-100.11,26.03],[-100.11,26.04],[-100.1,26.05],[-100.09,26.05],[-100.08,26.05]],[[-100.13,26.05],[-100.13,26.04],[-100.13,26.03],[-100.13,26.02],[-100.14,26.02],[-100.15,26.03],[-100.16,26.04],[-100.17,26.05],[-100.18,26.06],[-100.19,26.07],[-100.2,26.07],[-100.21,26.08],[-100.22,26.09],[-100.23,26.09],[-100.23,26.1],[-100.23,26.11],[-100.22,26.12],[-100.21,26.12],[-100.2,26.12],[-100.19,26.12],[-100.18,26.11],[-100.17,26.11],[-100.16,26.09],[-100.15,26.08],[-100.14,26.07],[-100.14,26.06],[-100.13,26.05]],[[-100.26,26.11],[-100.26,26.1],[-100.26,26.09],[-100.27,26.1],[-100.28,26.1],[-100.29,26.1],[-100.3,26.11],[-100.31,26.12],[-100.32,26.13],[-100.33,26.14],[-100.33,26.15],[-100.34,26.16],[-100.34,26.17],[-100.35,26.17],[-100.35,26.18],[-100.36,26.19],[-100.36,26.2],[-100.37,26.21],[-100.37,26.22],[-100.36,26.22],[-100.36,26.23],[-100.35,26.24],[-100.35,26.23],[-100.34,26.23],[-100.33,26.22],[-100.33,26.21],[-100.32,26.21],[-100.32,26.2],[-100.31,26.19],[-100.3,26.19],[-100.29,26.18],[-100.28,26.16],[-100.27,26.15],[-100.27,26.14],[-100.26,26.14],[-100.26,26.13],[-100.26,26.11]],[[-98.33,24.34],[-98.32,24.35],[-98.31,24.34],[-98.3,24.34],[-98.29,24.34],[-98.28,24.34],[-98.27,24.34],[-98.26,24.34],[-98.24,24.33],[-98.24,24.32],[-98.23,24.31],[-98.23,24.3],[-98.23,24.29],[-98.23,24.28],[-98.23,24.27],[-98.22,24.26],[-98.21,24.25],[-98.21,24.24],[-98.22,24.22],[-98.23,24.22],[-98.24,24.22],[-98.25,24.23],[-98.26,24.24],[-98.28,24.24],[-98.28,24.25],[-98.28,24.26],[-98.28,24.27],[-98.27,24.27],[-98.28,24.28],[-98.29,24.29],[-98.31,24.29],[-98.31,24.3],[-98.32,24.3],[-98.33,24.31],[-98.33,24.32],[-98.33,24.33],[-98.33,24.34],[-98.33,24.34]]]]},"bbox":[-101.88,23.9,-97.86,29.8]},{"type":"Feature","properties":{},"geometry":{"type":"MultiPolygon","coordinates":[[[[-97.43,19.63],[-97.92,19.47],[-97.6,19.06],[-97.99,18.95],[-98.07,18.47],[-97.61,18.12],[-97.21,18.19],[-97.44,19.61],[-97.43,19.63]]]]},"bbox":[-98.07,18.12,-97.21,19.63]},{"type":"Feature","properties":{},"geometry":{"type":"Polygon","coordinates":[[[71.09,24.69],[71.73,24.57],[72.08,25.72],[73.44,26.8],[73.65,27.52],[74.19,27.24],[73.97,26.63],[74.17,26.53],[74.84,27.23],[74.97,27.86],[76.11,28.56],[73.72,30.04],[71.14,29.07],[70.36,28.22],[69.26,27.65],[69.01,27.09],[68.74,27.3],[68.38,26.54],[69.71,25.51],[69.19,24.41],[70.83,24.23],[71.09,24.68],[71.09,24.69]]]},"bbox":[68.38,24.23,76.11,30.04]},{"type":"Feature","properties":{},"geometry":{"type":"MultiPolygon","coordinates":[[[[25.25,22.02],[24.81,21.83],[25.25,22.01],[25.25,22.02]]],[[[19.67,22.84],[19.69,23.06],[19.13,22.79],[18.15,21.91],[16.66,22.12],[16.43,21.76],[15.82,22.2],[15.92,21.35],[16.44,20.5],[18.21,19.46],[18.75,19.45],[19.18,20.42],[18.95,21],[19.6,21.97],[19.64,22.72],[19.67,22.84]]]]},"bbox":[15.82,19.45,25.25,23.06]},{"type":"Feature","properties":{},"geometry":{"type":"MultiPolygon","coordinates":[[[[136.79,-28.59],[136.42,-29.05],[136.96,-29.03],[136.79,-28.59],[136.79,-28.59]]],[[[134.54,-25.94],[133.82,-25.94],[133.88,-26.31],[133.46,-26.65],[134.21,-26.21],[134.49,-26.76],[135.29,-26.67],[135.22,-27.05],[134.09,-26.92],[133.5,-27.3],[134.1,-27.81],[134.05,-28.6],[134.4,-29.3],[132.41,-29.67],[132.56,-30.01],[133.88,-30.51],[134,-30.89],[135.12,-31.32],[134.58,-31.6],[135.54,-31.9],[135.64,-32.08],[134.71,-31.86],[135.34,-32.64],[137.39,-33.3],[137.95,-32.76],[137.85,-32.17],[138.24,-31.7],[138.16,-30.38],[138.49,-30.61],[138.63,-30.1],[139.56,-29.77],[139.22,-31.71],[139.93,-32.07],[139.82,-32.24],[140.63,-32.2],[140.66,-32.6],[141.2,-32.79],[142.93,-32.09],[143.35,-31.14],[142.19,-30.36],[141.69,-30.44],[140.77,-31.34],[139.7,-31.16],[139.54,-30.79],[140.12,-29.98],[138.87,-28.67],[138.5,-28.76],[138.4,-29.15],[137.93,-29.07],[137.24,-29.5],[136.5,-29.16],[135.53,-29.22],[135.75,-28.06],[136.11,-28.83],[136.64,-28.52],[136.44,-28.25],[136.89,-27.68],[136.65,-27.12],[136.11,-26.86],[135.85,-25.98],[134.54,-25.96],[134.54,-25.94]],[[135.22,-29.09],[135.4,-29.18],[135.22,-29.09],[135.22,-29.09]],[[137.97,-29.68],[138.21,-30.01],[138.02,-30.3],[137.62,-29.89],[137.97,-29.68],[137.97,-29.68]]]]},"bbox":[132.41,-33.3,143.35,-25.94]},{"type":"Feature","properties":{},"geometry":{"type":"Polygon","coordinates":[[[10.25,29.54],[9.12,30.69],[7.62,31.38],[2.89,31.43],[-1.31,29.11],[-3.15,29.82],[-5,29.9],[-6.07,28.59],[-7.83,27.45],[-8.22,26.07],[-6.49,25.54],[-3.2,25.41],[0.21,26.94],[2.79,27.22],[5.01,26.84],[8.61,27.01],[10.51,28.17],[10.83,28.66],[10.63,29.11],[10.25,29.54]],[[0.02,29.09],[0.14,29.26],[0,28.85],[0,29.06],[0.02,29.09]],[[-7.48,27.78],[-7.09,27.95],[-7.46,27.76],[-7.48,27.78]]]},"bbox":[-8.22,25.41,10.83,31.43]},{"type":"Feature","properties":{},"geometry":{"type":"MultiPolygon","coordinates":[[[[11.46,16.11],[11.35,16.4],[11.22,16],[11.46,16.09],[11.46,16.11]]],[[[8.76,19.4],[8.41,19.23],[8.58,18.84],[8.22,18.75],[8.61,18.63],[8.29,17.74],[8.73,17.32],[9.31,17.81],[9.03,18.11],[9.71,18.31],[9.42,19.04],[8.77,19.38],[8.76,19.4]]],[[[1.32,19.32],[1.14,19.23],[1.32,19.32],[1.32,19.32]]],[[[1.17,19.65],[1.06,19.48],[1.17,19.65],[1.17,19.65]]],[[[2,20.52],[1.2,20.28],[1.58,20.17],[1.38,20.03],[1.69,19.77],[1.66,19.21],[1.79,19.41],[2.17,18.6],[2.83,20.07],[2.07,20.5],[2,20.52]]],[[[-12.24,21.31],[-13.08,21.11],[-13.22,20.52],[-12.97,20.82],[-13.16,20.12],[-12.51,20.08],[-12.29,19.64],[-12.45,19.77],[-12.07,19.93],[-12.27,20.51],[-11.87,21.25],[-12.19,20.93],[-12.21,21.29],[-12.24,21.31]]],[[[4.69,25.06],[4.97,26.38],[4.07,25.69],[3.56,24.51],[4.15,24.42],[4.62,25.02],[4.69,25.06]]],[[[6.44,25.99],[5.78,26.73],[5.45,26.64],[5.48,26.17],[6.45,25.55],[5.84,25.93],[5.66,25.15],[5.9,24.62],[5.35,25.14],[4.97,24.32],[4.8,24.47],[5.24,23.68],[4.61,22.7],[4.75,22.34],[6.38,22.18],[6.91,22.95],[7.39,22.88],[7.27,23.12],[7.93,22.8],[7.93,22.32],[8.92,23.49],[8.29,23.6],[8.52,24.15],[8.12,24.24],[8.4,24.52],[9.44,24.34],[10.36,23.6],[10.28,22.91],[10.52,22.74],[11.35,22.94],[12.47,22.27],[10.8,23.93],[10.47,25.47],[10.29,24.57],[9.17,26.2],[7.11,26.29],[6.49,25.96],[6.44,25.99]]]]},"bbox":[-13.22,16,12.47,26.73]},{"type":"Feature","properties":{},"geometry":{"type":"Polygon","coordinates":[[[120.9,-23.37],[118.62,-23.57],[116.76,-22.85],[115.09,-22.73],[114.99,-23.58],[115.67,-24.8],[115.25,-27.32],[116.47,-28.05],[117.27,-28.07],[117.39,-28.93],[117.85,-29.34],[118.81,-29.24],[119.23,-29.74],[120.62,-30.01],[121.62,-30.79],[123.75,-30.64],[122.59,-29.52],[122.82,-29.31],[122.46,-27.64],[122.9,-27.2],[122.73,-26.87],[123.4,-26.51],[123.5,-26.11],[123.12,-25.29],[121.58,-24.76],[121.05,-25.3],[120.04,-25.18],[120.32,-24.9],[119.97,-24.28],[120.9,-23.37],[120.9,-23.37]]]},"bbox":[114.99,-30.79,123.75,-22.73]},{"type":"Feature","properties":{},"geometry":{"type":"Polygon","coordinates":[[[-108.69,45.25],[-109.24,45.02],[-109.63,44.14],[-109.27,44.33],[-109.01,43.71],[-109.76,43.67],[-108.58,42.55],[-109.18,42.56],[-110.17,43.15],[-110.56,41.98],[-111.36,42.36],[-111.24,41.16],[-109.39,40.97],[-107.97,40.29],[-107.01,40.4],[-107.52,40.73],[-107.41,41.54],[-106.51,41.06],[-106.64,41.65],[-106.31,41.6],[-106.07,40.95],[-105.56,41.04],[-105.48,42.02],[-106.41,42.54],[-106.82,43.85],[-108.69,45.25],[-108.69,45.25]]]},"bbox":[-111.36,40.29,-105.48,45.25]},{"type":"Feature","properties":{},"geometry":{"type":"MultiPolygon","coordinates":[[[[50.63,15.25],[49.15,14.82],[49.33,14.72],[49,14.47],[51.11,15.17],[50.64,15.24],[50.63,15.25]]],[[[41.77,16.89],[42.08,16.69],[41.78,16.89],[41.77,16.89]]],[[[55.19,17.16],[53.76,16.94],[55.19,17.16],[55.19,17.16]],[[54.37,17.04],[54.37,17.04],[54.37,17.04],[54.37,17.04],[54.37,17.04]],[[54.33,17.03],[54.33,17.03],[54.33,17.04],[54.33,17.04],[54.33,17.03]],[[54.44,17.04],[54.44,17.04],[54.44,17.04],[54.44,17.04],[54.44,17.04]],[[54.37,17.04],[54.37,17.04],[54.37,17.04],[54.37,17.04],[54.37,17.04]],[[54.38,17.04],[54.37,17.04],[54.38,17.04],[54.38,17.04]],[[54.33,17.04],[54.33,17.04],[54.33,17.04],[54.33,17.04],[54.33,17.04]],[[54.43,17.04],[54.43,17.04],[54.43,17.04],[54.43,17.04],[54.43,17.04],[54.43,17.04],[54.43,17.04],[54.43,17.04],[54.43,17.04]],[[54.33,17.04],[54.33,17.04],[54.33,17.04],[54.33,17.04],[54.33,17.04],[54.33,17.04],[54.33,17.04],[54.33,17.04],[54.33,17.04]],[[54.43,17.05],[54.43,17.05],[54.43,17.05],[54.43,17.05],[54.43,17.05]],[[54.43,17.05],[54.43,17.05],[54.43,17.05],[54.43,17.05],[54.43,17.05],[54.43,17.05],[54.43,17.05]],[[54.33,17.03],[54.33,17.03],[54.33,17.03],[54.33,17.03],[54.33,17.03],[54.33,17.03],[54.33,17.03],[54.33,17.03],[54.33,17.03],[54.33,17.03],[54.33,17.03]],[[54.33,17.03],[54.33,17.03],[54.33,17.03],[54.33,17.03],[54.33,17.03]],[[54.17,17.02],[54.18,17.02],[54.17,17.02],[54.17,17.02]],[[54.24,17.02],[54.24,17.02],[54.24,17.02],[54.24,17.02],[54.24,17.02],[54.24,17.02],[54.24,17.02]],[[54.17,17.02],[54.17,17.02],[54.18,17.02],[54.18,17.02],[54.17,17.02]],[[54.18,17.02],[54.18,17.02],[54.18,17.02],[54.18,17.02],[54.18,17.02]],[[54.14,17.01],[54.14,17.01],[54.14,17.01],[54.14,17.01],[54.14,17.01]],[[54.14,17.01],[54.14,17.01],[54.14,17.01],[54.14,17.01],[54.14,17.01]],[[54.14,17.01],[54.14,17.01],[54.14,17.01],[54.14,17.01],[54.14,17.01],[54.14,17.01],[54.14,17.01],[54.14,17.01],[54.14,17.01],[54.14,17.01],[54.14,17.01],[54.14,17.01],[54.14,17.01],[54.14,17.01],[54.14,17.01],[54.14,17.01],[54.14,17.01]],[[54.14,17.01],[54.14,17.01],[54.14,17.01],[54.14,17.01],[54.14,17.01],[54.14,17.01],[54.14,17.01],[54.14,17.01],[54.14,17.01],[54.14,17.01],[54.14,17.01]],[[54.14,17.01],[54.13,17.01],[54.14,17.01],[54.14,17.01]],[[54.13,17.01],[54.13,17.01],[54.13,17.01],[54.13,17.01],[54.13,17.01]],[[54.14,17.01],[54.14,17.01],[54.14,17.01],[54.14,17.01],[54.14,17.01],[54.14,17.01],[54.14,17.01],[54.14,17.01],[54.14,17.01],[54.14,17.01],[54.14,17.01]],[[54.43,17.03],[54.43,17.03],[54.43,17.03],[54.43,17.03],[54.43,17.03],[54.43,17.03],[54.43,17.03],[54.43,17.03],[54.43,17.03],[54.43,17.03],[54.43,17.03],[54.43,17.03],[54.43,17.03]],[[54.44,17.03],[54.44,17.03],[54.44,17.03],[54.44,17.03],[54.44,17.03],[54.44,17.03],[54.44,17.03],[54.44,17.03],[54.44,17.03],[54.44,17.03],[54.44,17.03]],[[54.69,16.98],[54.69,16.97],[54.7,16.97],[54.69,16.97],[54.69,16.98]],[[54.72,16.97],[54.72,16.97],[54.72,16.97],[54.72,16.97],[54.72,16.97],[54.72,16.97],[54.72,16.97],[54.72,16.97],[54.72,16.97],[54.72,16.97],[54.72,16.97],[54.72,16.97],[54.72,16.97],[54.72,16.97]]],[[[55.69,17.95],[55.49,17.92],[55.69,17.95],[55.69,17.95]]],[[[43.74,14.85],[43.17,15.43],[42.83,17.18],[42.02,17.79],[42.67,16.77],[42.64,15.23],[43.64,12.73],[44.25,12.62],[45.63,13.34],[48.72,14.07],[47.57,14.43],[47.59,13.93],[43.9,12.81],[43.59,13.05],[43.41,14.92],[43.74,14.85],[43.74,14.85]],[[42.87,15.09],[42.87,15.09],[42.87,15.09],[42.87,15.09],[42.87,15.09],[42.87,15.09],[42.87,15.09]],[[42.87,15.1],[42.87,15.1],[42.87,15.1],[42.87,15.1],[42.87,15.1],[42.87,15.1],[42.87,15.1]],[[42.78,15.2],[42.78,15.2],[42.78,15.2],[42.78,15.2],[42.78,15.2],[42.78,15.2],[42.78,15.2],[42.78,15.2],[42.78,15.2],[42.78,15.2],[42.78,15.2],[42.78,15.2],[42.78,15.2],[42.78,15.2],[42.78,15.2],[42.78,15.2],[42.78,15.2],[42.78,15.2]],[[42.79,15.21],[42.78,15.21],[42.78,15.22],[42.78,15.21],[42.79,15.21],[42.79,15.21]],[[42.78,15.21],[42.77,15.21],[42.78,15.21],[42.77,15.21],[42.77,15.22],[42.78,15.22],[42.78,15.23],[42.78,15.22],[42.78,15.21],[42.78,15.21]],[[42.77,15.21],[42.77,15.21],[42.77,15.21],[42.77,15.21],[42.77,15.21]],[[42.78,15.23],[42.78,15.23],[42.78,15.23],[42.78,15.23],[42.78,15.23],[42.78,15.23],[42.78,15.23],[42.78,15.23],[42.78,15.23],[42.78,15.23],[42.78,15.23],[42.78,15.23],[42.78,15.23],[42.78,15.23],[42.78,15.23]],[[42.77,15.23],[42.77,15.23],[42.77,15.23],[42.77,15.23],[42.77,15.23],[42.77,15.23],[42.77,15.23],[42.77,15.23],[42.77,15.23],[42.77,15.23],[42.77,15.23],[42.77,15.23],[42.77,15.23],[42.77,15.23],[42.77,15.23],[42.77,15.23],[42.77,15.23]],[[42.78,15.22],[42.78,15.22],[42.78,15.22],[42.78,15.22],[42.78,15.22],[42.78,15.22],[42.78,15.22],[42.78,15.22],[42.78,15.22],[42.78,15.22],[42.78,15.22],[42.78,15.22],[42.78,15.22],[42.78,15.22],[42.78,15.22],[42.78,15.22],[42.78,15.22],[42.78,15.22],[42.78,15.22]],[[42.77,15.23],[42.77,15.23],[42.77,15.23],[42.77,15.23],[42.77,15.23],[42.77,15.23],[42.77,15.23],[42.77,15.23],[42.77,15.23],[42.77,15.23],[42.77,15.23],[42.77,15.23],[42.77,15.23],[42.77,15.23],[42.77,15.23],[42.77,15.23],[42.77,15.23],[42.77,15.23],[42.77,15.23],[42.77,15.23],[42.77,15.23],[42.77,15.23]],[[42.78,15.24],[42.78,15.24],[42.78,15.24],[42.78,15.24],[42.78,15.24],[42.78,15.24],[42.78,15.24],[42.78,15.24],[42.78,15.24]],[[42.81,15.29],[42.81,15.29],[42.81,15.29],[42.81,15.29],[42.81,15.29],[42.81,15.29],[42.81,15.29],[42.81,15.29],[42.81,15.29],[42.81,15.29],[42.81,15.29],[42.81,15.29],[42.81,15.29]],[[42.79,15.31],[42.79,15.31],[42.79,15.31],[42.79,15.31],[42.79,15.31],[42.79,15.31],[42.79,15.31],[42.79,15.31],[42.79,15.31],[42.79,15.31],[42.79,15.31],[42.79,15.31],[42.79,15.31],[42.79,15.31],[42.79,15.31],[42.79,15.31],[42.79,15.31],[42.79,15.31],[42.79,15.31],[42.79,15.31],[42.79,15.31],[42.79,15.31],[42.79,15.31],[42.79,15.31],[42.79,15.31],[42.79,15.31],[42.79,15.31],[42.79,15.31],[42.79,15.31],[42.79,15.31],[42.79,15.31],[42.79,15.31],[42.79,15.31],[42.79,15.31],[42.79,15.31],[42.79,15.31],[42.79,15.31],[42.79,15.31],[42.79,15.31],[42.79,15.31],[42.79,15.31],[42.79,15.31],[42.79,15.31],[42.79,15.31],[42.79,15.31],[42.79,15.31],[42.79,15.31],[42.79,15.31],[42.79,15.31],[42.79,15.31],[42.79,15.31],[42.79,15.31],[42.79,15.31],[42.79,15.31],[42.79,15.31],[42.79,15.31],[42.79,15.31],[42.79,15.31],[42.79,15.31],[42.79,15.31],[42.79,15.31],[42.79,15.31],[42.79,15.31],[42.79,15.31],[42.79,15.31],[42.79,15.31],[42.79,15.31]],[[42.78,15.38],[42.78,15.38],[42.78,15.38],[42.78,15.38],[42.78,15.38],[42.78,15.38],[42.78,15.38],[42.78,15.38],[42.78,15.38]],[[42.7,15.63],[42.7,15.63],[42.7,15.64],[42.7,15.64],[42.7,15.64],[42.7,15.64],[42.7,15.64],[42.7,15.64],[42.7,15.64],[42.7,15.64],[42.7,15.64],[42.7,15.64],[42.7,15.64],[42.7,15.64],[42.7,15.64],[42.7,15.64],[42.7,15.64],[42.7,15.64],[42.7,15.64],[42.7,15.64],[42.7,15.64],[42.7,15.64],[42.7,15.64],[42.7,15.64],[42.7,15.64],[42.7,15.64],[42.7,15.64],[42.7,15.64],[42.7,15.64],[42.7,15.64],[42.7,15.64],[42.7,15.64],[42.7,15.64],[42.7,15.63]],[[42.7,15.65],[42.7,15.65],[42.7,15.65],[42.7,15.65],[42.7,15.65]],[[42.71,15.69],[42.71,15.7],[42.7,15.7],[42.71,15.7],[42.71,15.69],[42.71,15.69]],[[42.69,15.71],[42.69,15.71],[42.69,15.71],[42.69,15.71],[42.69,15.71],[42.69,15.71],[42.69,15.71]],[[42.72,15.74],[42.72,15.75],[42.73,15.75],[42.72,15.75],[42.72,15.74],[42.72,15.74]],[[42.73,15.75],[42.73,15.75],[42.73,15.75],[42.73,15.75],[42.73,15.75],[42.73,15.75],[42.73,15.75],[42.73,15.75],[42.73,15.75],[42.73,15.75],[42.73,15.75],[42.73,15.75],[42.73,15.75],[42.73,15.75],[42.73,15.75],[42.73,15.75],[42.73,15.75],[42.73,15.75],[42.73,15.75],[42.73,15.75],[42.73,15.75],[42.73,15.75],[42.73,15.75],[42.73,15.75],[42.73,15.75],[42.73,15.75],[42.73,15.75],[42.73,15.75],[42.73,15.75],[42.73,15.75],[42.73,15.75],[42.73,15.75],[42.73,15.75],[42.73,15.75],[42.73,15.75]],[[42.74,15.76],[42.74,15.77],[42.74,15.76],[42.74,15.76]],[[42.78,15.82],[42.78,15.82],[42.78,15.82],[42.78,15.82],[42.78,15.82],[42.78,15.82],[42.78,15.82],[42.78,15.82],[42.78,15.82],[42.78,15.82],[42.78,15.82]],[[42.84,16.07],[42.84,16.07],[42.84,16.07],[42.84,16.07],[42.84,16.07]],[[42.82,16.18],[42.82,16.18],[42.82,16.18],[42.82,16.18],[42.82,16.18],[42.82,16.18],[42.82,16.18],[42.82,16.18],[42.82,16.18],[42.82,16.18],[42.82,16.18],[42.82,16.18],[42.82,16.18],[42.82,16.18],[42.82,16.18],[42.82,16.18],[42.82,16.18],[42.82,16.18],[42.82,16.18],[42.82,16.18],[42.82,16.18],[42.82,16.18],[42.82,16.18],[42.82,16.18],[42.82,16.18],[42.82,16.18],[42.82,16.18],[42.82,16.18],[42.82,16.18],[42.82,16.18],[42.82,16.18],[42.82,16.18],[42.82,16.18],[42.82,16.18],[42.82,16.18],[42.82,16.18],[42.82,16.18],[42.82,16.18],[42.82,16.18],[42.82,16.18],[42.82,16.18],[42.82,16.18],[42.82,16.18],[42.82,16.18],[42.82,16.18],[42.82,16.18],[42.82,16.18],[42.82,16.18],[42.82,16.18],[42.82,16.18],[42.82,16.18],[42.82,16.18],[42.82,16.18],[42.82,16.18],[42.82,16.18],[42.82,16.18],[42.82,16.18],[42.82,16.18]],[[42.83,16.18],[42.82,16.18],[42.83,16.18],[42.83,16.18]],[[42.82,16.21],[42.81,16.21],[42.81,16.22],[42.81,16.21],[42.82,16.21],[42.82,16.21]],[[42.82,16.21],[42.82,16.21],[42.82,16.21],[42.82,16.21],[42.82,16.21]],[[42.81,16.25],[42.81,16.25],[42.81,16.25],[42.81,16.25],[42.81,16.25],[42.81,16.25],[42.81,16.25]],[[42.79,16.35],[42.79,16.36],[42.79,16.35],[42.79,16.35]],[[42.78,16.36],[42.78,16.36],[42.78,16.36],[42.78,16.36],[42.78,16.36],[42.78,16.36],[42.78,16.36],[42.78,16.36],[42.78,16.36]],[[42.78,16.37],[42.78,16.37],[42.78,16.37],[42.78,16.37],[42.78,16.37]],[[42.77,16.38],[42.77,16.38],[42.77,16.38],[42.77,16.38],[42.77,16.38],[42.77,16.38],[42.77,16.38],[42.77,16.38],[42.77,16.38],[42.77,16.38],[42.77,16.38],[42.77,16.38],[42.77,16.38],[42.77,16.38],[42.77,16.38],[42.77,16.38],[42.77,16.38],[42.77,16.38],[42.77,16.38],[42.77,16.38],[42.77,16.38],[42.77,16.38],[42.77,16.38],[42.77,16.38],[42.77,16.38],[42.77,16.38],[42.77,16.38],[42.77,16.38],[42.77,16.38],[42.77,16.38],[42.77,16.38],[42.77,16.38],[42.77,16.38],[42.77,16.38],[42.77,16.38],[42.77,16.38],[42.77,16.38],[42.77,16.38]],[[42.77,16.38],[42.77,16.38],[42.77,16.38],[42.77,16.38],[42.77,16.38]],[[42.76,16.67],[42.76,16.67],[42.76,16.67],[42.76,16.67],[42.76,16.67],[42.76,16.67],[42.76,16.67],[42.76,16.67],[42.76,16.67],[42.76,16.67],[42.75,16.67],[42.75,16.67],[42.75,16.67],[42.75,16.67],[42.75,16.67],[42.75,16.67],[42.75,16.67],[42.76,16.67]],[[42.75,16.68],[42.75,16.67],[42.75,16.68],[42.75,16.68]],[[42.75,16.67],[42.75,16.67],[42.75,16.67],[42.75,16.67],[42.75,16.67]],[[42.75,16.68],[42.75,16.68],[42.75,16.68],[42.75,16.68],[42.75,16.68],[42.75,16.68],[42.75,16.68]],[[42.75,16.68],[42.75,16.68],[42.75,16.68],[42.75,16.68],[42.75,16.68]],[[42.68,16.76],[42.68,16.76],[42.68,16.76],[42.68,16.76],[42.68,16.76],[42.68,16.76],[42.68,16.76],[42.68,16.76],[42.68,16.76],[42.68,16.76],[42.68,16.76],[42.68,16.76],[42.68,16.76],[42.68,16.76],[42.68,16.76],[42.68,16.76],[42.68,16.76],[42.68,16.76],[42.68,16.76],[42.68,16.76],[42.68,16.76],[42.68,16.76]],[[42.63,16.82],[42.63,16.82],[42.63,16.82],[42.63,16.82],[42.63,16.82],[42.63,16.82],[42.63,16.82],[42.63,16.82],[42.63,16.82],[42.63,16.82],[42.63,16.82],[42.63,16.82],[42.63,16.82],[42.63,16.82],[42.63,16.82],[42.63,16.82],[42.63,16.82],[42.63,16.82],[42.63,16.82],[42.63,16.82],[42.63,16.82],[42.63,16.82],[42.63,16.82],[42.63,16.82],[42.63,16.82],[42.63,16.82],[42.63,16.82],[42.63,16.82],[42.63,16.82],[42.63,16.82],[42.63,16.82],[42.63,16.82],[42.63,16.82],[42.63,16.82],[42.63,16.82],[42.63,16.82],[42.63,16.82],[42.63,16.82],[42.63,16.82],[42.63,16.82],[42.63,16.82],[42.63,16.82],[42.63,16.82],[42.63,16.82]],[[42.58,16.85],[42.58,16.85],[42.58,16.85],[42.58,16.85],[42.58,16.85]],[[42.58,16.85],[42.58,16.85],[42.58,16.85],[42.58,16.85],[42.58,16.85],[42.58,16.85],[42.58,16.85]],[[42.57,16.86],[42.57,16.86],[42.57,16.86],[42.57,16.86],[42.57,16.86]],[[42.55,17],[42.55,17],[42.55,17],[42.55,17],[42.55,17]],[[42.54,17.02],[42.54,17.02],[42.54,17.02],[42.54,17.02],[42.54,17.02],[42.54,17.02],[42.54,17.02]],[[42.54,17.02],[42.54,17.02],[42.54,17.02],[42.54,17.02],[42.54,17.02],[42.54,17.02],[42.54,17.02],[42.54,17.02],[42.54,17.02],[42.54,17.02],[42.54,17.02]],[[42.53,17.02],[42.53,17.02],[42.53,17.02],[42.53,17.02],[42.53,17.02],[42.53,17.02],[42.53,17.02],[42.53,17.02],[42.53,17.02],[42.53,17.02],[42.53,17.02]],[[42.54,17.02],[42.54,17.02],[42.54,17.02],[42.54,17.02],[42.54,17.02],[42.54,17.02],[42.54,17.02],[42.54,17.02],[42.54,17.02],[42.54,17.02]],[[42.54,17.02],[42.54,17.02],[42.54,17.02],[42.54,17.02],[42.54,17.02],[42.54,17.02],[42.54,17.02],[42.54,17.02],[42.54,17.02],[42.54,17.02],[42.54,17.02],[42.54,17.02],[42.54,17.02],[42.54,17.02],[42.54,17.02],[42.54,17.02],[42.54,17.02],[42.54,17.02],[42.54,17.02]],[[42.54,17.02],[42.54,17.02],[42.54,17.02],[42.54,17.02],[42.54,17.02],[42.54,17.02],[42.54,17.02],[42.54,17.02],[42.54,17.02],[42.54,17.02],[42.54,17.02],[42.54,17.02],[42.54,17.02],[42.54,17.02],[42.54,17.02],[42.54,17.02],[42.54,17.02],[42.54,17.02],[42.54,17.02],[42.54,17.02],[42.54,17.02],[42.54,17.02],[42.54,17.02]],[[42.54,17.02],[42.54,17.02],[42.54,17.02],[42.54,17.02],[42.54,17.02],[42.54,17.02],[42.54,17.02],[42.54,17.02],[42.54,17.02],[42.54,17.02],[42.54,17.02],[42.54,17.02],[42.54,17.02]],[[42.54,17.02],[42.54,17.02],[42.54,17.02],[42.54,17.02],[42.54,17.02],[42.54,17.02],[42.54,17.02],[42.54,17.02],[42.54,17.02],[42.54,17.02],[42.54,17.02],[42.54,17.02],[42.54,17.02]],[[42.45,17.06],[42.44,17.06],[42.45,17.06],[42.45,17.06]],[[42.44,17.06],[42.44,17.06],[42.44,17.06],[42.44,17.06],[42.44,17.06]],[[42.73,17.17],[42.72,17.17],[42.71,17.17],[42.71,17.18],[42.69,17.19],[42.69,17.2],[42.7,17.2],[42.71,17.2],[42.72,17.2],[42.72,17.19],[42.73,17.19],[42.73,17.18],[42.74,17.19],[42.74,17.18],[42.73,17.17]],[[42.33,17.33],[42.33,17.33],[42.33,17.33],[42.33,17.33],[42.33,17.33],[42.33,17.33],[42.33,17.33],[42.33,17.33],[42.33,17.33],[42.33,17.33],[42.33,17.33],[42.33,17.33],[42.33,17.33],[42.33,17.33],[42.33,17.33],[42.33,17.33],[42.33,17.33],[42.33,17.33],[42.33,17.33],[42.33,17.33],[42.33,17.33],[42.33,17.33],[42.33,17.33],[42.33,17.33],[42.33,17.33],[42.33,17.33]],[[42.33,17.33],[42.33,17.33],[42.33,17.33],[42.33,17.33],[42.33,17.33],[42.33,17.33],[42.33,17.33],[42.33,17.33],[42.33,17.33],[42.33,17.33],[42.33,17.33],[42.33,17.33],[42.33,17.33],[42.33,17.33],[42.33,17.33],[42.33,17.33],[42.33,17.33],[42.33,17.33],[42.33,17.33],[42.33,17.33],[42.33,17.33],[42.33,17.33],[42.33,17.33],[42.33,17.33],[42.33,17.33]],[[42.33,17.33],[42.33,17.33],[42.33,17.33],[42.33,17.33],[42.33,17.33],[42.33,17.33],[42.33,17.33]],[[42.33,17.34],[42.33,17.34],[42.33,17.34],[42.33,17.34],[42.33,17.34],[42.33,17.34],[42.33,17.34],[42.33,17.34],[42.33,17.34],[42.33,17.34],[42.33,17.34],[42.33,17.34],[42.33,17.34],[42.33,17.34],[42.33,17.34],[42.33,17.34],[42.33,17.34],[42.33,17.34],[42.33,17.34],[42.33,17.34],[42.33,17.34],[42.33,17.34],[42.33,17.34],[42.33,17.34],[42.33,17.34]],[[42.32,17.34],[42.32,17.34],[42.32,17.34],[42.32,17.34],[42.32,17.34],[42.32,17.34],[42.32,17.34],[42.32,17.34],[42.32,17.34],[42.32,17.34],[42.32,17.34]],[[42.29,17.46],[42.29,17.46],[42.29,17.46],[42.29,17.46],[42.29,17.46],[42.29,17.46],[42.29,17.46],[42.29,17.46],[42.29,17.46],[42.29,17.46],[42.29,17.46],[42.29,17.46],[42.28,17.46],[42.28,17.46],[42.28,17.46],[42.28,17.46],[42.29,17.46]],[[42.29,17.46],[42.29,17.46],[42.29,17.46],[42.29,17.46],[42.29,17.46],[42.29,17.46],[42.29,17.46],[42.29,17.46],[42.29,17.46],[42.29,17.46],[42.29,17.46]],[[42.28,17.46],[42.28,17.46],[42.28,17.46],[42.28,17.46],[42.28,17.46]],[[41.89,17.8],[41.89,17.81],[41.89,17.8],[41.89,17.8]],[[41.88,17.81],[41.88,17.81],[41.88,17.81],[41.88,17.81],[41.88,17.81],[41.88,17.81],[41.88,17.81],[41.88,17.81],[41.88,17.81]],[[41.89,17.81],[41.89,17.81],[41.89,17.81],[41.89,17.81],[41.89,17.81],[41.89,17.81],[41.89,17.81],[41.89,17.81],[41.89,17.81],[41.89,17.81],[41.89,17.81],[41.89,17.81],[41.89,17.81],[41.89,17.81],[41.89,17.81],[41.89,17.81],[41.89,17.81],[41.89,17.81],[41.89,17.81],[41.89,17.81],[41.89,17.81],[41.89,17.81],[41.89,17.81],[41.89,17.81],[41.89,17.81],[41.89,17.81],[41.89,17.81],[41.89,17.81],[41.89,17.81],[41.89,17.81],[41.89,17.81],[41.89,17.81],[41.89,17.81],[41.89,17.81],[41.89,17.81]],[[41.88,17.81],[41.88,17.81],[41.88,17.81],[41.88,17.81],[41.88,17.81]],[[41.88,17.81],[41.88,17.81],[41.88,17.81],[41.88,17.81],[41.88,17.81]],[[42.15,17.57],[42.15,17.57],[42.15,17.57],[42.15,17.57],[42.15,17.57],[42.15,17.57],[42.15,17.57],[42.15,17.57],[42.15,17.57],[42.15,17.57],[42.15,17.57],[42.15,17.57],[42.15,17.57]],[[42.15,17.57],[42.15,17.56],[42.15,17.57],[42.15,17.57]],[[42.28,17.46],[42.28,17.46],[42.28,17.46],[42.28,17.46],[42.28,17.46],[42.28,17.46],[42.28,17.46],[42.28,17.46],[42.28,17.46],[42.28,17.46],[42.28,17.46],[42.28,17.46],[42.28,17.46]],[[42.28,17.46],[42.28,17.46],[42.28,17.46],[42.28,17.46],[42.28,17.46],[42.28,17.46],[42.28,17.46],[42.28,17.46],[42.28,17.46]],[[42.93,15.01],[42.93,15.01],[42.93,15.01],[42.93,15.01],[42.93,15.01],[42.93,15.01],[42.93,15.01]],[[42.93,15.01],[42.93,15],[42.93,15.01],[42.93,15.01]],[[42.93,15.01],[42.93,15],[42.93,15.01],[42.93,15.01]],[[42.91,14.99],[42.91,14.99],[42.91,14.99],[42.91,14.99],[42.91,14.99],[42.91,14.99],[42.91,14.99],[42.91,14.99],[42.91,14.99],[42.91,14.99],[42.91,14.99],[42.91,14.99],[42.91,14.99],[42.91,14.99],[42.91,14.99],[42.91,14.99],[42.91,14.99],[42.91,14.99]],[[42.91,14.99],[42.91,14.99],[42.91,14.99],[42.91,14.99],[42.91,14.99],[42.91,14.99],[42.91,14.99],[42.91,14.99],[42.91,14.99],[42.91,14.99],[42.91,14.99],[42.91,14.99],[42.91,14.99]],[[42.92,14.99],[42.92,14.99],[42.92,14.99],[42.92,14.99],[42.92,14.99],[42.92,14.99],[42.92,14.99],[42.92,14.99],[42.92,14.99],[42.92,14.99],[42.92,14.99],[42.92,14.99],[42.92,14.99],[42.92,14.99],[42.92,14.99],[42.92,14.99],[42.92,14.99],[42.92,14.99],[42.92,14.99],[42.92,14.99],[42.92,14.99],[42.92,14.99],[42.92,14.99],[42.92,14.99]],[[42.91,14.99],[42.91,14.99],[42.91,14.99],[42.91,14.99],[42.91,14.99]],[[42.94,14.99],[42.94,14.98],[42.94,14.99],[42.94,14.98],[42.94,14.99],[42.94,14.99]],[[42.92,14.98],[42.92,14.99],[42.92,14.98],[42.92,14.98]],[[42.93,14.98],[42.93,14.99],[42.93,14.98],[42.93,14.98]],[[42.94,14.98],[42.94,14.98],[42.94,14.98],[42.94,14.98],[42.94,14.98],[42.94,14.98],[42.94,14.98]],[[42.94,14.98],[42.94,14.98],[42.94,14.98],[42.94,14.98],[42.94,14.98],[42.94,14.98],[42.94,14.98],[42.94,14.98],[42.94,14.98],[42.94,14.98],[42.94,14.98],[42.94,14.98],[42.94,14.98],[42.94,14.98],[42.94,14.98],[42.94,14.98],[42.94,14.98],[42.94,14.98],[42.94,14.98],[42.94,14.98],[42.94,14.98],[42.94,14.98],[42.94,14.98],[42.94,14.98],[42.94,14.98],[42.94,14.98],[42.94,14.98],[42.94,14.98],[42.94,14.98],[42.94,14.98],[42.94,14.98],[42.94,14.98],[42.94,14.98],[42.94,14.98],[42.94,14.98],[42.94,14.98],[42.94,14.98],[42.94,14.98],[42.94,14.98],[42.94,14.98],[42.94,14.98],[42.94,14.98],[42.94,14.98]],[[42.94,14.98],[42.93,14.98],[42.94,14.98],[42.94,14.98]],[[42.93,14.98],[42.93,14.98],[42.93,14.98],[42.93,14.98],[42.93,14.98],[42.93,14.98],[42.93,14.98],[42.93,14.98],[42.93,14.98],[42.93,14.98],[42.93,14.98],[42.93,14.98],[42.93,14.98],[42.93,14.98],[42.93,14.98]],[[43.34,14.97],[43.35,14.96],[43.36,14.96],[43.36,14.95],[43.36,14.94],[43.37,14.94],[43.37,14.93],[43.37,14.92],[43.36,14.92],[43.35,14.93],[43.35,14.94],[43.34,14.94],[43.34,14.95],[43.34,14.96],[43.34,14.97]],[[43.31,14.97],[43.33,14.96],[43.33,14.95],[43.33,14.94],[43.33,14.93],[43.33,14.92],[43.33,14.91],[43.32,14.91],[43.32,14.92],[43.31,14.92],[43.31,14.93],[43.31,14.94],[43.3,14.94],[43.3,14.95],[43.3,14.96],[43.3,14.97],[43.31,14.97],[43.31,14.97]],[[43.29,14.93],[43.29,14.92],[43.3,14.92],[43.3,14.91],[43.3,14.9],[43.29,14.9],[43.29,14.91],[43.28,14.91],[43.28,14.92],[43.28,14.93],[43.29,14.93]],[[42.95,14.87],[42.95,14.87],[42.95,14.87],[42.95,14.87],[42.95,14.87],[42.95,14.87],[42.95,14.87],[42.95,14.87],[42.95,14.87],[42.95,14.87],[42.95,14.87],[42.95,14.87],[42.95,14.87]],[[42.95,14.87],[42.95,14.86],[42.95,14.87],[42.95,14.87]],[[42.95,14.86],[42.95,14.86],[42.95,14.86],[42.95,14.86],[42.95,14.86],[42.95,14.86],[42.95,14.86],[42.95,14.86],[42.95,14.86],[42.95,14.86],[42.95,14.86],[42.95,14.86],[42.95,14.86],[42.95,14.86],[42.95,14.86],[42.95,14.86],[42.95,14.86],[42.95,14.86]],[[43.52,14.2],[43.52,14.19],[43.53,14.19],[43.53,14.18],[43.53,14.17],[43.53,14.18],[43.53,14.17],[43.52,14.17],[43.51,14.17],[43.51,14.18],[43.51,14.19],[43.52,14.19],[43.52,14.2]],[[43.48,12.95],[43.48,12.96],[43.47,12.96],[43.47,12.97],[43.48,12.97],[43.48,12.98],[43.48,12.99],[43.49,13],[43.5,13.02],[43.51,13.03],[43.52,13.03],[43.52,13.04],[43.53,13.04],[43.54,13.03],[43.54,13.02],[43.55,13.02],[43.55,13],[43.55,12.99],[43.54,12.99],[43.54,12.97],[43.54,12.96],[43.54,12.95],[43.53,12.95],[43.53,12.94],[43.52,12.93],[43.51,12.93],[43.5,12.93],[43.49,12.93],[43.48,12.94],[43.48,12.95],[43.48,12.95]],[[45.29,13.28],[45.29,13.27],[45.29,13.26],[45.29,13.25],[45.29,13.24],[45.28,13.23],[45.27,13.23],[45.26,13.24],[45.26,13.25],[45.26,13.28],[45.28,13.28],[45.29,13.28]]]]},"bbox":[41.77,12.62,55.69,17.95]},{"type":"Feature","properties":{},"geometry":{"type":"MultiPolygon","coordinates":[[[[58.69,20.88],[58.22,20.45],[58.73,20.88],[58.69,20.88]]],[[[59.41,22.61],[59.31,21.44],[59.83,22.32],[59.41,22.61],[59.41,22.61]],[[59.52,22.57],[59.51,22.57],[59.52,22.57],[59.52,22.57]],[[59.52,22.57],[59.52,22.57],[59.52,22.57],[59.52,22.57],[59.52,22.57],[59.52,22.57],[59.52,22.57],[59.52,22.57],[59.52,22.57],[59.52,22.57],[59.52,22.57]],[[59.51,22.56],[59.51,22.55],[59.51,22.56],[59.51,22.56]],[[59.51,22.55],[59.51,22.55],[59.51,22.55],[59.51,22.55],[59.51,22.55],[59.51,22.55],[59.51,22.55],[59.51,22.55],[59.51,22.55],[59.51,22.55],[59.51,22.55],[59.51,22.55],[59.51,22.55],[59.51,22.55],[59.51,22.55],[59.51,22.55],[59.51,22.55],[59.51,22.55],[59.51,22.55],[59.51,22.55],[59.51,22.55],[59.51,22.55],[59.51,22.55],[59.51,22.55],[59.51,22.55],[59.51,22.55],[59.51,22.55],[59.51,22.55],[59.51,22.55],[59.51,22.55],[59.51,22.55],[59.51,22.55],[59.51,22.55],[59.51,22.55],[59.51,22.55],[59.51,22.55],[59.51,22.55]],[[59.51,22.55],[59.51,22.55],[59.51,22.55],[59.51,22.55],[59.51,22.55]],[[59.53,22.55],[59.53,22.55],[59.53,22.55],[59.53,22.55],[59.53,22.55],[59.53,22.55],[59.53,22.55]],[[59.51,22.55],[59.51,22.55],[59.51,22.55],[59.51,22.55],[59.51,22.55]],[[59.51,22.55],[59.51,22.55],[59.51,22.55],[59.51,22.55],[59.51,22.55],[59.51,22.55],[59.51,22.55],[59.51,22.55],[59.51,22.55],[59.51,22.55],[59.51,22.55],[59.51,22.55],[59.51,22.55]],[[59.51,22.55],[59.52,22.55],[59.51,22.55],[59.51,22.55]],[[59.73,22.53],[59.73,22.52],[59.73,22.51],[59.72,22.51],[59.73,22.52],[59.73,22.53]],[[59.73,22.49],[59.74,22.49],[59.73,22.49],[59.73,22.49]],[[59.76,22.49],[59.75,22.49],[59.75,22.48],[59.75,22.49],[59.76,22.49],[59.76,22.49]],[[59.74,22.49],[59.74,22.49],[59.74,22.49],[59.74,22.49],[59.74,22.49]],[[59.75,22.48],[59.75,22.48],[59.75,22.48],[59.75,22.48],[59.75,22.48],[59.75,22.48],[59.75,22.48],[59.75,22.48],[59.75,22.48],[59.75,22.48],[59.75,22.48],[59.75,22.48],[59.75,22.48],[59.75,22.48],[59.75,22.48]],[[59.74,22.48],[59.74,22.48],[59.74,22.48],[59.74,22.48],[59.74,22.48],[59.74,22.48],[59.74,22.48],[59.74,22.48],[59.74,22.48]]],[[[49.69,24.07],[49.87,23.73],[49.69,24.07],[49.69,24.07]]],[[[53.87,24.27],[53.68,24.2],[53.87,24.27],[53.87,24.27]],[[53.85,24.27],[53.85,24.27],[53.85,24.27],[53.85,24.27],[53.85,24.27],[53.85,24.27],[53.85,24.27],[53.85,24.27],[53.85,24.27],[53.85,24.27],[53.85,24.27],[53.85,24.27]],[[53.78,24.19],[53.77,24.19],[53.78,24.19],[53.78,24.18],[53.78,24.19],[53.78,24.19]],[[53.77,24.19],[53.76,24.19],[53.77,24.19],[53.77,24.19]],[[53.78,24.2],[53.78,24.2],[53.78,24.2],[53.78,24.2],[53.78,24.2],[53.78,24.2],[53.78,24.2],[53.78,24.2],[53.78,24.2],[53.78,24.2],[53.78,24.2],[53.78,24.2],[53.78,24.2],[53.78,24.2],[53.78,24.2]],[[53.79,24.21],[53.79,24.21],[53.79,24.21],[53.79,24.21],[53.79,24.21],[53.79,24.21],[53.79,24.21],[53.79,24.21],[53.79,24.21],[53.79,24.21],[53.79,24.21],[53.79,24.21],[53.79,24.21],[53.79,24.21],[53.79,24.21],[53.79,24.21],[53.79,24.21],[53.79,24.21],[53.79,24.21]],[[53.79,24.21],[53.79,24.21],[53.79,24.21],[53.79,24.21],[53.79,24.21],[53.79,24.21],[53.79,24.21],[53.79,24.21],[53.79,24.21],[53.79,24.21],[53.79,24.21],[53.79,24.21],[53.79,24.21],[53.79,24.21]],[[53.71,24.21],[53.71,24.21],[53.71,24.21],[53.71,24.21]],[[53.71,24.21],[53.71,24.21],[53.71,24.21],[53.71,24.21]],[[53.71,24.21],[53.71,24.21],[53.71,24.21],[53.71,24.21]],[[53.7,24.22],[53.7,24.22],[53.7,24.22],[53.7,24.22],[53.7,24.22],[53.7,24.22],[53.7,24.22],[53.7,24.22],[53.7,24.22],[53.7,24.22]],[[53.85,24.18],[53.85,24.18],[53.85,24.18],[53.85,24.18],[53.85,24.18],[53.85,24.18],[53.85,24.18],[53.85,24.18],[53.85,24.18],[53.85,24.18],[53.85,24.18],[53.85,24.18],[53.85,24.18],[53.85,24.18],[53.85,24.18],[53.85,24.18],[53.85,24.18],[53.85,24.18],[53.85,24.18]],[[53.85,24.18],[53.85,24.17],[53.85,24.18],[53.85,24.18]],[[53.67,24.17],[53.68,24.17],[53.68,24.16],[53.67,24.16],[53.67,24.17],[53.67,24.17]],[[53.64,24.15],[53.64,24.15],[53.64,24.15],[53.64,24.15],[53.64,24.15],[53.64,24.15],[53.64,24.15],[53.64,24.15],[53.64,24.15],[53.64,24.15],[53.64,24.15],[53.64,24.15],[53.64,24.15]],[[53.64,24.15],[53.64,24.15],[53.64,24.15],[53.64,24.15],[53.64,24.15],[53.64,24.15],[53.64,24.15],[53.64,24.15],[53.64,24.15],[53.64,24.15]],[[53.87,24.14],[53.87,24.14],[53.87,24.14],[53.87,24.14],[53.87,24.14],[53.87,24.14]],[[53.91,24.14],[53.91,24.14],[53.91,24.14],[53.91,24.14],[53.91,24.14],[53.91,24.14],[53.91,24.14],[53.91,24.14],[53.91,24.14],[53.91,24.14],[53.91,24.14],[53.91,24.14],[53.91,24.14],[53.91,24.14],[53.91,24.14]],[[53.95,24.15],[53.95,24.15],[53.95,24.15],[53.95,24.15],[53.95,24.15],[53.95,24.15],[53.95,24.15],[53.95,24.15]],[[53.96,24.16],[53.96,24.16],[53.96,24.16],[53.96,24.16],[53.96,24.16],[53.96,24.16],[53.96,24.16],[53.96,24.16],[53.96,24.16],[53.96,24.16],[53.96,24.16]]],[[[55.49,24.67],[55.33,24.55],[55.49,24.67],[55.49,24.67]]],[[[56.36,25.55],[56.34,24.75],[56.77,24.07],[57.66,23.57],[58.46,23.58],[56.96,24.1],[56.45,24.75],[56.36,25.55],[56.36,25.55]],[[56.33,25.19],[56.33,25.18],[56.32,25.18],[56.32,25.19],[56.33,25.19]],[[56.32,25.19],[56.32,25.2],[56.33,25.2],[56.33,25.19],[56.32,25.19],[56.32,25.19]],[[56.3,25.03],[56.31,25.03],[56.31,25.02],[56.3,25.02],[56.3,25.03]],[[58.49,23.62],[58.49,23.62],[58.49,23.62],[58.49,23.62],[58.49,23.62],[58.49,23.62],[58.49,23.62],[58.49,23.62],[58.49,23.62],[58.49,23.62],[58.49,23.62],[58.49,23.62],[58.49,23.62],[58.49,23.62],[58.49,23.62],[58.49,23.62],[58.49,23.62],[58.49,23.62],[58.49,23.62],[58.49,23.62],[58.49,23.62],[58.49,23.62],[58.49,23.62],[58.49,23.62],[58.49,23.62],[58.49,23.62],[58.49,23.62],[58.49,23.62],[58.49,23.62],[58.49,23.62],[58.49,23.62],[58.49,23.62],[58.49,23.62],[58.49,23.62],[58.49,23.62],[58.49,23.62],[58.49,23.62],[58.49,23.62],[58.49,23.62],[58.49,23.62],[58.49,23.62],[58.49,23.62],[58.49,23.62],[58.49,23.62],[58.49,23.62],[58.49,23.62],[58.49,23.62],[58.49,23.62],[58.49,23.62],[58.49,23.62],[58.49,23.62],[58.49,23.62],[58.49,23.62],[58.49,23.62],[58.49,23.62],[58.49,23.62],[58.49,23.62],[58.49,23.62],[58.49,23.62]],[[58.48,23.62],[58.48,23.62],[58.48,23.62],[58.48,23.62],[58.48,23.62],[58.48,23.62],[58.48,23.62],[58.48,23.62],[58.48,23.62],[58.48,23.62],[58.48,23.62],[58.48,23.62],[58.48,23.62],[58.48,23.62],[58.48,23.62],[58.48,23.62],[58.48,23.62],[58.48,23.62],[58.48,23.62],[58.48,23.62],[58.48,23.62]],[[58.48,23.62],[58.47,23.62],[58.48,23.62],[58.48,23.62]],[[58.47,23.62],[58.47,23.62],[58.47,23.62],[58.47,23.62],[58.47,23.62]],[[58.48,23.62],[58.48,23.63],[58.48,23.62],[58.49,23.62],[58.48,23.62],[58.48,23.62]],[[58.49,23.62],[58.49,23.62],[58.49,23.62],[58.49,23.62],[58.49,23.62],[58.49,23.62],[58.49,23.62],[58.49,23.62],[58.49,23.62],[58.49,23.62],[58.49,23.62],[58.49,23.62],[58.49,23.62],[58.49,23.62],[58.49,23.62],[58.49,23.62],[58.49,23.62]],[[58.48,23.62],[58.49,23.62],[58.48,23.62],[58.48,23.62]],[[58.49,23.62],[58.49,23.62],[58.49,23.62],[58.49,23.62],[58.49,23.62],[58.49,23.62],[58.49,23.62],[58.49,23.62],[58.49,23.62]],[[58.48,23.63],[58.49,23.63],[58.48,23.63],[58.48,23.63]]],[[[50.01,26.07],[50.17,25.73],[50.01,26.07],[50.01,26.07]]],[[[51.88,23.98],[51.25,24.31],[51.61,25.28],[51.3,26.14],[50.76,25.4],[50.87,24.81],[50.23,25.44],[50.85,23.52],[51.58,23.49],[51.68,22.98],[52.57,23.83],[54.74,24.15],[54.64,24.52],[53.84,24.06],[51.89,23.98],[51.88,23.98]],[[51.89,23.98],[51.89,23.97],[51.89,23.98],[51.89,23.98]],[[51.89,23.97],[51.89,23.97],[51.89,23.97],[51.89,23.97],[51.89,23.97],[51.89,23.97],[51.89,23.97],[51.89,23.97],[51.89,23.97],[51.89,23.97],[51.89,23.97],[51.89,23.97],[51.89,23.97],[51.89,23.97],[51.89,23.97],[51.89,23.97],[51.89,23.97]],[[51.9,23.97],[51.9,23.97],[51.9,23.97],[51.9,23.97],[51.9,23.97],[51.9,23.97],[51.9,23.97],[51.9,23.97],[51.9,23.97],[51.9,23.97],[51.9,23.97],[51.9,23.97],[51.9,23.97],[51.9,23.97],[51.9,23.97],[51.9,23.97],[51.9,23.97],[51.9,23.97],[51.9,23.97],[51.9,23.97],[51.9,23.97],[51.9,23.97],[51.9,23.97],[51.9,23.97],[51.9,23.97]],[[51.89,23.97],[51.89,23.97],[51.89,23.97],[51.89,23.97],[51.89,23.97],[51.89,23.97],[51.89,23.97],[51.89,23.97],[51.89,23.97],[51.89,23.97],[51.89,23.97],[51.89,23.97],[51.89,23.97],[51.89,23.97],[51.89,23.97],[51.89,23.97],[51.89,23.97],[51.89,23.97]],[[51.89,23.97],[51.89,23.97],[51.89,23.97],[51.89,23.97],[51.89,23.97],[51.89,23.97],[51.89,23.97],[51.89,23.97],[51.89,23.97],[51.89,23.97]],[[51.89,23.97],[51.89,23.97],[51.89,23.97],[51.89,23.97],[51.89,23.97],[51.89,23.97],[51.89,23.97],[51.89,23.97],[51.89,23.97],[51.89,23.97],[51.89,23.97],[51.89,23.97],[51.89,23.97],[51.89,23.97],[51.89,23.97],[51.89,23.97],[51.89,23.97],[51.89,23.97],[51.89,23.97],[51.89,23.97],[51.89,23.97],[51.89,23.97],[51.89,23.97],[51.89,23.97],[51.89,23.97],[51.89,23.97],[51.89,23.97],[51.89,23.97],[51.89,23.97],[51.89,23.97],[51.89,23.97],[51.89,23.97],[51.89,23.97],[51.89,23.97],[51.89,23.97],[51.89,23.97],[51.89,23.97],[51.89,23.97],[51.89,23.97],[51.89,23.97],[51.89,23.97],[51.89,23.97],[51.89,23.97],[51.89,23.97],[51.89,23.97],[51.89,23.97],[51.89,23.97],[51.89,23.97],[51.89,23.97],[51.89,23.97],[51.89,23.97],[51.89,23.97],[51.89,23.97],[51.89,23.97],[51.89,23.97],[51.89,23.97],[51.89,23.97],[51.89,23.97],[51.89,23.97],[51.89,23.97],[51.89,23.97],[51.89,23.97],[51.89,23.97],[51.89,23.97],[51.89,23.97],[51.89,23.97],[51.89,23.97],[51.89,23.97],[51.89,23.97],[51.89,23.97],[51.89,23.97],[51.89,23.97],[51.89,23.97],[51.89,23.97],[51.89,23.97],[51.89,23.97],[51.89,23.97],[51.89,23.97],[51.89,23.97],[51.89,23.97],[51.89,23.97],[51.89,23.97],[51.89,23.97],[51.89,23.97],[51.89,23.97],[51.89,23.97],[51.89,23.97],[51.89,23.97],[51.89,23.97],[51.89,23.97],[51.89,23.97],[51.89,23.97],[51.89,23.97],[51.89,23.97],[51.89,23.97],[51.89,23.97],[51.89,23.97],[51.89,23.97],[51.89,23.97],[51.89,23.97],[51.89,23.97],[51.89,23.97],[51.89,23.97],[51.89,23.97],[51.89,23.97],[51.89,23.97],[51.89,23.97],[51.89,23.97],[51.89,23.97],[51.89,23.97],[51.89,23.97],[51.89,23.97],[51.89,23.97],[51.89,23.97],[51.89,23.97],[51.89,23.97],[51.89,23.97],[51.89,23.97],[51.89,23.97],[51.89,23.97],[51.89,23.97],[51.89,23.97],[51.89,23.97],[51.89,23.97],[51.89,23.97],[51.89,23.97],[51.89,23.97],[51.89,23.97],[51.89,23.97],[51.89,23.97],[51.89,23.97],[51.89,23.97],[51.89,23.97],[51.89,23.97]],[[51.89,23.97],[51.88,23.97],[51.89,23.97],[51.89,23.97]],[[51.89,23.97],[51.89,23.97],[51.89,23.97],[51.89,23.97],[51.89,23.97],[51.89,23.97],[51.89,23.97],[51.89,23.97],[51.89,23.97],[51.89,23.97],[51.89,23.97],[51.89,23.97],[51.89,23.97],[51.89,23.97],[51.89,23.97],[51.89,23.97]],[[51.89,23.97],[51.89,23.97],[51.89,23.97],[51.89,23.97],[51.89,23.97],[51.89,23.97],[51.89,23.97],[51.89,23.97],[51.89,23.97],[51.89,23.97],[51.89,23.97]],[[51.92,23.97],[51.92,23.97],[51.92,23.97],[51.92,23.97],[51.92,23.97],[51.92,23.97],[51.92,23.97],[51.92,23.97],[51.92,23.97],[51.92,23.97],[51.92,23.97],[51.92,23.97],[51.92,23.97],[51.92,23.97],[51.92,23.97],[51.92,23.97],[51.92,23.97],[51.92,23.97],[51.92,23.97],[51.92,23.97],[51.92,23.97],[51.92,23.97],[51.92,23.97],[51.92,23.97],[51.92,23.97],[51.92,23.97],[51.92,23.97],[51.92,23.97],[51.92,23.97],[51.92,23.97],[51.92,23.97],[51.92,23.97],[51.92,23.97]],[[51.89,23.97],[51.89,23.97],[51.89,23.97],[51.89,23.97],[51.89,23.97],[51.89,23.97],[51.89,23.97],[51.89,23.97]],[[51.88,23.97],[51.88,23.97],[51.88,23.97],[51.88,23.97],[51.88,23.97],[51.88,23.97],[51.88,23.97],[51.88,23.97],[51.88,23.97],[51.88,23.97],[51.88,23.97],[51.88,23.97],[51.88,23.97],[51.88,23.97],[51.88,23.97]],[[51.89,23.97],[51.89,23.97],[51.89,23.97],[51.89,23.97],[51.89,23.97],[51.89,23.97],[51.89,23.97],[51.89,23.97],[51.89,23.97],[51.89,23.97],[51.89,23.97],[51.89,23.97],[51.89,23.97],[51.89,23.97],[51.89,23.97],[51.89,23.97],[51.89,23.97],[51.89,23.97],[51.89,23.97],[51.89,23.97],[51.89,23.97],[51.89,23.97],[51.89,23.97],[51.89,23.97],[51.89,23.97],[51.89,23.97],[51.89,23.97],[51.89,23.97],[51.89,23.97],[51.89,23.97],[51.89,23.97],[51.89,23.97],[51.89,23.97],[51.89,23.97],[51.89,23.97],[51.89,23.97],[51.89,23.97],[51.89,23.97],[51.89,23.97]],[[51.88,23.97],[51.89,23.97],[51.88,23.97],[51.88,23.97]],[[51.88,23.97],[51.88,23.97],[51.88,23.97],[51.88,23.97],[51.88,23.97],[51.88,23.97],[51.88,23.97]],[[51.78,24.09],[51.78,24.09],[51.78,24.09],[51.78,24.09],[51.78,24.09],[51.78,24.09],[51.78,24.09],[51.78,24.09],[51.78,24.09],[51.78,24.09],[51.78,24.09],[51.78,24.09],[51.78,24.09],[51.78,24.09],[51.78,24.09],[51.78,24.09],[51.78,24.09],[51.78,24.09],[51.78,24.09],[51.78,24.09],[51.78,24.09],[51.78,24.09],[51.78,24.09],[51.78,24.09],[51.78,24.09],[51.78,24.09],[51.78,24.09],[51.78,24.09],[51.78,24.09],[51.78,24.09],[51.78,24.09],[51.78,24.09],[51.78,24.09],[51.78,24.09],[51.78,24.09],[51.78,24.09],[51.78,24.09],[51.78,24.09],[51.78,24.09],[51.78,24.09],[51.78,24.09],[51.78,24.09],[51.78,24.09],[51.78,24.09],[51.78,24.09],[51.78,24.09],[51.78,24.09]],[[51.78,24.1],[51.78,24.09],[51.78,24.1],[51.78,24.1]],[[51.78,24.11],[51.78,24.11],[51.78,24.11],[51.78,24.11],[51.78,24.11],[51.78,24.11],[51.78,24.11],[51.78,24.11],[51.78,24.11],[51.78,24.11],[51.78,24.11],[51.78,24.11],[51.78,24.11]],[[51.69,24.22],[51.69,24.22],[51.69,24.22],[51.69,24.22],[51.69,24.22],[51.69,24.22],[51.69,24.22],[51.69,24.22],[51.69,24.22],[51.69,24.22],[51.69,24.22],[51.69,24.22]],[[51.59,24.25],[51.59,24.26],[51.6,24.26],[51.59,24.26],[51.59,24.25],[51.59,24.25]],[[51.59,24.25],[51.59,24.25],[51.59,24.25],[51.59,24.25],[51.59,24.25],[51.59,24.25],[51.59,24.25]],[[51.59,24.26],[51.59,24.26],[51.59,24.26],[51.59,24.26],[51.59,24.26],[51.59,24.26],[51.59,24.26],[51.59,24.26],[51.59,24.26],[51.59,24.26],[51.59,24.26],[51.59,24.26],[51.59,24.26],[51.59,24.26],[51.59,24.26],[51.59,24.26],[51.59,24.26],[51.59,24.26],[51.59,24.26],[51.59,24.26],[51.59,24.26],[51.59,24.26],[51.59,24.26],[51.59,24.25],[51.59,24.25],[51.59,24.25],[51.59,24.25],[51.59,24.25],[51.59,24.25],[51.59,24.25],[51.59,24.25],[51.59,24.25],[51.59,24.25],[51.59,24.25],[51.59,24.25],[51.59,24.25],[51.59,24.25],[51.59,24.25],[51.59,24.25],[51.59,24.25],[51.59,24.25],[51.59,24.26]],[[51.33,24.52],[51.33,24.53],[51.32,24.53],[51.33,24.53],[51.33,24.52],[51.33,24.52]],[[51.34,24.53],[51.33,24.53],[51.32,24.53],[51.32,24.54],[51.33,24.54],[51.33,24.53],[51.34,24.53]],[[51.34,24.54],[51.34,24.54],[51.34,24.54],[51.34,24.54],[51.34,24.54],[51.34,24.54],[51.34,24.54],[51.34,24.54],[51.34,24.54],[51.34,24.54],[51.34,24.54],[51.34,24.54],[51.34,24.54],[51.34,24.54],[51.34,24.54],[51.34,24.54],[51.34,24.54],[51.34,24.54],[51.34,24.54],[51.34,24.54],[51.34,24.54],[51.34,24.54],[51.34,24.54],[51.34,24.54],[51.34,24.54],[51.34,24.54],[51.34,24.54],[51.34,24.54],[51.34,24.54],[51.34,24.54],[51.34,24.54],[51.34,24.54],[51.34,24.54],[51.34,24.54]],[[51.35,24.54],[51.35,24.55],[51.35,24.54],[51.34,24.54],[51.34,24.53],[51.34,24.54],[51.34,24.53],[51.34,24.54],[51.35,24.54]],[[51.32,24.55],[51.32,24.56],[51.32,24.55],[51.32,24.55]],[[51.61,25.17],[51.61,25.17],[51.61,25.17],[51.61,25.17],[51.61,25.17],[51.61,25.17],[51.61,25.17],[51.61,25.17],[51.61,25.17],[51.61,25.17],[51.61,25.17],[51.61,25.17],[51.61,25.17],[51.61,25.17],[51.61,25.17],[51.61,25.17],[51.61,25.17],[51.61,25.17],[51.61,25.17],[51.61,25.17],[51.61,25.17],[51.61,25.17]],[[51.61,25.17],[51.62,25.17],[51.61,25.17],[51.61,25.17]],[[51.62,25.17],[51.62,25.17],[51.62,25.17],[51.62,25.17],[51.62,25.17],[51.62,25.17],[51.61,25.17],[51.61,25.17],[51.61,25.17],[51.61,25.17],[51.61,25.17],[51.61,25.17],[51.61,25.17],[51.61,25.17],[51.61,25.17],[51.61,25.17],[51.61,25.17],[51.61,25.17],[51.61,25.17],[51.62,25.17]],[[51.62,25.18],[51.62,25.17],[51.62,25.18],[51.62,25.18]],[[51.62,25.18],[51.62,25.18],[51.62,25.18],[51.62,25.18],[51.62,25.18],[51.62,25.18],[51.62,25.18],[51.62,25.18],[51.62,25.18],[51.62,25.18],[51.62,25.18],[51.62,25.18],[51.62,25.18],[51.62,25.18]],[[51.52,25.45],[51.52,25.45],[51.52,25.45],[51.52,25.45],[51.52,25.45],[51.52,25.45],[51.52,25.45],[51.52,25.45],[51.52,25.45],[51.52,25.45],[51.52,25.45],[51.52,25.45],[51.52,25.45],[51.52,25.45],[51.52,25.45],[51.52,25.45],[51.52,25.45],[51.52,25.45],[51.52,25.45],[51.52,25.45],[51.52,25.45],[51.52,25.45],[51.52,25.45],[51.52,25.45],[51.52,25.45],[51.52,25.45],[51.52,25.45],[51.52,25.45],[51.52,25.45],[51.52,25.45],[51.52,25.45]],[[51.5,25.6],[51.5,25.6],[51.5,25.6],[51.5,25.6],[51.5,25.6]],[[51.5,25.6],[51.5,25.6],[51.5,25.6],[51.5,25.6],[51.5,25.6]],[[51.5,25.61],[51.5,25.61],[51.5,25.61],[51.5,25.61],[51.5,25.61],[51.5,25.61],[51.5,25.61],[51.5,25.61],[51.5,25.61],[51.5,25.61],[51.5,25.61],[51.5,25.61],[51.5,25.61],[51.5,25.61],[51.5,25.61],[51.5,25.61],[51.5,25.61],[51.5,25.61],[51.5,25.61],[51.5,25.61],[51.5,25.61],[51.5,25.61],[51.5,25.61],[51.5,25.61],[51.5,25.61],[51.5,25.61],[51.5,25.61],[51.5,25.61],[51.5,25.61],[51.5,25.61],[51.5,25.61],[51.5,25.61],[51.5,25.61],[51.5,25.61],[51.5,25.61],[51.5,25.61],[51.5,25.61],[51.5,25.61],[51.5,25.61],[51.5,25.61],[51.5,25.61],[51.5,25.61],[51.5,25.61],[51.5,25.61],[51.5,25.61],[51.5,25.61],[51.5,25.61],[51.5,25.61],[51.5,25.61],[51.5,25.61],[51.5,25.61],[51.5,25.61],[51.5,25.61],[51.5,25.61],[51.5,25.61],[51.5,25.61],[51.5,25.61],[51.5,25.61],[51.5,25.61],[51.5,25.61],[51.5,25.61],[51.5,25.61],[51.5,25.61],[51.5,25.61],[51.5,25.61],[51.5,25.61]],[[51.5,25.61],[51.5,25.61],[51.5,25.61],[51.5,25.61],[51.5,25.61]],[[51.5,25.61],[51.51,25.61],[51.5,25.61],[51.5,25.61]],[[51.52,25.62],[51.52,25.62],[51.52,25.62],[51.52,25.62],[51.52,25.62],[51.52,25.62],[51.52,25.62],[51.52,25.62],[51.52,25.62],[51.52,25.62],[51.52,25.62],[51.52,25.62],[51.52,25.62],[51.52,25.62],[51.52,25.62],[51.52,25.62],[51.52,25.62],[51.52,25.62],[51.52,25.62],[51.52,25.62],[51.52,25.62],[51.52,25.62],[51.52,25.62],[51.52,25.62],[51.52,25.62],[51.52,25.62],[51.52,25.62],[51.52,25.62],[51.52,25.62],[51.52,25.62],[51.52,25.62],[51.52,25.62],[51.52,25.62],[51.52,25.62],[51.52,25.62],[51.52,25.62],[51.52,25.62]],[[50.98,25.62],[50.98,25.62],[50.98,25.62],[50.98,25.62],[50.98,25.62]],[[50.98,25.63],[50.98,25.63],[50.98,25.63],[50.98,25.63],[50.98,25.63]],[[50.98,25.63],[50.98,25.63],[50.98,25.63],[50.98,25.63],[50.98,25.63]],[[50.98,25.63],[50.98,25.63],[50.98,25.63],[50.98,25.63],[50.98,25.63]],[[50.98,25.63],[50.98,25.63],[50.98,25.63],[50.98,25.63],[50.98,25.63],[50.98,25.63],[50.98,25.63],[50.98,25.63],[50.98,25.63],[50.98,25.63],[50.98,25.63],[50.98,25.63],[50.98,25.63],[50.98,25.63],[50.98,25.63]],[[50.97,25.63],[50.97,25.63],[50.97,25.63],[50.97,25.63],[50.97,25.63],[50.97,25.63],[50.97,25.63],[50.97,25.63],[50.97,25.63],[50.97,25.63],[50.97,25.63],[50.97,25.63],[50.97,25.63],[50.97,25.63],[50.97,25.63]],[[50.97,25.63],[50.97,25.63],[50.97,25.63],[50.97,25.63],[50.97,25.63],[50.97,25.63],[50.97,25.63],[50.97,25.63],[50.97,25.63],[50.97,25.63],[50.97,25.63],[50.97,25.63],[50.97,25.63],[50.97,25.63],[50.97,25.63],[50.97,25.63],[50.97,25.63],[50.97,25.63],[50.97,25.63],[50.97,25.63],[50.97,25.63],[50.97,25.63],[50.97,25.63],[50.97,25.63],[50.97,25.63],[50.97,25.63],[50.97,25.63],[50.97,25.63],[50.97,25.63],[50.97,25.63],[50.97,25.63],[50.97,25.63],[50.97,25.63],[50.97,25.63],[50.97,25.63],[50.97,25.63],[50.97,25.63],[50.97,25.63],[50.97,25.63],[50.97,25.63],[50.97,25.63],[50.97,25.63],[50.97,25.63],[50.97,25.63],[50.97,25.63],[50.97,25.63],[50.97,25.63],[50.97,25.63],[50.97,25.63],[50.97,25.63],[50.97,25.63],[50.97,25.63]],[[50.97,25.63],[50.97,25.63],[50.97,25.63],[50.97,25.63],[50.97,25.63],[50.97,25.63],[50.97,25.63],[50.97,25.63],[50.97,25.63],[50.97,25.63],[50.97,25.63],[50.97,25.63],[50.97,25.63],[50.97,25.63],[50.97,25.63]],[[50.97,25.63],[50.97,25.63],[50.97,25.63],[50.97,25.63],[50.97,25.63],[50.97,25.63],[50.97,25.63],[50.97,25.63],[50.97,25.63],[50.97,25.63],[50.97,25.63],[50.97,25.63],[50.97,25.63],[50.97,25.63],[50.97,25.63],[50.97,25.63],[50.97,25.63],[50.97,25.63],[50.97,25.63]],[[50.97,25.63],[50.97,25.63],[50.97,25.63],[50.97,25.63],[50.97,25.63],[50.97,25.63],[50.97,25.63],[50.97,25.63],[50.97,25.63],[50.97,25.63],[50.97,25.63],[50.97,25.63],[50.97,25.63],[50.97,25.63],[50.97,25.63]],[[50.97,25.63],[50.98,25.63],[50.97,25.63],[50.98,25.63],[50.98,25.64],[50.98,25.63],[50.97,25.63],[50.97,25.63]],[[50.98,25.64],[50.98,25.64],[50.98,25.64],[50.98,25.64],[50.98,25.64],[50.98,25.64],[50.98,25.64],[50.98,25.64],[50.98,25.64],[50.98,25.64],[50.98,25.64],[50.98,25.64],[50.98,25.64],[50.98,25.64],[50.98,25.64]],[[50.98,25.64],[50.98,25.64],[50.98,25.64],[50.98,25.64],[50.98,25.64]],[[51.55,25.64],[51.56,25.64],[51.55,25.64],[51.55,25.64]],[[50.98,25.63],[50.98,25.63],[50.98,25.63],[50.98,25.63],[50.98,25.63],[50.98,25.63],[50.98,25.63],[50.98,25.63],[50.98,25.63],[50.98,25.63],[50.98,25.63],[50.98,25.63],[50.98,25.63],[50.98,25.63],[50.98,25.63],[50.98,25.63],[50.98,25.63],[50.98,25.63],[50.98,25.63],[50.98,25.63],[50.98,25.63],[50.98,25.63],[50.98,25.63],[50.98,25.63],[50.98,25.63],[50.98,25.63],[50.98,25.63],[50.98,25.63],[50.98,25.63],[50.98,25.63],[50.98,25.63],[50.98,25.63],[50.98,25.63],[50.98,25.63],[50.98,25.63],[50.98,25.63],[50.98,25.63],[50.98,25.63],[50.98,25.63],[50.98,25.63],[50.98,25.63],[50.98,25.63],[50.98,25.63]],[[50.98,25.63],[50.98,25.63],[50.98,25.63],[50.98,25.63],[50.98,25.63],[50.98,25.63],[50.98,25.63],[50.98,25.63],[50.98,25.63],[50.98,25.63],[50.98,25.63],[50.98,25.63],[50.98,25.63],[50.98,25.63],[50.98,25.63],[50.98,25.63],[50.98,25.63],[50.98,25.63],[50.98,25.63],[50.98,25.63],[50.98,25.63],[50.98,25.63],[50.98,25.63]],[[50.98,25.63],[50.98,25.63],[50.98,25.63],[50.98,25.63],[50.98,25.63]],[[50.98,25.63],[50.98,25.63],[50.98,25.63],[50.98,25.63],[50.98,25.63],[50.98,25.63],[50.98,25.63],[50.98,25.63],[50.98,25.63],[50.98,25.63],[50.98,25.63],[50.98,25.63],[50.98,25.63],[50.98,25.63],[50.98,25.63]],[[50.98,25.63],[50.98,25.63],[50.98,25.63],[50.98,25.63],[50.98,25.63],[50.98,25.63],[50.98,25.63],[50.98,25.63],[50.98,25.63],[50.98,25.63],[50.98,25.63],[50.98,25.63],[50.98,25.63],[50.98,25.63],[50.98,25.63],[50.98,25.63],[50.98,25.63]],[[50.98,25.63],[50.98,25.63],[50.98,25.63],[50.98,25.63],[50.98,25.63]],[[50.98,25.63],[50.98,25.63],[50.98,25.63],[50.98,25.63],[50.98,25.63]],[[50.98,25.63],[50.98,25.63],[50.98,25.63],[50.98,25.63],[50.98,25.63]],[[50.98,25.63],[50.98,25.63],[50.98,25.63],[50.98,25.63],[50.98,25.63],[50.98,25.63],[50.98,25.63],[50.98,25.63],[50.98,25.63],[50.98,25.63],[50.98,25.63],[50.98,25.63],[50.98,25.63]],[[51.56,25.65],[51.55,25.65],[51.56,25.65],[51.55,25.65],[51.56,25.65],[51.56,25.65]],[[51.55,25.66],[51.55,25.66],[51.55,25.66],[51.55,25.66],[51.55,25.66],[51.55,25.66],[51.55,25.66],[51.55,25.66]],[[51.54,25.66],[51.54,25.66],[51.54,25.66],[51.54,25.66],[51.54,25.66],[51.54,25.66],[51.54,25.66],[51.54,25.66],[51.54,25.66],[51.54,25.66],[51.54,25.66]],[[51.53,25.67],[51.52,25.67],[51.52,25.68],[51.53,25.68],[51.53,25.67]],[[51.56,25.68],[51.57,25.68],[51.56,25.68],[51.56,25.68]],[[51.57,25.77],[51.57,25.77],[51.57,25.77],[51.57,25.77],[51.57,25.77],[51.57,25.77],[51.57,25.77],[51.57,25.77],[51.57,25.77],[51.57,25.77],[51.57,25.77],[51.57,25.77],[51.57,25.77],[51.57,25.77],[51.57,25.77],[51.57,25.77],[51.57,25.77],[51.57,25.77],[51.57,25.77],[51.57,25.77],[51.57,25.77],[51.57,25.77],[51.57,25.77],[51.57,25.77],[51.57,25.77]],[[51.57,25.77],[51.56,25.77],[51.57,25.77],[51.57,25.77]],[[51.57,25.77],[51.57,25.77],[51.57,25.77],[51.57,25.77],[51.57,25.77],[51.57,25.77],[51.57,25.77],[51.57,25.77],[51.57,25.77],[51.57,25.77],[51.57,25.77],[51.57,25.77],[51.57,25.77],[51.57,25.77],[51.57,25.77],[51.57,25.77],[51.57,25.77]],[[51.6,25.79],[51.59,25.79],[51.6,25.79],[51.6,25.79]],[[51.6,25.79],[51.59,25.79],[51.6,25.79],[51.6,25.79]],[[51.38,26.03],[51.37,26.03],[51.38,26.03],[51.38,26.03]],[[50.95,25.76],[50.95,25.76],[50.95,25.76],[50.95,25.76],[50.95,25.76]],[[50.95,25.76],[50.95,25.76],[50.95,25.76],[50.95,25.76],[50.95,25.76]],[[51.92,23.96],[51.93,23.96],[51.93,23.95],[51.93,23.96],[51.92,23.96],[51.92,23.96]],[[51.93,23.96],[51.93,23.96],[51.93,23.96],[51.93,23.96],[51.93,23.96],[51.93,23.96],[51.93,23.96],[51.93,23.96],[51.93,23.96],[51.93,23.96],[51.93,23.96],[51.93,23.96],[51.93,23.96],[51.93,23.96],[51.93,23.96]],[[51.93,23.95],[51.93,23.95],[51.93,23.95],[51.93,23.95],[51.93,23.95],[51.93,23.95],[51.93,23.95],[51.93,23.95],[51.93,23.95],[51.93,23.95],[51.93,23.95],[51.93,23.95],[51.93,23.95],[51.93,23.95],[51.93,23.95],[51.93,23.95],[51.93,23.95],[51.93,23.95],[51.93,23.95],[51.93,23.95],[51.93,23.95],[51.93,23.95],[51.93,23.95],[51.93,23.95],[51.93,23.95],[51.93,23.95],[51.93,23.95],[51.93,23.95],[51.93,23.95],[51.93,23.95],[51.93,23.95],[51.93,23.95],[51.93,23.95],[51.93,23.95],[51.93,23.95],[51.93,23.95],[51.93,23.95],[51.93,23.95],[51.93,23.95],[51.93,23.95],[51.93,23.95],[51.93,23.95],[51.93,23.95],[51.93,23.95],[51.93,23.95],[51.93,23.95],[51.93,23.95],[51.93,23.95],[51.93,23.95],[51.93,23.95],[51.93,23.95],[51.93,23.95],[51.93,23.95],[51.93,23.95],[51.93,23.95],[51.93,23.95],[51.93,23.95],[51.93,23.95],[51.93,23.95],[51.93,23.95],[51.93,23.95],[51.93,23.95],[51.93,23.95],[51.93,23.95],[51.93,23.95],[51.93,23.95],[51.93,23.95],[51.93,23.95],[51.93,23.95],[51.93,23.95],[51.93,23.95],[51.93,23.95],[51.93,23.95],[51.93,23.95],[51.93,23.95],[51.93,23.95],[51.93,23.95],[51.93,23.95],[51.93,23.95],[51.93,23.95]],[[51.93,23.95],[51.93,23.95],[51.93,23.95],[51.93,23.95],[51.93,23.95],[51.93,23.95],[51.93,23.95],[51.93,23.95],[51.93,23.95],[51.93,23.95],[51.93,23.95],[51.93,23.95],[51.93,23.95],[51.93,23.95],[51.93,23.95],[51.93,23.95],[51.93,23.95],[51.93,23.95],[51.93,23.95],[51.93,23.95],[51.93,23.95],[51.93,23.95],[51.93,23.95],[51.93,23.95],[51.93,23.95],[51.93,23.95],[51.93,23.95],[51.93,23.95],[51.93,23.95],[51.93,23.95],[51.93,23.95],[51.93,23.95],[51.93,23.95],[51.93,23.95],[51.93,23.95],[51.93,23.95],[51.93,23.95],[51.93,23.95],[51.93,23.95],[51.93,23.95],[51.93,23.95],[51.93,23.95],[51.93,23.95],[51.93,23.95],[51.93,23.95],[51.93,23.95],[51.93,23.95],[51.93,23.95],[51.93,23.95],[51.93,23.95],[51.93,23.95],[51.93,23.95],[51.93,23.95],[51.93,23.95],[51.93,23.95],[51.93,23.95],[51.93,23.95],[51.93,23.95],[51.93,23.95],[51.93,23.95],[51.93,23.95],[51.93,23.95],[51.93,23.95],[51.93,23.95]],[[52.07,23.95],[52.07,23.96],[52.08,23.96],[52.08,23.95],[52.09,23.95],[52.08,23.95],[52.07,23.95],[52.07,23.95]],[[51.93,23.95],[51.93,23.95],[51.93,23.95],[51.93,23.95],[51.93,23.95],[51.93,23.95],[51.93,23.95],[51.93,23.95],[51.93,23.95]],[[52.22,23.97],[52.22,23.97],[52.22,23.97],[52.22,23.97],[52.22,23.97],[52.22,23.97],[52.22,23.97],[52.22,23.97],[52.22,23.97],[52.22,23.97],[52.22,23.97],[52.22,23.97],[52.22,23.97],[52.22,23.97]],[[53.81,24.05],[53.82,24.05],[53.81,24.05],[53.81,24.05]],[[53.82,24.05],[53.82,24.05],[53.82,24.05],[53.82,24.05],[53.82,24.05],[53.82,24.05],[53.82,24.05],[53.82,24.05],[53.82,24.05],[53.82,24.05],[53.82,24.05],[53.82,24.05],[53.82,24.05],[53.82,24.05],[53.82,24.05],[53.82,24.05],[53.82,24.05],[53.82,24.05],[53.82,24.05],[53.82,24.05],[53.82,24.05],[53.82,24.05],[53.82,24.05],[53.82,24.05],[53.82,24.05],[53.82,24.05],[53.82,24.05],[53.82,24.05],[53.82,24.05],[53.82,24.05],[53.82,24.05],[53.82,24.05]],[[53.99,24.1],[53.99,24.1],[53.99,24.1],[53.99,24.1],[53.99,24.1],[53.99,24.1],[53.99,24.1],[53.99,24.1],[53.99,24.1],[53.99,24.1],[53.99,24.1],[53.99,24.1],[53.99,24.1],[53.99,24.1],[53.99,24.1],[53.99,24.1],[53.99,24.1],[53.99,24.1],[53.99,24.1],[53.99,24.1],[53.99,24.1],[53.99,24.1],[53.99,24.1],[53.99,24.1],[53.99,24.1]],[[53.99,24.1],[53.99,24.1],[53.99,24.1],[53.99,24.1],[53.99,24.1],[53.99,24.1],[53.99,24.1],[53.99,24.1],[53.99,24.1],[53.99,24.1],[53.99,24.1],[53.99,24.1],[53.99,24.1],[53.99,24.1],[53.99,24.1],[53.99,24.1],[53.99,24.1],[53.99,24.1],[53.99,24.1],[53.99,24.1],[53.99,24.1],[53.99,24.1],[53.99,24.1],[53.99,24.1],[53.99,24.1],[53.99,24.1]],[[53.99,24.1],[53.99,24.1],[53.99,24.1],[53.99,24.1],[53.99,24.1],[53.99,24.1],[53.99,24.1],[53.99,24.1],[53.99,24.1],[53.99,24.1],[53.99,24.1],[53.99,24.1],[53.99,24.1],[53.99,24.1],[53.99,24.1],[53.99,24.1],[53.99,24.1],[53.99,24.1],[53.99,24.1],[53.99,24.1],[53.99,24.1],[53.99,24.1],[53.99,24.1],[53.99,24.1],[53.99,24.1],[53.99,24.1],[53.99,24.1],[53.99,24.1],[53.99,24.1]],[[53.99,24.1],[53.99,24.1],[53.99,24.1],[53.99,24.1],[53.99,24.1],[53.99,24.1],[53.99,24.1],[53.99,24.1],[53.99,24.1],[53.99,24.1],[53.99,24.1],[53.99,24.1],[53.99,24.1],[53.99,24.1],[53.99,24.1]],[[53.99,24.1],[53.99,24.1],[53.99,24.1],[53.99,24.1],[53.99,24.1],[53.99,24.1],[53.99,24.1],[53.99,24.1],[53.99,24.1],[53.99,24.1],[53.99,24.1],[53.99,24.1]],[[53.99,24.1],[53.99,24.1],[53.99,24.1],[53.99,24.1],[53.99,24.1],[53.99,24.1],[53.99,24.1],[53.99,24.1],[53.99,24.1]],[[54.05,24.12],[54.04,24.12],[54.05,24.12],[54.05,24.12]],[[54.08,24.14],[54.07,24.14],[54.08,24.14],[54.08,24.14]],[[54.08,24.14],[54.08,24.14],[54.08,24.14],[54.08,24.14],[54.08,24.14],[54.08,24.14],[54.08,24.14],[54.08,24.14],[54.08,24.14],[54.08,24.14],[54.08,24.14],[54.08,24.14],[54.08,24.14],[54.08,24.14],[54.08,24.14],[54.08,24.14],[54.08,24.14],[54.08,24.14],[54.08,24.14]],[[54.18,24.19],[54.17,24.19],[54.17,24.2],[54.18,24.2],[54.18,24.19],[54.18,24.2],[54.18,24.19],[54.18,24.19]],[[54.18,24.2],[54.18,24.2],[54.18,24.2],[54.18,24.2]],[[54.13,24.22],[54.13,24.22],[54.13,24.22],[54.13,24.22]],[[54.14,24.22],[54.15,24.22],[54.14,24.22],[54.14,24.22]],[[54.14,24.22],[54.14,24.23],[54.14,24.22],[54.14,24.23],[54.14,24.22],[54.14,24.23],[54.15,24.23],[54.14,24.23],[54.15,24.23],[54.15,24.22],[54.14,24.22],[54.14,24.22]],[[54.28,24.24],[54.27,24.24],[54.28,24.24],[54.28,24.24]],[[54.63,24.49],[54.63,24.49],[54.63,24.49],[54.63,24.49],[54.63,24.49],[54.63,24.49]],[[54.59,24.49],[54.59,24.49],[54.59,24.49],[54.59,24.49],[54.59,24.49],[54.59,24.49],[54.59,24.49]],[[54.59,24.49],[54.59,24.49],[54.59,24.49],[54.59,24.49],[54.59,24.49],[54.59,24.49],[54.59,24.49],[54.59,24.49],[54.59,24.49],[54.59,24.49],[54.59,24.49],[54.59,24.49],[54.59,24.49],[54.59,24.49],[54.59,24.49]],[[54.58,24.49],[54.58,24.49],[54.58,24.49],[54.58,24.49],[54.58,24.49],[54.58,24.49],[54.58,24.49],[54.58,24.49],[54.58,24.49],[54.58,24.49],[54.58,24.49],[54.58,24.49],[54.58,24.49],[54.58,24.49],[54.58,24.49],[54.58,24.49],[54.58,24.49],[54.58,24.49],[54.58,24.49],[54.58,24.49],[54.58,24.49],[54.58,24.49],[54.58,24.49],[54.58,24.49],[54.58,24.49],[54.58,24.49],[54.58,24.49],[54.58,24.49],[54.58,24.49],[54.58,24.49],[54.58,24.49],[54.58,24.49],[54.58,24.49],[54.58,24.49]],[[54.58,24.5],[54.58,24.5],[54.58,24.5],[54.58,24.5],[54.58,24.5],[54.58,24.5],[54.58,24.5],[54.58,24.5],[54.58,24.5]],[[54.57,24.5],[54.57,24.5],[54.57,24.5],[54.57,24.5],[54.57,24.5],[54.57,24.5]],[[54.57,24.5],[54.57,24.5],[54.57,24.5],[54.57,24.5],[54.57,24.5],[54.57,24.5],[54.57,24.5],[54.57,24.5],[54.57,24.5],[54.57,24.5],[54.57,24.5],[54.57,24.5],[54.57,24.5],[54.57,24.5],[54.57,24.5],[54.57,24.5],[54.57,24.5],[54.57,24.5],[54.57,24.5],[54.57,24.5],[54.57,24.5],[54.57,24.5],[54.57,24.5],[54.57,24.5],[54.57,24.5]],[[54.58,24.5],[54.58,24.5],[54.58,24.5],[54.58,24.5],[54.58,24.5],[54.58,24.5],[54.58,24.5],[54.58,24.5],[54.58,24.5],[54.58,24.5],[54.58,24.5],[54.58,24.5]],[[54.58,24.5],[54.58,24.5],[54.58,24.5],[54.58,24.5],[54.58,24.5],[54.58,24.5]],[[54.59,24.51],[54.59,24.51],[54.59,24.51],[54.59,24.51],[54.59,24.51],[54.59,24.51],[54.59,24.51],[54.59,24.51],[54.59,24.51],[54.59,24.51],[54.59,24.51],[54.59,24.51],[54.59,24.51],[54.59,24.51],[54.59,24.51],[54.59,24.51],[54.59,24.51],[54.59,24.51],[54.59,24.51],[54.59,24.51],[54.59,24.51],[54.59,24.51],[54.59,24.51],[54.59,24.51],[54.59,24.51],[54.59,24.51],[54.59,24.51]],[[54.59,24.51],[54.59,24.51],[54.59,24.51],[54.59,24.51],[54.59,24.51],[54.59,24.51]],[[54.54,24.51],[54.54,24.51],[54.54,24.51],[54.54,24.51],[54.54,24.51],[54.54,24.51],[54.54,24.51],[54.54,24.51],[54.54,24.51],[54.54,24.51],[54.54,24.51],[54.54,24.51],[54.54,24.51],[54.54,24.51],[54.54,24.51],[54.54,24.51],[54.54,24.51],[54.54,24.51],[54.54,24.51],[54.54,24.51]],[[54.57,24.51],[54.57,24.5],[54.57,24.51],[54.57,24.5],[54.57,24.51],[54.57,24.51]],[[54.6,24.48],[54.6,24.48],[54.6,24.48],[54.6,24.48],[54.6,24.48],[54.6,24.48],[54.6,24.48],[54.6,24.48],[54.6,24.48],[54.6,24.48],[54.6,24.48],[54.6,24.48],[54.6,24.48]],[[54.6,24.47],[54.6,24.47],[54.6,24.47],[54.6,24.47],[54.6,24.47],[54.6,24.47]],[[54.6,24.46],[54.6,24.47],[54.6,24.46],[54.6,24.46]],[[54.59,24.46],[54.59,24.46],[54.59,24.46],[54.59,24.46],[54.59,24.46],[54.59,24.46],[54.59,24.46],[54.59,24.46],[54.59,24.46],[54.59,24.46],[54.59,24.46],[54.59,24.46],[54.59,24.46],[54.59,24.46]],[[54.48,24.42],[54.48,24.42],[54.48,24.42],[54.48,24.42],[54.48,24.42],[54.48,24.42],[54.48,24.42]],[[54.48,24.42],[54.48,24.42],[54.48,24.42],[54.48,24.42],[54.48,24.42],[54.48,24.42],[54.48,24.42],[54.48,24.42],[54.48,24.42],[54.48,24.42],[54.48,24.42],[54.48,24.42],[54.48,24.42],[54.48,24.42],[54.48,24.42],[54.48,24.42],[54.48,24.42],[54.48,24.42],[54.48,24.42],[54.48,24.42],[54.48,24.42],[54.48,24.42],[54.48,24.42],[54.48,24.42],[54.48,24.42],[54.48,24.42],[54.48,24.42],[54.48,24.42],[54.48,24.42],[54.48,24.42],[54.48,24.42],[54.48,24.42],[54.48,24.42],[54.48,24.42],[54.48,24.42],[54.48,24.42],[54.48,24.42],[54.48,24.42],[54.48,24.42],[54.48,24.42],[54.48,24.42],[54.48,24.42],[54.48,24.42],[54.48,24.42]],[[54.47,24.43],[54.47,24.43],[54.47,24.43],[54.47,24.43]],[[54.36,24.44],[54.36,24.44],[54.36,24.44],[54.36,24.44],[54.36,24.44],[54.36,24.44],[54.36,24.44],[54.36,24.44],[54.36,24.44],[54.36,24.44],[54.36,24.44],[54.36,24.44],[54.36,24.44],[54.36,24.44],[54.36,24.44],[54.36,24.44],[54.36,24.44],[54.36,24.44],[54.36,24.44],[54.36,24.44],[54.36,24.44],[54.36,24.44],[54.36,24.44],[54.36,24.44],[54.36,24.44],[54.36,24.44],[54.36,24.44],[54.36,24.44],[54.36,24.44],[54.36,24.44],[54.36,24.44]],[[54.4,24.5],[54.4,24.5],[54.4,24.5],[54.4,24.5],[54.4,24.5],[54.4,24.5],[54.4,24.5],[54.4,24.5]],[[54.38,24.5],[54.38,24.5],[54.38,24.5],[54.38,24.5],[54.38,24.5],[54.38,24.5],[54.38,24.5],[54.38,24.5],[54.38,24.5],[54.38,24.5],[54.38,24.5],[54.38,24.5],[54.38,24.5],[54.38,24.5],[54.38,24.5],[54.38,24.5]],[[54.38,24.5],[54.38,24.5],[54.38,24.5],[54.38,24.5],[54.38,24.5],[54.38,24.5],[54.38,24.5],[54.38,24.5],[54.38,24.5],[54.38,24.5],[54.38,24.5],[54.38,24.5],[54.38,24.5],[54.38,24.5],[54.38,24.5],[54.38,24.5],[54.38,24.5],[54.38,24.5],[54.38,24.5],[54.38,24.5],[54.38,24.5],[54.38,24.5],[54.38,24.5],[54.38,24.5],[54.38,24.5],[54.38,24.5],[54.38,24.5],[54.38,24.5],[54.38,24.5],[54.38,24.5],[54.38,24.5],[54.38,24.5],[54.38,24.5],[54.38,24.5],[54.38,24.5],[54.38,24.5]],[[54.38,24.51],[54.38,24.51],[54.38,24.51],[54.38,24.51],[54.38,24.51],[54.38,24.51],[54.38,24.51],[54.38,24.51],[54.38,24.51],[54.38,24.51],[54.38,24.51],[54.38,24.51],[54.38,24.51],[54.38,24.51],[54.38,24.51],[54.38,24.51],[54.38,24.51],[54.38,24.51],[54.38,24.51],[54.38,24.51],[54.38,24.51],[54.38,24.51],[54.38,24.51],[54.38,24.51],[54.38,24.51],[54.38,24.51],[54.38,24.51],[54.38,24.51],[54.38,24.51],[54.38,24.51],[54.38,24.51],[54.38,24.51],[54.38,24.51],[54.38,24.51],[54.38,24.51],[54.38,24.51],[54.38,24.51],[54.38,24.51],[54.38,24.51],[54.38,24.51],[54.38,24.51],[54.38,24.51],[54.38,24.51],[54.38,24.51],[54.38,24.51],[54.38,24.51],[54.38,24.51],[54.38,24.51],[54.38,24.51],[54.38,24.51],[54.38,24.51],[54.38,24.51],[54.38,24.51],[54.38,24.51],[54.38,24.51],[54.38,24.51],[54.38,24.51],[54.38,24.51],[54.38,24.51],[54.38,24.51],[54.38,24.51],[54.38,24.51],[54.38,24.51],[54.38,24.51],[54.38,24.51],[54.38,24.51],[54.38,24.51],[54.38,24.51],[54.38,24.51],[54.38,24.51],[54.38,24.51],[54.38,24.51],[54.38,24.51]],[[54.4,24.52],[54.4,24.52],[54.4,24.52],[54.4,24.52]],[[54.39,24.53],[54.39,24.53],[54.39,24.53],[54.39,24.53]],[[54.39,24.53],[54.39,24.53],[54.39,24.53],[54.39,24.53],[54.39,24.53],[54.39,24.53],[54.39,24.53],[54.39,24.53],[54.39,24.53]],[[54.45,24.41],[54.45,24.41],[54.45,24.41],[54.45,24.41],[54.45,24.41],[54.45,24.41],[54.45,24.41],[54.45,24.41],[54.45,24.41],[54.45,24.41],[54.45,24.41],[54.45,24.41],[54.45,24.41],[54.45,24.41],[54.45,24.41],[54.45,24.41],[54.45,24.41],[54.45,24.41],[54.45,24.41],[54.45,24.41],[54.45,24.41],[54.45,24.41],[54.45,24.41],[54.45,24.41],[54.45,24.41],[54.45,24.41],[54.45,24.41],[54.45,24.41],[54.45,24.41],[54.45,24.41],[54.45,24.41],[54.45,24.41],[54.45,24.41],[54.45,24.41],[54.45,24.41],[54.45,24.41],[54.45,24.41],[54.45,24.41],[54.45,24.41],[54.45,24.41],[54.45,24.41],[54.45,24.41],[54.45,24.41],[54.45,24.41],[54.45,24.41],[54.45,24.41]],[[54.46,24.4],[54.46,24.41],[54.46,24.4],[54.46,24.41],[54.46,24.4],[54.46,24.4]],[[54.19,24.27],[54.19,24.27],[54.19,24.27],[54.19,24.27],[54.19,24.27],[54.19,24.27],[54.19,24.27],[54.19,24.27],[54.19,24.27],[54.19,24.27],[54.19,24.27],[54.19,24.27],[54.19,24.27],[54.19,24.27],[54.19,24.27],[54.19,24.27],[54.19,24.27],[54.19,24.27],[54.19,24.27],[54.19,24.27],[54.19,24.27],[54.19,24.27],[54.19,24.27],[54.19,24.27],[54.19,24.27],[54.19,24.27],[54.19,24.27],[54.19,24.27]],[[54.16,24.3],[54.16,24.3],[54.16,24.3],[54.16,24.3],[54.16,24.3],[54.16,24.3],[54.16,24.3],[54.16,24.3],[54.16,24.3],[54.16,24.3],[54.16,24.3],[54.16,24.3],[54.16,24.3],[54.16,24.3],[54.16,24.3],[54.16,24.3],[54.16,24.3],[54.16,24.3],[54.16,24.3],[54.16,24.3],[54.16,24.3],[54.16,24.3],[54.16,24.3],[54.16,24.3],[54.16,24.3],[54.16,24.3],[54.16,24.3],[54.16,24.3]],[[54.15,24.32],[54.15,24.32],[54.15,24.32],[54.15,24.32],[54.15,24.32],[54.15,24.32],[54.15,24.32],[54.15,24.32],[54.15,24.32],[54.15,24.32],[54.15,24.32],[54.15,24.32],[54.15,24.32],[54.15,24.32],[54.15,24.32],[54.15,24.32],[54.15,24.32],[54.15,24.32],[54.15,24.32],[54.15,24.32],[54.15,24.32],[54.15,24.32],[54.15,24.32],[54.15,24.32],[54.15,24.32],[54.15,24.32]],[[54.15,24.32],[54.15,24.32],[54.15,24.32],[54.15,24.32],[54.15,24.32],[54.15,24.32],[54.15,24.32],[54.15,24.32],[54.15,24.32],[54.15,24.32],[54.15,24.32],[54.15,24.32],[54.15,24.32],[54.15,24.32],[54.15,24.32],[54.15,24.32],[54.15,24.32],[54.15,24.32],[54.15,24.32],[54.15,24.32],[54.15,24.32]],[[54.13,24.32],[54.13,24.32],[54.13,24.32],[54.13,24.32],[54.13,24.32],[54.13,24.32],[54.13,24.32],[54.13,24.32],[54.13,24.32],[54.13,24.32],[54.13,24.32],[54.13,24.32],[54.13,24.32],[54.13,24.32],[54.13,24.32]],[[54.08,24.23],[54.08,24.23],[54.08,24.23],[54.08,24.23],[54.08,24.23],[54.08,24.23],[54.08,24.23],[54.08,24.23],[54.08,24.23],[54.08,24.23],[54.08,24.23],[54.08,24.23],[54.08,24.23],[54.08,24.23],[54.08,24.23],[54.08,24.23],[54.08,24.23],[54.08,24.23],[54.08,24.23],[54.08,24.23],[54.08,24.23],[54.08,24.23],[54.08,24.23],[54.08,24.23],[54.08,24.23],[54.08,24.23],[54.08,24.23],[54.08,24.23],[54.08,24.23],[54.08,24.23],[54.08,24.23],[54.08,24.23],[54.08,24.23],[54.08,24.23],[54.08,24.23],[54.08,24.23],[54.08,24.23],[54.08,24.23],[54.08,24.23],[54.08,24.23],[54.08,24.23],[54.08,24.23],[54.08,24.23],[54.08,24.23],[54.08,24.23],[54.08,24.23],[54.08,24.23],[54.08,24.23],[54.08,24.23],[54.08,24.23],[54.08,24.23],[54.08,24.23],[54.08,24.23],[54.08,24.23],[54.08,24.23],[54.08,24.23],[54.08,24.23],[54.08,24.23],[54.08,24.23],[54.08,24.23],[54.08,24.23],[54.08,24.23],[54.08,24.23],[54.08,24.23],[54.08,24.23],[54.08,24.23],[54.08,24.23],[54.08,24.23],[54.08,24.23],[54.08,24.23],[54.08,24.23],[54.08,24.23],[54.08,24.23],[54.08,24.23],[54.08,24.23],[54.08,24.23],[54.08,24.23],[54.08,24.23],[54.08,24.23],[54.08,24.23],[54.08,24.23],[54.08,24.23],[54.08,24.23],[54.08,24.23],[54.08,24.23],[54.08,24.23],[54.08,24.23],[54.08,24.23]],[[54.08,24.23],[54.07,24.23],[54.08,24.23],[54.07,24.23],[54.08,24.23],[54.08,24.23]],[[54.07,24.19],[54.07,24.19],[54.07,24.19],[54.07,24.19],[54.07,24.19],[54.07,24.19],[54.07,24.19],[54.07,24.19],[54.07,24.19],[54.07,24.19],[54.07,24.19],[54.07,24.19],[54.07,24.19],[54.07,24.19]],[[54.04,24.2],[54.04,24.2],[54.04,24.2],[54.04,24.2],[54.04,24.2],[54.04,24.2],[54.04,24.2],[54.04,24.2],[54.04,24.2],[54.04,24.2],[54.04,24.2],[54.04,24.2],[54.04,24.2],[54.04,24.2],[54.04,24.2],[54.04,24.2],[54.04,24.2]],[[54.03,24.2],[54.03,24.2],[54.03,24.2],[54.03,24.2],[54.03,24.2],[54.03,24.2],[54.03,24.2],[54.03,24.2],[54.03,24.2],[54.03,24.2],[54.03,24.2],[54.03,24.2],[54.03,24.2],[54.03,24.2]],[[54.04,24.2],[54.04,24.2],[54.04,24.2],[54.04,24.2],[54.04,24.2],[54.04,24.2],[54.04,24.2],[54.04,24.2],[54.04,24.2],[54.04,24.2],[54.04,24.2],[54.04,24.2],[54.04,24.2]],[[54.04,24.2],[54.04,24.2],[54.04,24.2],[54.04,24.2],[54.04,24.2],[54.03,24.2],[54.03,24.2],[54.03,24.2],[54.04,24.2]],[[54.1,24.2],[54.1,24.19],[54.1,24.2],[54.1,24.2]],[[54.07,24.15],[54.07,24.15],[54.07,24.15],[54.07,24.15],[54.07,24.15],[54.07,24.15],[54.07,24.15],[54.07,24.15],[54.07,24.15]],[[54.04,24.16],[54.04,24.16],[54.04,24.16],[54.04,24.16]],[[54.03,24.14],[54.03,24.13],[54.02,24.13],[54.02,24.14],[54.03,24.14],[54.03,24.14]],[[53.69,24.05],[53.69,24.05],[53.69,24.05],[53.69,24.05],[53.69,24.05],[53.69,24.05],[53.69,24.05],[53.69,24.05],[53.69,24.05],[53.69,24.05],[53.69,24.05],[53.69,24.05]],[[53.71,24.06],[53.71,24.07],[53.71,24.06],[53.71,24.06]],[[52.41,24.04],[52.41,24.05],[52.41,24.04],[52.41,24.05],[52.41,24.04],[52.41,24.04]],[[53.32,24.08],[53.31,24.08],[53.32,24.08],[53.32,24.09],[53.32,24.08],[53.32,24.08]],[[53.31,24.08],[53.31,24.08],[53.31,24.08],[53.31,24.08]],[[53.3,24.09],[53.3,24.09],[53.3,24.09],[53.3,24.09],[53.3,24.09],[53.3,24.09],[53.3,24.09],[53.3,24.09],[53.3,24.09],[53.3,24.09],[53.3,24.09],[53.3,24.09],[53.3,24.09],[53.3,24.09],[53.3,24.09],[53.3,24.09],[53.3,24.09],[53.3,24.09],[53.3,24.09],[53.3,24.09],[53.3,24.09],[53.3,24.09],[53.3,24.09],[53.3,24.09],[53.3,24.09],[53.3,24.09],[53.3,24.09],[53.3,24.09],[53.3,24.09],[53.3,24.09],[53.3,24.09],[53.3,24.09],[53.3,24.09],[53.3,24.09],[53.3,24.09],[53.3,24.09],[53.3,24.09],[53.3,24.09],[53.3,24.09],[53.3,24.09],[53.3,24.09],[53.3,24.09],[53.3,24.09],[53.3,24.09],[53.3,24.09],[53.3,24.09],[53.3,24.09],[53.3,24.09],[53.3,24.09],[53.3,24.09],[53.3,24.09],[53.3,24.09],[53.3,24.09],[53.3,24.09]],[[53.49,24.1],[53.49,24.1],[53.49,24.1],[53.49,24.1],[53.49,24.1],[53.49,24.1],[53.49,24.1],[53.49,24.1],[53.49,24.1],[53.49,24.1],[53.49,24.1],[53.49,24.1]],[[53.47,24.1],[53.47,24.1],[53.47,24.1],[53.47,24.1],[53.47,24.1],[53.47,24.1],[53.47,24.1],[53.47,24.1],[53.47,24.1],[53.47,24.1],[53.47,24.1],[53.47,24.1],[53.47,24.1],[53.47,24.1],[53.48,24.1],[53.48,24.1],[53.48,24.1],[53.48,24.1],[53.48,24.1],[53.48,24.1],[53.48,24.1],[53.48,24.1],[53.48,24.1],[53.48,24.1],[53.48,24.1],[53.48,24.1],[53.48,24.1],[53.48,24.1],[53.48,24.1],[53.48,24.1],[53.48,24.1],[53.48,24.1],[53.48,24.1],[53.47,24.1]],[[53.48,24.1],[53.48,24.1],[53.48,24.1],[53.48,24.1],[53.48,24.1],[53.48,24.1],[53.48,24.1],[53.48,24.1],[53.48,24.1],[53.48,24.1],[53.48,24.1],[53.48,24.1],[53.48,24.1],[53.48,24.1],[53.48,24.1],[53.48,24.1],[53.48,24.1],[53.48,24.1],[53.48,24.1],[53.48,24.1],[53.48,24.1],[53.48,24.1],[53.48,24.1],[53.48,24.1],[53.48,24.1],[53.48,24.1],[53.48,24.1]],[[53.43,24.11],[53.43,24.11],[53.43,24.11],[53.43,24.11],[53.43,24.11],[53.43,24.11],[53.43,24.11],[53.43,24.11],[53.43,24.11],[53.43,24.11],[53.43,24.11],[53.43,24.11],[53.43,24.11],[53.43,24.11],[53.43,24.11],[53.43,24.11],[53.43,24.11]],[[53.46,24.12],[53.46,24.12],[53.46,24.12],[53.46,24.12],[53.46,24.12],[53.46,24.12],[53.46,24.12],[53.46,24.12],[53.46,24.12],[53.46,24.12],[53.46,24.12]],[[53.46,24.12],[53.46,24.12],[53.46,24.12],[53.46,24.12],[53.46,24.12],[53.46,24.12],[53.46,24.12],[53.46,24.12],[53.46,24.12],[53.46,24.12],[53.46,24.12],[53.46,24.12],[53.46,24.12],[53.46,24.12],[53.46,24.12],[53.46,24.12],[53.46,24.12],[53.46,24.12],[53.46,24.12],[53.46,24.12],[53.46,24.12],[53.46,24.12],[53.46,24.12],[53.46,24.12],[53.46,24.12],[53.46,24.12]],[[53.33,24.11],[53.33,24.11],[53.33,24.11],[53.33,24.11],[53.33,24.11],[53.33,24.11],[53.33,24.11],[53.33,24.11],[53.33,24.11],[53.33,24.11],[53.33,24.11],[53.33,24.11],[53.33,24.11],[53.33,24.11],[53.33,24.11],[53.33,24.11],[53.33,24.11]],[[53.33,24.11],[53.33,24.11],[53.33,24.11],[53.33,24.11],[53.33,24.11],[53.33,24.11],[53.33,24.11],[53.33,24.11]],[[53.32,24.11],[53.32,24.11],[53.32,24.11],[53.32,24.11],[53.32,24.11],[53.32,24.11],[53.32,24.11],[53.32,24.11],[53.32,24.11],[53.32,24.11]],[[53.32,24.11],[53.32,24.11],[53.32,24.11],[53.32,24.11],[53.32,24.11],[53.32,24.11],[53.32,24.11],[53.32,24.11],[53.32,24.11],[53.32,24.11],[53.32,24.11],[53.32,24.11],[53.32,24.11],[53.32,24.11],[53.32,24.11],[53.32,24.11],[53.32,24.11],[53.32,24.11],[53.32,24.11],[53.32,24.11]],[[53.3,24.1],[53.3,24.1],[53.3,24.1],[53.3,24.1],[53.3,24.1],[53.3,24.1],[53.3,24.1],[53.3,24.1],[53.3,24.1],[53.3,24.1],[53.3,24.1],[53.3,24.1],[53.3,24.1],[53.3,24.1],[53.3,24.1],[53.3,24.1],[53.3,24.1],[53.3,24.1],[53.3,24.1],[53.3,24.1],[53.3,24.1],[53.3,24.1],[53.3,24.1]],[[53.29,24.1],[53.29,24.1],[53.29,24.1],[53.29,24.1],[53.29,24.1],[53.29,24.1],[53.29,24.1],[53.29,24.1],[53.29,24.1],[53.29,24.1],[53.29,24.1],[53.29,24.1],[53.29,24.1],[53.29,24.1],[53.29,24.1],[53.29,24.1],[53.29,24.1],[53.29,24.1],[53.29,24.1],[53.29,24.1],[53.29,24.1]],[[53.29,24.1],[53.29,24.1],[53.29,24.1],[53.29,24.1],[53.29,24.1],[53.29,24.1],[53.29,24.1],[53.29,24.1],[53.29,24.1],[53.29,24.1],[53.29,24.1],[53.29,24.1],[53.29,24.1],[53.29,24.1],[53.29,24.1],[53.29,24.1],[53.29,24.1],[53.29,24.1],[53.29,24.1],[53.29,24.1]],[[53.27,24.1],[53.27,24.1],[53.27,24.1],[53.27,24.1],[53.27,24.1],[53.27,24.1],[53.27,24.1],[53.27,24.1]],[[53.23,24.11],[53.23,24.11],[53.23,24.11],[53.23,24.11],[53.23,24.11]],[[53.23,24.09],[53.23,24.09],[53.23,24.09],[53.23,24.09],[53.23,24.09]],[[53.23,24.09],[53.23,24.09],[53.23,24.09],[53.23,24.09],[53.23,24.09]],[[53.22,24.1],[53.22,24.1],[53.22,24.1],[53.22,24.1],[53.22,24.1]],[[53.22,24.1],[53.22,24.1],[53.22,24.1],[53.22,24.1],[53.22,24.1],[53.22,24.1]],[[53.22,24.11],[53.22,24.11],[53.22,24.11],[53.22,24.11],[53.22,24.11]],[[53.22,24.11],[53.22,24.11],[53.22,24.11],[53.22,24.11],[53.22,24.11],[53.22,24.11],[53.22,24.11]],[[53.22,24.12],[53.22,24.12],[53.22,24.12],[53.22,24.12],[53.22,24.12],[53.22,24.12],[53.22,24.12],[53.22,24.12],[53.22,24.12]],[[53.21,24.12],[53.21,24.12],[53.21,24.12],[53.21,24.12],[53.21,24.12],[53.21,24.12],[53.21,24.12]],[[52.67,24.12],[52.67,24.13],[52.67,24.12],[52.67,24.12]],[[52.76,24.13],[52.76,24.13],[52.76,24.13],[52.76,24.13],[52.76,24.13],[52.76,24.13],[52.76,24.13],[52.77,24.13],[52.77,24.13],[52.77,24.13],[52.77,24.13],[52.77,24.13],[52.77,24.13],[52.77,24.13],[52.77,24.13],[52.77,24.13],[52.77,24.13],[52.77,24.13],[52.77,24.13],[52.77,24.13],[52.76,24.13]],[[52.79,24.13],[52.78,24.13],[52.79,24.13],[52.79,24.13]],[[52.86,24.13],[52.87,24.13],[52.86,24.13],[52.86,24.13]],[[52.87,24.13],[52.87,24.13],[52.87,24.13],[52.87,24.13],[52.87,24.13],[52.87,24.13],[52.87,24.13],[52.87,24.13],[52.87,24.13],[52.87,24.13],[52.87,24.13],[52.87,24.13],[52.87,24.13],[52.87,24.13],[52.87,24.13],[52.87,24.13],[52.87,24.13],[52.87,24.13],[52.87,24.13],[52.87,24.13],[52.87,24.13],[52.87,24.13],[52.87,24.13],[52.87,24.13],[52.87,24.13],[52.87,24.13],[52.87,24.13],[52.87,24.13],[52.87,24.13],[52.87,24.13],[52.87,24.13],[52.87,24.13],[52.87,24.13],[52.87,24.13],[52.87,24.13],[52.87,24.13],[52.87,24.13],[52.87,24.13],[52.87,24.13],[52.87,24.13],[52.87,24.13],[52.87,24.13],[52.87,24.13],[52.87,24.13],[52.87,24.13],[52.87,24.13],[52.87,24.13],[52.87,24.13],[52.87,24.13],[52.87,24.13],[52.87,24.13],[52.87,24.13],[52.87,24.13],[52.87,24.13]],[[52.87,24.13],[52.87,24.13],[52.87,24.13],[52.87,24.13],[52.87,24.13],[52.87,24.13],[52.87,24.13],[52.87,24.13],[52.87,24.13],[52.87,24.13],[52.87,24.13],[52.87,24.13],[52.87,24.13],[52.87,24.13],[52.87,24.13],[52.87,24.13]],[[52.87,24.13],[52.87,24.13],[52.87,24.13],[52.87,24.13],[52.87,24.13],[52.87,24.13],[52.87,24.13],[52.87,24.13],[52.87,24.13],[52.87,24.13],[52.87,24.13],[52.87,24.13],[52.87,24.13],[52.87,24.13],[52.87,24.13],[52.87,24.13],[52.87,24.13],[52.87,24.13],[52.87,24.13],[52.87,24.13]],[[52.99,24.15],[52.99,24.15],[52.99,24.15],[52.99,24.15],[52.99,24.15],[52.99,24.15],[52.99,24.15],[52.99,24.15],[52.99,24.15],[52.99,24.15],[52.99,24.15],[52.99,24.15],[52.99,24.15],[52.99,24.15],[52.99,24.15]],[[52.9,24.14],[52.9,24.14],[52.9,24.14],[52.9,24.14],[52.9,24.14],[52.9,24.14]],[[52.74,24.14],[52.74,24.14],[52.74,24.14],[52.74,24.14],[52.74,24.14],[52.74,24.14],[52.74,24.14],[52.74,24.14],[52.74,24.14],[52.74,24.14],[52.74,24.14],[52.74,24.14],[52.74,24.14],[52.74,24.14],[52.74,24.14],[52.74,24.14],[52.74,24.14],[52.74,24.14],[52.74,24.14],[52.74,24.14],[52.74,24.14],[52.74,24.14],[52.74,24.14]],[[52.74,24.14],[52.74,24.14],[52.74,24.14],[52.74,24.14],[52.74,24.14],[52.74,24.14],[52.74,24.14],[52.74,24.14],[52.74,24.14],[52.74,24.14],[52.74,24.14],[52.74,24.14],[52.74,24.14],[52.74,24.14],[52.74,24.14],[52.74,24.14],[52.74,24.14],[52.74,24.14],[52.74,24.14],[52.74,24.14],[52.74,24.14],[52.74,24.14],[52.74,24.14],[52.74,24.14],[52.74,24.14],[52.74,24.14],[52.74,24.14],[52.74,24.14],[52.74,24.14],[52.74,24.14],[52.74,24.14],[52.74,24.14],[52.74,24.14],[52.74,24.14],[52.74,24.14],[52.74,24.14],[52.74,24.14],[52.74,24.14],[52.74,24.14],[52.74,24.14]],[[52.68,24.14],[52.68,24.14],[52.68,24.14],[52.68,24.14],[52.68,24.14],[52.68,24.14],[52.68,24.14],[52.68,24.14],[52.68,24.14],[52.68,24.14],[52.68,24.14],[52.68,24.14],[52.68,24.14],[52.68,24.14]],[[52.57,24.14],[52.57,24.15],[52.57,24.14],[52.57,24.15],[52.57,24.14],[52.57,24.15],[52.57,24.14],[52.57,24.14]],[[52.61,24.2],[52.61,24.2],[52.61,24.2],[52.61,24.2],[52.61,24.2],[52.61,24.2],[52.61,24.2],[52.61,24.2],[52.61,24.2],[52.61,24.2],[52.61,24.2],[52.61,24.2],[52.61,24.2]],[[51.94,23.96],[51.93,23.96],[51.94,23.96],[51.93,23.96],[51.94,23.96],[51.94,23.96]],[[51.93,23.96],[51.93,23.96],[51.93,23.96],[51.93,23.96],[51.93,23.96],[51.93,23.96],[51.93,23.96],[51.93,23.96],[51.93,23.96],[51.93,23.96],[51.93,23.96],[51.93,23.96],[51.93,23.96],[51.93,23.96],[51.93,23.96],[51.93,23.96],[51.93,23.96],[51.94,23.96],[51.94,23.96],[51.94,23.96],[51.94,23.96],[51.93,23.96]],[[52.04,23.97],[52.04,23.97],[52.04,23.97],[52.04,23.97],[52.04,23.97],[52.04,23.97],[52.04,23.97],[52.04,23.97],[52.04,23.97],[52.04,23.97],[52.04,23.97],[52.04,23.97],[52.04,23.97],[52.04,23.97],[52.04,23.97],[52.04,23.97],[52.04,23.97],[52.04,23.97],[52.04,23.97],[52.04,23.97],[52.04,23.97],[52.04,23.97],[52.04,23.97],[52.04,23.97],[52.04,23.97],[52.04,23.97],[52.04,23.97],[52.04,23.97],[52.04,23.97],[52.04,23.97],[52.04,23.97],[52.04,23.97],[52.04,23.97],[52.04,23.97],[52.04,23.97],[52.04,23.97],[52.04,23.97],[52.04,23.97],[52.04,23.97],[52.04,23.97],[52.04,23.97],[52.04,23.97],[52.04,23.97],[52.04,23.97],[52.04,23.97],[52.04,23.97],[52.04,23.97],[52.04,23.97],[52.04,23.97],[52.04,23.97],[52.04,23.97],[52.04,23.97],[52.04,23.97],[52.04,23.97],[52.04,23.97],[52.04,23.97],[52.04,23.97],[52.04,23.97],[52.04,23.97],[52.04,23.97],[52.04,23.97],[52.04,23.97],[52.04,23.97],[52.04,23.97],[52.04,23.97],[52.04,23.97],[52.04,23.97]],[[52.03,23.98],[52.03,23.98],[52.03,23.98],[52.03,23.98],[52.03,23.98],[52.03,23.98],[52.03,23.98],[52.03,23.98],[52.03,23.98]],[[52.03,23.97],[52.03,23.97],[52.03,23.97],[52.03,23.97],[52.03,23.97],[52.03,23.97],[52.03,23.97],[52.03,23.97],[52.03,23.97],[52.03,23.97],[52.03,23.97],[52.03,23.97],[52.03,23.97],[52.03,23.97],[52.03,23.97],[52.03,23.97],[52.03,23.97],[52.03,23.97],[52.03,23.97],[52.03,23.97],[52.03,23.97],[52.03,23.97],[52.03,23.97]]],[[[50.63,26.13],[50.45,26.22],[50.56,25.82],[50.63,26.13],[50.63,26.13]],[[50.6,26.14],[50.59,26.14],[50.59,26.15],[50.6,26.15],[50.6,26.14],[50.6,26.14]],[[50.62,26.11],[50.62,26.11],[50.62,26.11],[50.62,26.11],[50.62,26.11],[50.62,26.11],[50.62,26.11],[50.62,26.11],[50.62,26.11],[50.62,26.11],[50.62,26.11],[50.62,26.11],[50.62,26.11],[50.62,26.11],[50.62,26.11],[50.62,26.11],[50.62,26.11],[50.62,26.11],[50.62,26.11],[50.62,26.11],[50.62,26.11],[50.62,26.11],[50.62,26.11],[50.62,26.11],[50.62,26.11],[50.62,26.11],[50.62,26.11],[50.62,26.11],[50.62,26.11],[50.62,26.11],[50.62,26.11],[50.62,26.11],[50.62,26.11],[50.62,26.11],[50.62,26.11],[50.62,26.11],[50.62,26.11],[50.62,26.11],[50.62,26.11],[50.62,26.11],[50.62,26.11],[50.62,26.11],[50.62,26.11],[50.62,26.11],[50.62,26.11],[50.62,26.11],[50.62,26.11],[50.62,26.11],[50.62,26.11],[50.62,26.11],[50.62,26.11]],[[50.62,26.11],[50.62,26.11],[50.62,26.11],[50.62,26.11],[50.62,26.11],[50.62,26.11],[50.62,26.11],[50.62,26.11],[50.62,26.11]],[[50.62,26.09],[50.62,26.09],[50.62,26.09],[50.62,26.09],[50.62,26.09],[50.62,26.09],[50.62,26.09],[50.62,26.09],[50.62,26.09]],[[50.62,26.08],[50.62,26.08],[50.62,26.08],[50.62,26.08],[50.62,26.08]],[[50.62,26.05],[50.62,26.05],[50.62,26.05],[50.62,26.05],[50.62,26.05]],[[50.62,26.05],[50.62,26.05],[50.62,26.05],[50.62,26.05],[50.62,26.05]],[[50.62,26.05],[50.62,26.05],[50.62,26.05],[50.62,26.05],[50.62,26.05],[50.62,26.05],[50.62,26.05],[50.62,26.05],[50.62,26.05],[50.62,26.05],[50.62,26.05],[50.62,26.05],[50.62,26.05],[50.62,26.05],[50.62,26.05],[50.62,26.05],[50.62,26.05],[50.62,26.05],[50.62,26.05]],[[50.63,26.04],[50.63,26.04],[50.63,26.04],[50.63,26.04],[50.63,26.04],[50.63,26.04],[50.63,26.04]],[[50.62,26.01],[50.62,26.01],[50.62,26.01],[50.62,26.01],[50.62,26.01]],[[50.62,26.01],[50.62,26.01],[50.62,26.01],[50.62,26.01],[50.62,26.01]],[[50.62,26],[50.62,26],[50.62,26],[50.62,26],[50.62,26],[50.62,26],[50.62,26],[50.62,26],[50.62,26],[50.62,26]],[[50.62,26],[50.62,26],[50.62,26],[50.62,26],[50.62,26]],[[50.62,26],[50.62,26],[50.62,26],[50.62,26],[50.62,26],[50.62,26]],[[50.62,26],[50.62,26],[50.62,26],[50.62,26],[50.62,26]],[[50.62,26],[50.62,26],[50.62,26],[50.62,26],[50.62,26]],[[50.62,25.99],[50.62,25.99],[50.62,25.99],[50.62,25.99],[50.62,25.99]],[[50.61,25.93],[50.61,25.93],[50.61,25.93],[50.61,25.93],[50.61,25.93],[50.61,25.93],[50.61,25.93]],[[50.61,25.93],[50.61,25.93],[50.61,25.92],[50.61,25.92],[50.61,25.92],[50.61,25.92],[50.61,25.93]],[[50.61,25.92],[50.61,25.92],[50.61,25.92],[50.61,25.92],[50.61,25.92]],[[50.61,25.92],[50.61,25.92],[50.61,25.92],[50.61,25.92],[50.61,25.92]],[[50.61,25.92],[50.61,25.92],[50.61,25.92],[50.61,25.92],[50.61,25.92]],[[50.61,25.92],[50.61,25.92],[50.61,25.92],[50.61,25.92],[50.61,25.92],[50.61,25.92],[50.61,25.92],[50.61,25.92],[50.61,25.92]],[[50.61,25.92],[50.61,25.92],[50.61,25.92],[50.61,25.92],[50.61,25.92]],[[50.61,25.92],[50.61,25.92],[50.61,25.92],[50.61,25.92],[50.61,25.92]],[[50.61,25.92],[50.61,25.92],[50.61,25.92],[50.61,25.92],[50.61,25.92]],[[50.61,25.92],[50.61,25.91],[50.61,25.92],[50.61,25.91],[50.61,25.92],[50.61,25.92]],[[50.61,25.91],[50.61,25.91],[50.61,25.91],[50.61,25.91],[50.61,25.91]],[[50.61,25.91],[50.61,25.91],[50.61,25.91],[50.61,25.91],[50.61,25.91]]],[[[48.85,27.61],[47.85,29.53],[47.06,29.49],[46.94,29.31],[47.99,28.26],[47.99,27.74],[47.56,27.38],[48.05,27.25],[48.87,26.14],[48.57,25.93],[49.13,25.7],[48.84,24.17],[49.52,23.16],[49.24,22.88],[49.33,21.94],[49.91,22.37],[50.03,22.96],[50.43,23.07],[50.04,23.05],[50.29,23.34],[49.55,23.77],[49.54,25.18],[49.72,24.37],[49.9,25.01],[49.21,26.04],[49.58,26.06],[49.52,26.47],[49.93,26.04],[50.22,26.23],[50.01,26.79],[48.85,27.61],[48.85,27.61]],[[48.85,27.64],[48.85,27.64],[48.85,27.64],[48.85,27.64],[48.85,27.64]],[[47.32,29.4],[47.5,29.51],[47.33,29.4],[47.32,29.4]],[[47.8,29.54],[47.81,29.55],[47.83,29.57],[47.84,29.58],[47.85,29.59],[47.86,29.59],[47.86,29.6],[47.87,29.6],[47.88,29.6],[47.89,29.6],[47.89,29.59],[47.89,29.58],[47.88,29.57],[47.87,29.57],[47.87,29.56],[47.86,29.56],[47.85,29.56],[47.85,29.55],[47.84,29.55],[47.83,29.55],[47.83,29.54],[47.82,29.54],[47.8,29.52],[47.79,29.51],[47.79,29.5],[47.78,29.5],[47.78,29.49],[47.77,29.48],[47.77,29.47],[47.76,29.46],[47.75,29.46],[47.74,29.46],[47.74,29.45],[47.73,29.45],[47.71,29.45],[47.71,29.46],[47.72,29.46],[47.74,29.48],[47.75,29.49],[47.75,29.5],[47.76,29.5],[47.76,29.51],[47.77,29.51],[47.79,29.52],[47.79,29.53],[47.8,29.54],[47.8,29.54]],[[47.86,29.62],[47.85,29.62],[47.85,29.63],[47.86,29.64],[47.87,29.64],[47.87,29.65],[47.88,29.65],[47.88,29.64],[47.89,29.64],[47.9,29.64],[47.9,29.63],[47.9,29.62],[47.89,29.62],[47.88,29.62],[47.87,29.62],[47.86,29.62]],[[49.32,27.27],[49.32,27.27],[49.32,27.27],[49.32,27.27],[49.32,27.27],[49.32,27.27],[49.32,27.27],[49.32,27.27],[49.32,27.27],[49.32,27.27],[49.32,27.27],[49.32,27.27],[49.32,27.27],[49.32,27.27],[49.32,27.27],[49.32,27.27],[49.32,27.27],[49.32,27.27],[49.32,27.27],[49.32,27.27],[49.32,27.27],[49.32,27.27],[49.32,27.27],[49.32,27.27],[49.32,27.27],[49.32,27.27],[49.32,27.27],[49.32,27.27],[49.32,27.27],[49.32,27.27],[49.32,27.27]],[[50.01,26.65],[50.01,26.65],[50.01,26.65],[50.01,26.65],[50.01,26.65]],[[49.15,23.61],[49.15,23.62],[49.15,23.63],[49.14,23.64],[49.14,23.65],[49.15,23.66],[49.16,23.66],[49.17,23.66],[49.18,23.65],[49.18,23.64],[49.17,23.64],[49.17,23.63],[49.17,23.62],[49.16,23.62],[49.16,23.61],[49.15,23.61]],[[49.74,23.66],[49.75,23.67],[49.75,23.66],[49.75,23.65],[49.75,23.61],[49.75,23.6],[49.75,23.58],[49.75,23.56],[49.74,23.56],[49.73,23.56],[49.73,23.55],[49.72,23.55],[49.7,23.53],[49.69,23.53],[49.68,23.52],[49.67,23.52],[49.67,23.53],[49.67,23.54],[49.68,23.54],[49.68,23.55],[49.69,23.56],[49.7,23.57],[49.7,23.58],[49.7,23.59],[49.69,23.59],[49.69,23.6],[49.69,23.61],[49.68,23.61],[49.68,23.6],[49.68,23.59],[49.67,23.58],[49.67,23.59],[49.67,23.61],[49.67,23.63],[49.67,23.64],[49.68,23.64],[49.68,23.65],[49.69,23.65],[49.7,23.64],[49.71,23.63],[49.72,23.62],[49.72,23.63],[49.73,23.63],[49.74,23.63],[49.74,23.64],[49.74,23.65],[49.74,23.66]],[[49.64,23.55],[49.64,23.53],[49.64,23.52],[49.64,23.53],[49.63,23.53],[49.62,23.53],[49.62,23.52],[49.62,23.53],[49.61,23.53],[49.61,23.55],[49.62,23.55],[49.62,23.56],[49.62,23.57],[49.62,23.58],[49.62,23.59],[49.62,23.6],[49.63,23.6],[49.63,23.61],[49.64,23.61],[49.64,23.6],[49.64,23.57],[49.64,23.55]],[[49.91,23.45],[49.92,23.46],[49.93,23.46],[49.93,23.45],[49.94,23.45],[49.94,23.44],[49.94,23.43],[49.95,23.43],[49.95,23.42],[49.95,23.41],[49.95,23.4],[49.95,23.39],[49.95,23.38],[49.94,23.37],[49.93,23.37],[49.93,23.38],[49.93,23.39],[49.93,23.4],[49.93,23.41],[49.92,23.41],[49.92,23.42],[49.91,23.42],[49.91,23.43],[49.91,23.44],[49.91,23.45],[49.91,23.45]],[[49.67,23.44],[49.67,23.4],[49.66,23.39],[49.65,23.39],[49.65,23.4],[49.65,23.43],[49.65,23.44],[49.66,23.44],[49.67,23.44],[49.67,23.44]],[[49.9,23.19],[49.9,23.2],[49.91,23.2],[49.91,23.21],[49.91,23.22],[49.91,23.23],[49.91,23.24],[49.92,23.25],[49.92,23.26],[49.93,23.26],[49.93,23.27],[49.93,23.28],[49.93,23.29],[49.94,23.3],[49.94,23.29],[49.95,23.29],[49.95,23.28],[49.94,23.27],[49.94,23.26],[49.94,23.25],[49.93,23.25],[49.93,23.24],[49.93,23.22],[49.93,23.21],[49.93,23.2],[49.92,23.2],[49.93,23.19],[49.94,23.19],[49.95,23.19],[49.95,23.18],[49.96,23.18],[49.96,23.17],[49.95,23.17],[49.94,23.16],[49.93,23.16],[49.92,23.16],[49.91,23.15],[49.9,23.15],[49.9,23.14],[49.89,23.14],[49.88,23.13],[49.88,23.14],[49.88,23.15],[49.89,23.16],[49.89,23.17],[49.89,23.18],[49.9,23.19]],[[50.1,23.17],[49.99,23.17],[49.99,23.18],[49.99,23.19],[50,23.2],[50,23.21],[50.01,23.22],[50,23.23],[49.99,23.23],[49.99,23.22],[49.98,23.22],[49.97,23.22],[49.97,23.23],[49.97,23.24],[49.97,23.25],[49.98,23.25],[49.99,23.26],[50,23.26],[50.01,23.25],[50.01,23.24],[50.02,23.24],[50.02,23.23],[50.04,23.23],[50.05,23.23],[50.06,23.23],[50.06,23.22],[50.06,23.21],[50.07,23.21],[50.07,23.2],[50.07,23.19],[50.07,23.18],[50.08,23.18],[50.09,23.18],[50.09,23.17],[50.1,23.17],[50.11,23.17],[50.1,23.17]],[[50.12,23.02],[50.12,23.03],[50.12,23.04],[50.13,23.04],[50.13,23.05],[50.13,23.06],[50.13,23.07],[50.14,23.07],[50.15,23.07],[50.15,23.06],[50.16,23.06],[50.16,23.05],[50.15,23.05],[50.15,23.04],[50.15,23.03],[50.14,23.03],[50.14,23.02],[50.13,23.02],[50.12,23.01],[50.12,23.02]],[[50.22,26.27],[50.22,26.27],[50.22,26.27],[50.22,26.27],[50.22,26.27],[50.22,26.27],[50.22,26.27],[50.22,26.27],[50.22,26.27]]]]},"bbox":[46.94,20.45,59.83,29.65]},{"type":"Feature","properties":{},"geometry":{"type":"MultiPolygon","coordinates":[[[[48.97,14.31],[48.19,14.27],[48.97,14.31],[48.97,14.31]]],[[[58.67,20.17],[58.92,20.69],[58.67,20.18],[58.67,20.17]]],[[[55.87,25.35],[55.86,24.6],[55.48,24.11],[55.83,23.99],[55.75,23.35],[55.35,23.3],[55.72,23.14],[55.24,23.05],[55.46,22.13],[56.43,21.48],[56.12,21.24],[56.42,20.92],[55.64,20.45],[56.18,20.53],[56.04,20.15],[55.36,19.66],[55.91,20.26],[55.06,20.04],[54.96,19.86],[55.36,19.89],[54.43,19.48],[53.45,18.47],[52.44,18.88],[51.23,18.62],[51.11,18.25],[50.61,18.5],[48.31,17.53],[47.87,16.65],[47.13,16.1],[48.03,15.8],[49.01,16.07],[48.46,15.81],[48.35,15.23],[48.12,15.68],[46.99,15.4],[46.87,14.61],[47.13,14.08],[47.68,14.06],[47.47,14.41],[49.03,15.04],[51.63,15.33],[52.17,15.61],[52.22,16.17],[52.69,16.57],[54,17.22],[55.12,17.29],[55.48,17.97],[56.55,18.11],[56.88,18.81],[57.68,18.93],[57.31,20.26],[57.98,20.92],[58.26,20.66],[58.64,20.82],[58.48,22.16],[56.7,22.78],[55.91,24.34],[56.11,24.81],[55.87,25.35],[55.87,25.35]],[[55.47,22.04],[55.47,22.05],[55.48,22.05],[55.49,22.04],[55.49,22.03],[55.48,22.03],[55.47,22.03],[55.47,22.04]],[[56.32,21.72],[56.32,21.73],[56.33,21.73],[56.33,21.74],[56.33,21.75],[56.34,21.75],[56.35,21.75],[56.36,21.75],[56.36,21.74],[56.36,21.73],[56.36,21.72],[56.36,21.71],[56.35,21.71],[56.35,21.7],[56.34,21.7],[56.34,21.69],[56.32,21.67],[56.31,21.67],[56.31,21.68],[56.31,21.69],[56.31,21.7],[56.31,21.71],[56.32,21.71],[56.32,21.72],[56.32,21.72]],[[56.74,21.56],[56.75,21.56],[56.75,21.55],[56.75,21.54],[56.74,21.54],[56.74,21.53],[56.73,21.53],[56.73,21.52],[56.72,21.52],[56.71,21.51],[56.7,21.51],[56.7,21.52],[56.69,21.53],[56.7,21.53],[56.7,21.54],[56.71,21.54],[56.71,21.55],[56.72,21.55],[56.73,21.56],[56.74,21.56],[56.74,21.56]],[[56.53,21.51],[56.5,21.51],[56.49,21.51],[56.49,21.52],[56.5,21.52],[56.51,21.53],[56.52,21.53],[56.53,21.53],[56.54,21.53],[56.55,21.53],[56.56,21.53],[56.57,21.53],[56.59,21.53],[56.6,21.53],[56.59,21.52],[56.58,21.52],[56.57,21.52],[56.57,21.51],[56.56,21.51],[56.55,21.51],[56.54,21.51],[56.53,21.51],[56.53,21.51]],[[57.07,21.23],[57.08,21.23],[57.1,21.23],[57.11,21.22],[57.12,21.22],[57.12,21.21],[57.11,21.21],[57.11,21.2],[57.1,21.2],[57.06,21.2],[57.05,21.2],[57.04,21.21],[57.03,21.21],[57.02,21.22],[57.03,21.22],[57.04,21.22],[57.04,21.23],[57.05,21.23],[57.06,21.23],[57.07,21.23]],[[57.6,21.16],[57.61,21.16],[57.61,21.15],[57.61,21.14],[57.62,21.14],[57.61,21.13],[57.62,21.13],[57.62,21.11],[57.62,21.1],[57.61,21.1],[57.61,21.09],[57.61,21.08],[57.61,21.07],[57.61,21.06],[57.61,21.05],[57.6,21.05],[57.6,21.02],[57.6,21.01],[57.6,21],[57.58,20.99],[57.58,20.98],[57.57,20.98],[57.56,20.98],[57.55,20.98],[57.54,20.97],[57.53,20.97],[57.53,20.96],[57.53,20.95],[57.52,20.95],[57.51,20.95],[57.51,20.96],[57.51,20.97],[57.51,20.98],[57.51,20.99],[57.52,20.99],[57.52,21],[57.52,21.01],[57.52,21.02],[57.53,21.02],[57.53,21.03],[57.55,21.04],[57.55,21.05],[57.56,21.05],[57.58,21.06],[57.58,21.07],[57.58,21.08],[57.58,21.09],[57.59,21.09],[57.59,21.1],[57.59,21.11],[57.6,21.12],[57.6,21.14],[57.6,21.15],[57.6,21.16]],[[57.7,21.02],[57.71,21.02],[57.72,21.02],[57.72,21.01],[57.71,21.01],[57.71,21],[57.71,20.99],[57.7,20.98],[57.7,20.97],[57.69,20.97],[57.68,20.97],[57.67,20.97],[57.67,20.98],[57.68,20.99],[57.68,21],[57.69,21],[57.69,21.01],[57.69,21.02],[57.7,21.02],[57.7,21.02]],[[57.83,20.97],[57.84,20.98],[57.84,20.99],[57.84,21],[57.84,21.01],[57.85,21.02],[57.87,21.01],[57.87,20.99],[57.86,20.99],[57.86,20.98],[57.86,20.97],[57.85,20.96],[57.84,20.95],[57.83,20.95],[57.83,20.96],[57.83,20.97]],[[57.98,21],[57.99,21],[57.99,20.99],[57.98,20.99],[57.98,20.98],[57.98,20.97],[57.97,20.97],[57.97,20.96],[57.95,20.95],[57.94,20.95],[57.94,20.96],[57.95,20.96],[57.95,20.97],[57.95,20.98],[57.96,20.98],[57.96,20.99],[57.97,20.99],[57.97,21],[57.98,21],[57.98,21]],[[57.89,21],[57.89,20.99],[57.89,20.98],[57.89,20.97],[57.89,20.96],[57.88,20.96],[57.88,20.95],[57.87,20.94],[57.87,20.95],[57.86,20.95],[57.86,20.96],[57.87,20.97],[57.87,20.98],[57.87,20.99],[57.88,20.99],[57.88,21],[57.89,21]],[[56.51,20.9],[56.71,20.86],[56.47,20.57],[56.51,20.89],[56.51,20.9]],[[57.83,20.89],[57.83,20.9],[57.84,20.9],[57.84,20.91],[57.85,20.91],[57.85,20.9],[57.85,20.89],[57.85,20.88],[57.84,20.87],[57.84,20.84],[57.84,20.83],[57.83,20.83],[57.83,20.82],[57.83,20.81],[57.82,20.81],[57.81,20.79],[57.79,20.78],[57.77,20.77],[57.77,20.76],[57.76,20.77],[57.76,20.78],[57.77,20.78],[57.77,20.79],[57.77,20.8],[57.77,20.81],[57.78,20.81],[57.78,20.82],[57.78,20.84],[57.78,20.85],[57.79,20.85],[57.79,20.86],[57.8,20.86],[57.8,20.87],[57.81,20.87],[57.83,20.89],[57.83,20.89]],[[57.59,20.86],[57.6,20.85],[57.6,20.83],[57.6,20.82],[57.61,20.82],[57.61,20.81],[57.61,20.8],[57.62,20.79],[57.63,20.78],[57.63,20.77],[57.63,20.76],[57.64,20.76],[57.64,20.75],[57.64,20.74],[57.65,20.74],[57.65,20.73],[57.64,20.73],[57.64,20.72],[57.63,20.71],[57.62,20.71],[57.61,20.71],[57.6,20.71],[57.59,20.73],[57.56,20.76],[57.55,20.76],[57.55,20.77],[57.55,20.78],[57.55,20.79],[57.54,20.79],[57.55,20.8],[57.54,20.8],[57.54,20.81],[57.54,20.82],[57.54,20.83],[57.54,20.84],[57.53,20.84],[57.53,20.85],[57.53,20.86],[57.53,20.87],[57.53,20.88],[57.54,20.88],[57.56,20.88],[57.57,20.87],[57.58,20.87],[57.59,20.87],[57.59,20.86]],[[56.94,20.7],[56.94,20.69],[56.93,20.69],[56.92,20.69],[56.92,20.68],[56.91,20.68],[56.9,20.68],[56.9,20.69],[56.91,20.69],[56.91,20.7],[56.92,20.7],[56.93,20.71],[56.94,20.71],[56.95,20.72],[56.96,20.72],[56.97,20.73],[56.98,20.73],[56.99,20.73],[56.99,20.74],[57,20.75],[57.01,20.75],[57.03,20.76],[57.04,20.76],[57.04,20.77],[57.05,20.77],[57.06,20.78],[57.07,20.79],[57.08,20.79],[57.09,20.79],[57.11,20.79],[57.11,20.78],[57.1,20.78],[57.1,20.77],[57.09,20.76],[57.08,20.76],[57.07,20.75],[57.06,20.75],[57.05,20.74],[57.04,20.74],[57.03,20.74],[57.03,20.73],[57.02,20.73],[57.01,20.73],[57,20.72],[56.99,20.72],[56.98,20.71],[56.97,20.71],[56.96,20.71],[56.96,20.7],[56.95,20.7],[56.94,20.7]],[[56.9,20.76],[56.89,20.76],[56.9,20.77],[56.91,20.78],[56.92,20.78],[56.93,20.78],[56.94,20.78],[56.94,20.79],[56.95,20.79],[56.96,20.79],[56.97,20.8],[56.97,20.81],[56.98,20.81],[56.99,20.82],[57,20.82],[57.01,20.83],[57.02,20.83],[57.03,20.83],[57.04,20.83],[57.05,20.83],[57.05,20.82],[57.04,20.81],[57.03,20.81],[57.02,20.8],[57.01,20.8],[57,20.8],[57,20.79],[56.99,20.79],[56.98,20.79],[56.98,20.78],[56.97,20.78],[56.96,20.78],[56.95,20.77],[56.94,20.77],[56.93,20.76],[56.92,20.76],[56.91,20.76],[56.9,20.76],[56.9,20.76]],[[56.88,20.78],[56.87,20.78],[56.87,20.79],[56.89,20.8],[56.9,20.8],[56.9,20.81],[56.91,20.81],[56.92,20.81],[56.93,20.81],[56.93,20.82],[56.94,20.82],[56.95,20.82],[56.95,20.81],[56.94,20.8],[56.93,20.8],[56.92,20.8],[56.91,20.78],[56.89,20.78],[56.88,20.78],[56.88,20.78]],[[57.14,20.82],[57.14,20.83],[57.15,20.84],[57.17,20.86],[57.18,20.85],[57.18,20.84],[57.17,20.83],[57.16,20.83],[57.15,20.82],[57.14,20.82]],[[56.29,20.54],[56.29,20.53],[56.28,20.52],[56.27,20.52],[56.27,20.51],[56.26,20.51],[56.24,20.49],[56.23,20.49],[56.23,20.5],[56.24,20.5],[56.25,20.51],[56.25,20.52],[56.26,20.52],[56.26,20.53],[56.27,20.54],[56.28,20.54],[56.28,20.55],[56.29,20.54]],[[56.33,20.53],[56.22,20.36],[56.33,20.53],[56.33,20.53]],[[56.41,20.46],[56.28,20.29],[56.41,20.45],[56.41,20.46]],[[56.42,20.41],[56.43,20.41],[56.42,20.41],[56.42,20.4],[56.4,20.38],[56.4,20.37],[56.39,20.36],[56.38,20.36],[56.37,20.35],[56.36,20.34],[56.35,20.33],[56.34,20.32],[56.33,20.32],[56.33,20.33],[56.33,20.34],[56.34,20.34],[56.34,20.35],[56.35,20.35],[56.36,20.37],[56.38,20.38],[56.38,20.39],[56.39,20.4],[56.4,20.4],[56.41,20.41],[56.42,20.41],[56.42,20.41]],[[56.15,20.57],[56.15,20.56],[56.15,20.55],[56.15,20.54],[56.14,20.53],[56.14,20.52],[56.13,20.52],[56.13,20.51],[56.12,20.51],[56.12,20.5],[56.11,20.5],[56.11,20.49],[56.09,20.47],[56.08,20.47],[56.08,20.48],[56.08,20.49],[56.09,20.49],[56.09,20.5],[56.1,20.5],[56.1,20.51],[56.1,20.52],[56.11,20.52],[56.11,20.53],[56.12,20.53],[56.12,20.54],[56.12,20.55],[56.13,20.55],[56.13,20.56],[56.14,20.56],[56.14,20.57],[56.15,20.57]],[[56.29,20.61],[56.29,20.6],[56.29,20.59],[56.28,20.59],[56.28,20.6],[56.28,20.61],[56.27,20.61],[56.27,20.62],[56.27,20.63],[56.28,20.63],[56.3,20.65],[56.31,20.65],[56.32,20.65],[56.32,20.64],[56.31,20.64],[56.31,20.63],[56.3,20.62],[56.3,20.61],[56.29,20.61],[56.29,20.61]],[[55.22,20.01],[55.22,20],[55.23,20],[55.23,19.99],[55.22,19.99],[55.21,19.99],[55.2,19.99],[55.19,19.99],[55.16,19.99],[55.15,19.99],[55.14,19.98],[55.14,19.99],[55.14,19.98],[55.13,19.98],[55.12,19.97],[55.11,19.97],[55.11,19.96],[55.1,19.96],[55.09,19.96],[55.08,19.96],[55.07,19.96],[55.08,19.97],[55.08,19.98],[55.09,19.99],[55.1,19.99],[55.11,19.99],[55.12,19.99],[55.13,20],[55.13,19.99],[55.13,20],[55.14,20],[55.15,20],[55.16,20],[55.17,20],[55.17,20.01],[55.18,20.01],[55.19,20.01],[55.22,20.01]],[[55.29,19.97],[55.3,19.97],[55.31,19.97],[55.32,19.96],[55.33,19.96],[55.33,19.95],[55.34,19.95],[55.35,19.95],[55.36,19.94],[55.35,19.94],[55.34,19.93],[55.34,19.92],[55.35,19.92],[55.36,19.92],[55.36,19.91],[55.35,19.91],[55.34,19.9],[55.33,19.9],[55.33,19.91],[55.32,19.91],[55.31,19.91],[55.31,19.92],[55.3,19.92],[55.27,19.92],[55.26,19.92],[55.25,19.92],[55.25,19.93],[55.26,19.93],[55.27,19.93],[55.27,19.94],[55.28,19.93],[55.28,19.94],[55.29,19.94],[55.29,19.95],[55.28,19.95],[55.28,19.96],[55.28,19.97],[55.29,19.97]],[[55.08,19.9],[55.07,19.9],[55.07,19.91],[55.08,19.92],[55.09,19.92],[55.09,19.93],[55.1,19.93],[55.11,19.94],[55.12,19.94],[55.13,19.95],[55.14,19.95],[55.14,19.96],[55.15,19.96],[55.16,19.96],[55.17,19.96],[55.18,19.96],[55.18,19.95],[55.18,19.94],[55.17,19.94],[55.16,19.94],[55.15,19.93],[55.14,19.93],[55.13,19.93],[55.12,19.93],[55.11,19.93],[55.11,19.92],[55.1,19.92],[55.09,19.91],[55.08,19.91],[55.08,19.9]],[[48.41,17.24],[48.22,16.87],[48.4,17.24],[48.41,17.24]],[[49.02,15.84],[49.02,15.85],[49.02,15.86],[49.02,15.87],[49.01,15.87],[49.01,15.89],[49.03,15.88],[49.04,15.88],[49.04,15.87],[49.04,15.86],[49.04,15.85],[49.05,15.85],[49.05,15.84],[49.05,15.83],[49.05,15.82],[49.05,15.81],[49.05,15.82],[49.04,15.82],[49.02,15.84]],[[48.71,15.76],[48.72,15.79],[48.74,15.77],[48.71,15.76],[48.71,15.76]],[[47.41,15.36],[47.41,15.35],[47.4,15.35],[47.4,15.34],[47.4,15.33],[47.4,15.32],[47.4,15.31],[47.4,15.32],[47.39,15.32],[47.39,15.33],[47.39,15.34],[47.39,15.35],[47.4,15.35],[47.4,15.36],[47.41,15.36]]],[[[56.06,25.9],[55.9,25.56],[56.06,25.9],[56.06,25.9]]]]},"bbox":[46.87,14.06,58.92,25.9]},{"type":"Feature","properties":{},"geometry":{"type":"MultiPolygon","coordinates":[[[[48.42,17.24],[48.2,16.89],[48.42,17.24],[48.42,17.24]]],[[[47.16,17.52],[46.85,16.99],[46.06,16.78],[45.69,16.31],[45.4,16.68],[45.45,16.23],[44.51,16.36],[44.99,15.62],[45.41,15.58],[45.68,14.86],[46.34,14.81],[46.03,14.58],[46.41,14.7],[46.57,14.39],[47.26,15.28],[47.04,15.48],[48.17,15.7],[48.3,15.14],[48.33,15.74],[48.9,16.02],[48.12,15.8],[47.2,16.01],[48.3,17.42],[47.34,17.07],[47.16,17.52],[47.16,17.52]],[[46.99,17.16],[47,17.16],[47.01,17.16],[47.02,17.16],[47.03,17.16],[47.04,17.15],[47.03,17.14],[47.02,17.14],[47.01,17.14],[47,17.14],[46.97,17.14],[46.96,17.14],[46.96,17.13],[46.94,17.13],[46.93,17.14],[46.93,17.15],[46.94,17.15],[46.95,17.15],[46.95,17.16],[46.96,17.16],[46.97,17.16],[46.98,17.16],[46.99,17.16],[46.99,17.16]],[[46.97,17.1],[46.98,17.11],[46.99,17.11],[46.99,17.1],[47,17.1],[47,17.09],[46.99,17.09],[46.97,17.09],[46.96,17.08],[46.95,17.08],[46.94,17.08],[46.93,17.08],[46.92,17.08],[46.92,17.09],[46.93,17.09],[46.94,17.1],[46.95,17.1],[46.96,17.1],[46.97,17.1],[46.97,17.1]],[[47.29,15.93],[47.51,15.84],[46.91,15.55],[47.24,15.91],[47.29,15.93]],[[46.34,15.61],[46.55,15.57],[45.66,15.22],[46.28,15.61],[46.34,15.61]],[[46.95,15.31],[46.97,15.31],[46.97,15.3],[46.98,15.3],[46.98,15.29],[46.98,15.28],[46.98,15.27],[46.97,15.27],[46.97,15.26],[46.97,15.25],[46.96,15.25],[46.96,15.24],[46.95,15.24],[46.92,15.24],[46.9,15.24],[46.9,15.25],[46.89,15.25],[46.9,15.25],[46.9,15.26],[46.9,15.27],[46.92,15.28],[46.92,15.29],[46.93,15.29],[46.94,15.29],[46.94,15.3],[46.95,15.3],[46.95,15.31]],[[46.99,15.24],[47,15.24],[47.01,15.23],[47,15.22],[47,15.21],[46.99,15.21],[46.98,15.21],[46.97,15.22],[46.98,15.23],[46.98,15.24],[46.99,15.24]],[[46.02,14.98],[46.03,14.98],[46.04,14.98],[46.04,14.99],[46.06,14.99],[46.06,14.98],[46.04,14.96],[46.02,14.96],[46.01,14.96],[46.01,14.97],[46.02,14.98],[46.02,14.98]],[[45.91,14.9],[45.9,14.9],[45.9,14.91],[45.9,14.94],[45.91,14.94],[45.92,14.94],[45.93,14.93],[45.94,14.93],[45.94,14.92],[45.94,14.91],[45.94,14.9],[45.94,14.89],[45.93,14.89],[45.93,14.88],[45.92,14.88],[45.92,14.89],[45.91,14.9]],[[46.55,14.61],[46.54,14.61],[46.53,14.62],[46.53,14.63],[46.54,14.64],[46.55,14.64],[46.56,14.64],[46.56,14.63],[46.57,14.63],[46.57,14.62],[46.58,14.62],[46.58,14.61],[46.58,14.6],[46.57,14.6],[46.56,14.6],[46.55,14.6],[46.55,14.61]],[[46.68,14.61],[46.69,14.62],[46.7,14.62],[46.7,14.61],[46.71,14.61],[46.71,14.6],[46.71,14.59],[46.71,14.58],[46.72,14.57],[46.73,14.57],[46.74,14.56],[46.74,14.55],[46.74,14.54],[46.74,14.53],[46.73,14.53],[46.71,14.53],[46.7,14.53],[46.7,14.54],[46.69,14.54],[46.69,14.55],[46.68,14.55],[46.67,14.57],[46.66,14.57],[46.66,14.58],[46.65,14.58],[46.64,14.59],[46.64,14.6],[46.65,14.61],[46.66,14.61],[46.67,14.61],[46.68,14.61],[46.68,14.61]],[[46.54,14.54],[46.55,14.54],[46.56,14.53],[46.56,14.52],[46.58,14.5],[46.59,14.5],[46.6,14.49],[46.61,14.49],[46.61,14.47],[46.61,14.46],[46.61,14.45],[46.61,14.44],[46.6,14.43],[46.59,14.43],[46.59,14.42],[46.56,14.42],[46.55,14.43],[46.55,14.44],[46.54,14.44],[46.54,14.45],[46.53,14.45],[46.52,14.46],[46.51,14.47],[46.51,14.48],[46.52,14.48],[46.54,14.48],[46.54,14.49],[46.54,14.5],[46.53,14.5],[46.53,14.51],[46.52,14.51],[46.52,14.52],[46.52,14.53],[46.52,14.54],[46.53,14.54],[46.54,14.54],[46.54,14.54]],[[46.61,14.43],[46.62,14.44],[46.62,14.45],[46.63,14.45],[46.63,14.46],[46.64,14.46],[46.64,14.45],[46.65,14.44],[46.66,14.44],[46.66,14.43],[46.66,14.42],[46.65,14.41],[46.65,14.4],[46.66,14.4],[46.66,14.38],[46.65,14.38],[46.64,14.38],[46.64,14.39],[46.63,14.39],[46.62,14.39],[46.62,14.4],[46.61,14.4],[46.61,14.41],[46.6,14.41],[46.6,14.42],[46.6,14.43],[46.61,14.43]],[[48.25,17.35],[48.25,17.34],[48.25,17.33],[48.24,17.34],[48.23,17.34],[48.23,17.35],[48.24,17.35],[48.25,17.35]]],[[[45.47,18.3],[45.48,17.96],[46.06,17.77],[45.48,18.29],[45.47,18.3]]],[[[46.36,18.53],[46.61,18.27],[46.36,18.53],[46.36,18.53]]],[[[48.84,20.73],[47.93,20.26],[48.81,20.71],[48.84,20.73]]],[[[49.28,21.22],[49.27,21.22],[49.26,21.22],[49.26,21.21],[49.25,21.21],[49.24,21.21],[49.23,21.21],[49.23,21.2],[49.22,21.2],[49.21,21.2],[49.21,21.19],[49.2,21.19],[49.2,21.18],[49.19,21.17],[49.19,21.16],[49.18,21.16],[49.18,21.15],[49.17,21.14],[49.16,21.14],[49.15,21.14],[49.15,21.13],[49.14,21.13],[49.13,21.13],[49.13,21.12],[49.12,21.12],[49.11,21.11],[49.1,21.1],[49.07,21.08],[49.07,21.07],[49.07,21.06],[49.06,21.06],[49.06,21.05],[49.06,21.04],[49.07,21.04],[49.07,21.03],[49.07,21.02],[49.06,21.02],[49.06,21.01],[49.06,21],[49.07,21],[49.08,21],[49.08,21.01],[49.09,21.01],[49.1,21.01],[49.1,21.02],[49.11,21.01],[49.16,21.02],[49.21,21.05],[49.25,21.09],[49.28,21.14],[49.28,21.15],[49.29,21.15],[49.3,21.16],[49.31,21.16],[49.32,21.17],[49.32,21.18],[49.3,21.18],[49.29,21.18],[49.28,21.17],[49.27,21.17],[49.26,21.16],[49.25,21.15],[49.24,21.15],[49.23,21.15],[49.22,21.15],[49.23,21.16],[49.25,21.18],[49.26,21.18],[49.28,21.21],[49.28,21.22]]],[[[42.68,21.36],[42.67,21.36],[42.67,21.35],[42.66,21.35],[42.66,21.34],[42.66,21.33],[42.65,21.32],[42.64,21.32],[42.64,21.31],[42.63,21.31],[42.63,21.3],[42.64,21.3],[42.65,21.3],[42.65,21.29],[42.66,21.29],[42.67,21.28],[42.67,21.27],[42.66,21.27],[42.66,21.26],[42.67,21.26],[42.67,21.25],[42.68,21.25],[42.69,21.25],[42.7,21.24],[42.7,21.23],[42.71,21.23],[42.7,21.23],[42.69,21.23],[42.68,21.23],[42.67,21.23],[42.66,21.23],[42.67,21.22],[42.67,21.21],[42.66,21.2],[42.65,21.19],[42.63,21.19],[42.62,21.19],[42.61,21.2],[42.6,21.2],[42.59,21.19],[42.59,21.18],[42.59,21.17],[42.58,21.16],[42.58,21.15],[42.58,21.14],[42.58,21.13],[42.59,21.13],[42.58,21.13],[42.58,21.12],[42.58,21.11],[42.59,21.11],[42.59,21.1],[42.6,21.1],[42.6,21.09],[42.6,21.08],[42.61,21.07],[42.62,21.06],[42.63,21.06],[42.64,21.06],[42.64,21.05],[42.65,21.05],[42.69,21.05],[42.69,21.06],[42.7,21.06],[42.7,21.07],[42.71,21.07],[42.72,21.09],[42.73,21.09],[42.74,21.09],[42.75,21.1],[42.74,21.14],[42.74,21.17],[42.72,21.22],[42.71,21.26],[42.69,21.28],[42.69,21.31],[42.68,21.36]]],[[[49.46,21.46],[49.57,21.63],[49.45,21.46],[49.46,21.46]]],[[[45.64,25.01],[45.92,24.58],[45.65,25.01],[45.64,25.01]]],[[[46.91,26.04],[47.8,25.28],[46.92,26.04],[46.91,26.04]]],[[[46.29,26.37],[46.63,26.15],[46.3,26.37],[46.29,26.37]]],[[[46.27,26.45],[46.62,26.23],[46.27,26.45],[46.27,26.45]]],[[[45.53,26.81],[45.9,26.63],[45.53,26.81],[45.53,26.81]]],[[[45.13,27.35],[46.16,26.69],[45.13,27.35],[45.13,27.35]]],[[[41.28,27.37],[40.89,27.31],[41.29,27.37],[41.28,27.37]]],[[[41.18,27.5],[40.96,27.43],[41.18,27.5],[41.18,27.5]]],[[[46.29,24.52],[46.69,24.36],[46.19,24.08],[46.79,24.19],[46.29,23.96],[46.32,23.58],[46.16,23.93],[46.2,23.38],[45.96,24.39],[45.3,24.94],[45.52,25.15],[44.54,26.39],[44.4,26.21],[45.74,24.15],[44.96,24.85],[44.33,26.33],[43.81,26.01],[44.16,26.36],[44.06,26.75],[44.39,26.56],[44.26,26.94],[44.41,26.79],[43.11,27.76],[43.42,27.49],[42.3,27.96],[41.72,27.87],[41.38,27.3],[42.08,27.28],[41.54,26.68],[41.35,26.75],[41.64,27.07],[40.4,27.09],[40.99,27.58],[40.34,27.48],[40.73,27.61],[40.52,27.69],[40.11,27.6],[40,27.22],[38.28,27.57],[37.57,27.42],[37.88,26.46],[39.82,26.04],[40.02,26.08],[39.73,26.61],[40.57,27.07],[40.94,26.95],[40.46,26.62],[40.48,26.07],[40.86,25.96],[40.42,25.56],[40.64,25],[40.26,25.07],[40.56,24.8],[39.9,24.96],[39.87,24.56],[40.46,24.61],[40.59,24.45],[40.04,24.44],[40.12,24.05],[40.53,23.71],[41.39,23.74],[41.88,23.11],[41.49,22.32],[41.03,22.67],[41.16,23.2],[40.3,23.33],[40.79,22.73],[40.78,21.87],[41.4,21.49],[41.6,22.28],[41.82,21.93],[41.66,20.94],[42.15,21.54],[42.18,22.11],[42.57,21.83],[42.88,21.11],[42.52,20.92],[42.61,20.28],[41.99,20.28],[42.75,19.59],[42.78,20],[43.09,19.34],[43.43,20.02],[43.59,19.6],[44.13,19.88],[43.58,20.24],[43.96,20.39],[43.91,20.78],[45.18,20.56],[44.18,20.41],[44.14,19.45],[44.25,19.07],[44.51,19.38],[44.57,18.91],[44.13,18.73],[44.62,18.54],[44.37,17.64],[45.24,18.07],[44.82,18.2],[45.03,19.19],[45.1,18.63],[45.47,18.5],[45.35,19.75],[46.99,20.48],[48.19,22.4],[48.04,24.65],[44.95,27.29],[45.04,25.8],[45.9,25.24],[46.29,24.53],[46.29,24.52]],[[46.32,23.46],[46.33,23.46],[46.34,23.45],[46.33,23.45],[46.33,23.44],[46.32,23.44],[46.31,23.43],[46.3,23.43],[46.29,23.42],[46.29,23.41],[46.28,23.42],[46.28,23.43],[46.27,23.44],[46.27,23.45],[46.29,23.45],[46.3,23.45],[46.31,23.45],[46.32,23.46],[46.32,23.46]],[[46.24,23.39],[46.36,23.22],[46.24,23.39],[46.24,23.39]],[[44.42,23.12],[44.85,23.01],[44.51,22.86],[44.42,23.13],[44.42,23.12]],[[46.16,23.11],[46.36,23.09],[45.91,22.42],[46.16,23.11],[46.16,23.11]],[[45.89,22.37],[45.35,21.73],[45.49,22.21],[45.14,22.92],[45.66,22.57],[45.53,22.18],[45.89,22.37],[45.89,22.37]],[[45.55,21.81],[45.41,21.66],[45.55,21.81],[45.55,21.81]],[[45.48,21.69],[45.5,21.69],[45.5,21.68],[45.5,21.67],[45.48,21.66],[45.48,21.65],[45.47,21.65],[45.46,21.63],[45.45,21.63],[45.44,21.62],[45.43,21.62],[45.43,21.61],[45.42,21.61],[45.41,21.6],[45.4,21.6],[45.39,21.6],[45.39,21.59],[45.38,21.59],[45.37,21.58],[45.36,21.58],[45.35,21.57],[45.34,21.56],[45.33,21.56],[45.32,21.56],[45.32,21.57],[45.32,21.58],[45.33,21.59],[45.34,21.6],[45.35,21.6],[45.36,21.6],[45.37,21.6],[45.37,21.61],[45.38,21.61],[45.39,21.62],[45.4,21.62],[45.41,21.63],[45.42,21.63],[45.43,21.64],[45.43,21.65],[45.44,21.66],[45.46,21.67],[45.47,21.68],[45.48,21.68],[45.48,21.69]],[[45.4,21.56],[45.41,21.56],[45.42,21.56],[45.42,21.55],[45.41,21.54],[45.39,21.52],[45.37,21.5],[45.36,21.5],[45.35,21.49],[45.34,21.49],[45.34,21.48],[45.33,21.48],[45.31,21.49],[45.32,21.5],[45.34,21.52],[45.35,21.52],[45.37,21.54],[45.37,21.55],[45.38,21.55],[45.38,21.56],[45.39,21.56],[45.4,21.56]],[[44.71,21.52],[44.33,21.53],[44.71,21.52],[44.71,21.52]],[[44.71,21.28],[44.72,21.28],[44.72,21.29],[44.73,21.29],[44.73,21.28],[44.74,21.28],[44.75,21.28],[44.76,21.27],[44.76,21.26],[44.77,21.26],[44.78,21.26],[44.78,21.25],[44.79,21.25],[44.79,21.24],[44.81,21.23],[44.81,21.21],[44.8,21.21],[44.8,21.2],[44.8,21.19],[44.81,21.19],[44.81,21.18],[44.81,21.17],[44.82,21.17],[44.82,21.16],[44.83,21.15],[44.84,21.15],[44.85,21.15],[44.86,21.14],[44.85,21.14],[44.86,21.14],[44.86,21.13],[44.87,21.13],[44.87,21.12],[44.87,21.11],[44.88,21.11],[44.88,21.1],[44.88,21.09],[44.89,21.08],[44.89,21.07],[44.9,21.07],[44.9,21.06],[44.9,21.05],[44.91,21.05],[44.91,21.04],[44.91,21.03],[44.91,21.02],[44.92,21.02],[44.92,21.01],[44.92,21],[44.91,21],[44.91,20.99],[44.9,20.99],[44.89,20.99],[44.88,20.99],[44.87,21],[44.87,21.01],[44.87,21.02],[44.86,21.02],[44.86,21.03],[44.84,21.04],[44.83,21.05],[44.83,21.06],[44.82,21.06],[44.81,21.07],[44.8,21.07],[44.8,21.08],[44.79,21.08],[44.79,21.09],[44.79,21.1],[44.82,21.1],[44.82,21.11],[44.81,21.12],[44.8,21.12],[44.8,21.13],[44.79,21.13],[44.78,21.14],[44.77,21.14],[44.77,21.15],[44.76,21.15],[44.75,21.15],[44.74,21.15],[44.74,21.16],[44.73,21.16],[44.72,21.16],[44.72,21.17],[44.71,21.18],[44.7,21.18],[44.69,21.19],[44.68,21.2],[44.68,21.21],[44.67,21.21],[44.68,21.22],[44.68,21.23],[44.68,21.24],[44.67,21.24],[44.67,21.25],[44.67,21.24],[44.67,21.25],[44.66,21.25],[44.66,21.26],[44.68,21.26],[44.69,21.26],[44.7,21.26],[44.71,21.26],[44.71,21.27],[44.71,21.28]],[[45.35,21.27],[45.36,21.27],[45.37,21.27],[45.37,21.26],[45.36,21.25],[45.35,21.25],[45.34,21.25],[45.32,21.25],[45.31,21.25],[45.32,21.26],[45.33,21.26],[45.33,21.27],[45.34,21.27],[45.35,21.27]],[[45.3,21.21],[45.3,21.22],[45.3,21.23],[45.31,21.23],[45.32,21.23],[45.32,21.22],[45.32,21.21],[45.32,21.2],[45.31,21.2],[45.3,21.2],[45.3,21.21]],[[45.23,21.14],[45.24,21.14],[45.25,21.14],[45.25,21.13],[45.24,21.13],[45.24,21.12],[45.23,21.11],[45.22,21.11],[45.22,21.1],[45.21,21.1],[45.2,21.1],[45.2,21.11],[45.21,21.12],[45.21,21.13],[45.22,21.13],[45.23,21.13],[45.23,21.14]],[[45.22,21.08],[45.23,21.08],[45.24,21.09],[45.25,21.1],[45.26,21.1],[45.26,21.09],[45.26,21.08],[45.25,21.08],[45.25,21.07],[45.24,21.06],[45.23,21.06],[45.23,21.05],[45.22,21.05],[45.21,21.04],[45.2,21.04],[45.19,21.04],[45.19,21.03],[45.18,21.03],[45.17,21.03],[45.17,21.02],[45.16,21.02],[45.15,21.02],[45.14,21.02],[45.14,21.01],[45.13,21.01],[45.11,21.01],[45.1,21.01],[45.1,21.02],[45.12,21.03],[45.13,21.03],[45.13,21.04],[45.14,21.04],[45.16,21.04],[45.17,21.04],[45.17,21.05],[45.19,21.06],[45.2,21.07],[45.21,21.08],[45.22,21.08],[45.22,21.08]],[[45.15,21],[45.16,21],[45.18,21],[45.18,20.99],[45.17,20.99],[45.17,20.98],[45.16,20.98],[45.15,20.98],[45.14,20.98],[45.14,20.97],[45.13,20.97],[45.12,20.96],[45.11,20.96],[45.1,20.96],[45.1,20.95],[45.09,20.95],[45.08,20.95],[45.07,20.95],[45.06,20.95],[45.06,20.96],[45.07,20.96],[45.07,20.97],[45.08,20.97],[45.09,20.97],[45.09,20.98],[45.1,20.98],[45.11,20.98],[45.12,20.98],[45.12,20.99],[45.13,20.99],[45.14,20.99],[45.15,20.99],[45.15,21],[45.15,21]],[[43.26,20.93],[43.13,20.58],[43.01,21.27],[43.41,21.96],[43.62,21.62],[43.42,21.49],[43.98,21.13],[43.26,20.96],[43.26,20.93]],[[43.51,20.63],[43.52,20.63],[43.53,20.64],[43.54,20.64],[43.54,20.65],[43.55,20.64],[43.56,20.64],[43.56,20.63],[43.55,20.63],[43.54,20.62],[43.52,20.61],[43.52,20.6],[43.51,20.6],[43.49,20.59],[43.47,20.59],[43.47,20.6],[43.48,20.6],[43.48,20.61],[43.49,20.61],[43.5,20.62],[43.51,20.62],[43.51,20.63]],[[43.61,20.63],[43.62,20.63],[43.63,20.63],[43.63,20.62],[43.64,20.62],[43.64,20.61],[43.65,20.61],[43.65,20.6],[43.67,20.6],[43.68,20.6],[43.69,20.6],[43.69,20.61],[43.7,20.61],[43.71,20.61],[43.71,20.62],[43.72,20.62],[43.73,20.62],[43.74,20.62],[43.74,20.63],[43.77,20.63],[43.77,20.62],[43.78,20.62],[43.77,20.61],[43.76,20.61],[43.75,20.61],[43.75,20.6],[43.74,20.6],[43.73,20.6],[43.72,20.6],[43.72,20.59],[43.71,20.59],[43.71,20.58],[43.7,20.58],[43.69,20.58],[43.68,20.58],[43.68,20.57],[43.67,20.57],[43.66,20.57],[43.65,20.57],[43.65,20.56],[43.64,20.56],[43.63,20.56],[43.62,20.56],[43.61,20.55],[43.6,20.55],[43.59,20.55],[43.59,20.54],[43.58,20.54],[43.57,20.54],[43.56,20.54],[43.55,20.53],[43.54,20.53],[43.53,20.53],[43.52,20.53],[43.52,20.52],[43.51,20.52],[43.49,20.52],[43.48,20.52],[43.48,20.53],[43.49,20.53],[43.5,20.53],[43.51,20.53],[43.52,20.53],[43.52,20.54],[43.53,20.54],[43.54,20.54],[43.55,20.55],[43.55,20.56],[43.54,20.57],[43.54,20.58],[43.54,20.59],[43.55,20.59],[43.56,20.59],[43.56,20.6],[43.57,20.6],[43.58,20.6],[43.58,20.61],[43.59,20.61],[43.6,20.62],[43.61,20.63],[43.61,20.63]],[[43.9,20.52],[43.91,20.52],[43.92,20.52],[43.92,20.53],[43.94,20.53],[43.94,20.52],[43.94,20.51],[43.93,20.51],[43.92,20.51],[43.91,20.51],[43.9,20.51],[43.89,20.51],[43.88,20.51],[43.88,20.5],[43.87,20.5],[43.86,20.5],[43.85,20.5],[43.84,20.5],[43.83,20.5],[43.83,20.51],[43.84,20.51],[43.85,20.51],[43.85,20.52],[43.88,20.52],[43.89,20.52],[43.9,20.52],[43.9,20.52]],[[42.97,20.62],[42.62,20.8],[42.96,20.68],[42.97,20.62]],[[43.2,21.77],[43.2,21.76],[43.19,21.76],[43.18,21.76],[43.17,21.76],[43.16,21.76],[43.15,21.76],[43.15,21.77],[43.16,21.77],[43.16,21.78],[43.17,21.78],[43.18,21.78],[43.18,21.79],[43.18,21.78],[43.22,21.78],[43.22,21.77],[43.21,21.77],[43.2,21.77]],[[43.27,21.99],[43.27,21.98],[43.26,21.98],[43.26,21.99],[43.26,22],[43.27,22],[43.27,21.99]],[[43.25,22.01],[43.23,22.01],[43.23,22.02],[43.23,22.03],[43.23,22.04],[43.24,22.04],[43.24,22.05],[43.24,22.06],[43.24,22.09],[43.25,22.09],[43.26,22.09],[43.27,22.09],[43.27,22.08],[43.28,22.08],[43.28,22.07],[43.28,22.06],[43.28,22.05],[43.27,22.05],[43.27,22.04],[43.27,22.03],[43.26,22.02],[43.25,22.01]],[[43.48,22.09],[43.2,22.62],[43.91,22.61],[43.6,22.37],[43.83,22.05],[43.48,22.09],[43.48,22.09]],[[41.58,22.56],[41.57,22.56],[41.56,22.57],[41.55,22.57],[41.54,22.57],[41.54,22.58],[41.55,22.58],[41.55,22.59],[41.55,22.6],[41.56,22.61],[41.56,22.62],[41.57,22.62],[41.58,22.63],[41.59,22.63],[41.59,22.62],[41.59,22.61],[41.59,22.6],[41.59,22.59],[41.6,22.59],[41.59,22.58],[41.6,22.58],[41.6,22.57],[41.59,22.57],[41.58,22.57],[41.58,22.56],[41.58,22.56]],[[41.63,22.57],[41.63,22.57],[41.62,22.57],[41.63,22.57]],[[43.31,22.05],[43.31,22.04],[43.31,22.03],[43.31,22.02],[43.3,22.01],[43.29,22.01],[43.29,22.02],[43.29,22.03],[43.29,22.04],[43.3,22.04],[43.3,22.05],[43.31,22.05],[43.31,22.05]],[[43.99,21.31],[44.14,21.16],[43.99,21.3],[43.99,21.31]],[[45.87,22.63],[45.88,22.63],[45.88,22.62],[45.87,22.61],[45.86,22.61],[45.85,22.6],[45.84,22.6],[45.83,22.6],[45.83,22.59],[45.82,22.59],[45.81,22.59],[45.8,22.59],[45.82,22.61],[45.83,22.61],[45.83,22.62],[45.84,22.62],[45.85,22.62],[45.86,22.62],[45.86,22.63],[45.87,22.63],[45.87,22.63]],[[43.62,22.89],[43.62,22.9],[43.61,22.9],[43.61,22.91],[43.61,22.92],[43.6,22.92],[43.6,22.93],[43.58,22.94],[43.57,22.94],[43.57,22.95],[43.56,22.95],[43.56,22.94],[43.56,22.93],[43.57,22.92],[43.56,22.92],[43.56,22.91],[43.55,22.91],[43.55,22.9],[43.54,22.9],[43.53,22.91],[43.54,22.91],[43.53,22.95],[43.53,22.96],[43.53,22.97],[43.54,22.97],[43.55,22.98],[43.56,22.98],[43.57,22.99],[43.57,23],[43.56,23],[43.56,23.01],[43.56,23.02],[43.55,23.03],[43.55,23.04],[43.54,23.04],[43.54,23.05],[43.55,23.06],[43.56,23.06],[43.57,23.06],[43.57,23.05],[43.58,23.05],[43.58,23.04],[43.59,23.04],[43.59,23.03],[43.59,23.02],[43.6,23.02],[43.6,23.01],[43.61,23],[43.61,22.99],[43.62,22.97],[43.62,22.96],[43.63,22.95],[43.64,22.95],[43.64,22.94],[43.64,22.93],[43.64,22.92],[43.63,22.91],[43.63,22.9],[43.62,22.9],[43.62,22.89]],[[44.4,23.1],[44.4,23.09],[44.4,23.08],[44.39,23.08],[44.38,23.08],[44.37,23.09],[44.37,23.1],[44.38,23.1],[44.39,23.1],[44.4,23.1],[44.4,23.1]],[[44.37,23.11],[43.98,23.21],[44.37,23.11],[44.37,23.11]],[[43.64,23.56],[43.76,23.39],[43.64,23.56],[43.64,23.56]],[[42.71,23.46],[42.45,23.74],[42.71,23.46],[42.71,23.46]],[[41.36,23.78],[41.33,24.03],[41.38,23.8],[41.36,23.78]],[[40.97,23.8],[40.77,23.83],[41.11,24.09],[40.97,23.8],[40.97,23.8]],[[43.72,24.1],[43.72,24.11],[43.72,24.12],[43.73,24.12],[43.72,24.12],[43.73,24.12],[43.73,24.15],[43.73,24.16],[43.73,24.17],[43.72,24.19],[43.73,24.19],[43.73,24.2],[43.73,24.21],[43.74,24.21],[43.75,24.21],[43.75,24.2],[43.75,24.19],[43.76,24.19],[43.76,24.15],[43.76,24.14],[43.76,24.12],[43.76,24.11],[43.75,24.11],[43.76,24.11],[43.76,24.1],[43.75,24.1],[43.75,24.09],[43.74,24.08],[43.73,24.07],[43.72,24.07],[43.72,24.06],[43.71,24.05],[43.7,24.05],[43.7,24.06],[43.7,24.07],[43.7,24.08],[43.71,24.09],[43.72,24.09],[43.72,24.1],[43.72,24.1]],[[43.82,24.13],[43.81,24.13],[43.81,24.14],[43.8,24.14],[43.8,24.15],[43.8,24.16],[43.79,24.16],[43.79,24.17],[43.79,24.18],[43.78,24.18],[43.78,24.19],[43.78,24.2],[43.78,24.21],[43.79,24.22],[43.8,24.22],[43.81,24.21],[43.81,24.2],[43.82,24.2],[43.82,24.19],[43.83,24.18],[43.83,24.17],[43.83,24.16],[43.84,24.16],[43.84,24.15],[43.85,24.14],[43.85,24.12],[43.84,24.12],[43.83,24.12],[43.82,24.13]],[[45.04,24.23],[45.03,24.23],[45.02,24.24],[45.01,24.25],[45,24.26],[44.98,24.27],[44.98,24.28],[44.97,24.28],[44.96,24.28],[44.96,24.29],[44.95,24.29],[44.94,24.3],[44.93,24.3],[44.92,24.31],[44.92,24.33],[44.92,24.34],[44.93,24.34],[44.94,24.34],[44.95,24.35],[44.96,24.35],[44.97,24.35],[44.97,24.34],[44.98,24.34],[44.98,24.35],[44.99,24.35],[45,24.35],[45.01,24.37],[45.01,24.38],[45.02,24.38],[45.03,24.38],[45.03,24.37],[45.04,24.37],[45.05,24.37],[45.05,24.38],[45.06,24.38],[45.06,24.39],[45.07,24.38],[45.08,24.38],[45.08,24.37],[45.07,24.37],[45.06,24.36],[45.06,24.35],[45.05,24.35],[45.06,24.34],[45.05,24.34],[45.05,24.33],[45.04,24.33],[45.04,24.32],[45.04,24.31],[45.04,24.3],[45.05,24.29],[45.07,24.29],[45.08,24.28],[45.09,24.28],[45.1,24.28],[45.1,24.29],[45.1,24.28],[45.08,24.23],[45.07,24.23],[45.05,24.23],[45.05,24.22],[45.04,24.22],[45.04,24.23],[45.04,24.23]],[[42.49,25.4],[42.5,24.8],[42.9,24.4],[42.52,24.57],[42.49,25.39],[42.49,25.4]],[[44.35,25.01],[44.97,24.64],[44.23,24.7],[44.35,25.01],[44.35,25.01]],[[40,24.62],[39.99,24.61],[39.98,24.61],[39.97,24.61],[39.96,24.61],[39.95,24.61],[39.94,24.61],[39.93,24.62],[39.93,24.64],[39.94,24.65],[39.94,24.66],[39.94,24.67],[39.95,24.67],[39.95,24.68],[39.95,24.69],[39.95,24.7],[39.95,24.71],[39.96,24.72],[39.96,24.73],[39.96,24.74],[39.96,24.75],[39.96,24.76],[39.96,24.77],[39.96,24.78],[39.95,24.78],[39.95,24.79],[39.95,24.8],[39.96,24.8],[39.97,24.8],[39.98,24.8],[39.98,24.81],[39.99,24.81],[40,24.81],[40,24.82],[40.01,24.82],[40.02,24.83],[40.03,24.83],[40.04,24.83],[40.04,24.84],[40.05,24.84],[40.06,24.85],[40.07,24.85],[40.1,24.85],[40.11,24.84],[40.1,24.83],[40.09,24.83],[40.08,24.82],[40.08,24.81],[40.07,24.81],[40.07,24.8],[40.07,24.79],[40.06,24.78],[40.05,24.77],[40.04,24.77],[40.04,24.76],[40.03,24.76],[40.01,24.75],[40,24.74],[40,24.73],[40,24.72],[40.01,24.72],[40.02,24.72],[40.03,24.73],[40.03,24.74],[40.04,24.74],[40.05,24.75],[40.06,24.75],[40.07,24.75],[40.08,24.75],[40.09,24.74],[40.1,24.73],[40.1,24.72],[40.1,24.71],[40.1,24.7],[40.11,24.7],[40.11,24.69],[40.1,24.69],[40.1,24.68],[40.1,24.67],[40.09,24.66],[40.08,24.66],[40.06,24.66],[40.05,24.66],[40.04,24.66],[40.04,24.65],[40.03,24.65],[40.02,24.65],[40.02,24.64],[40,24.62]],[[44.1,26.05],[44.35,25.49],[43.99,25.68],[44.12,26.06],[44.1,26.05]],[[44.31,25.95],[44.31,25.96],[44.3,25.96],[44.3,25.97],[44.3,25.98],[44.29,25.98],[44.29,25.99],[44.29,26],[44.28,26],[44.28,26.01],[44.28,26.02],[44.28,26.03],[44.29,26.03],[44.29,26.02],[44.3,26.01],[44.3,26],[44.3,25.99],[44.3,25.98],[44.31,25.98],[44.31,25.97],[44.31,25.96],[44.32,25.96],[44.32,25.95],[44.31,25.95],[44.31,25.95]],[[45.13,24.29],[45.14,24.29],[45.14,24.28],[45.13,24.28],[45.12,24.28],[45.13,24.28],[45.13,24.29],[45.13,24.29]],[[45.12,24.23],[45.13,24.23],[45.13,24.24],[45.14,24.24],[45.14,24.23],[45.13,24.23],[45.14,24.23],[45.14,24.22],[45.14,24.21],[45.15,24.21],[45.15,24.2],[45.15,24.19],[45.14,24.18],[45.14,24.17],[45.15,24.17],[45.15,24.18],[45.16,24.18],[45.17,24.17],[45.16,24.16],[45.15,24.16],[45.15,24.15],[45.14,24.15],[45.13,24.15],[45.12,24.15],[45.12,24.16],[45.11,24.16],[45.11,24.17],[45.11,24.18],[45.11,24.19],[45.11,24.2],[45.11,24.21],[45.12,24.22],[45.12,24.23],[45.12,24.23]],[[43.81,24.05],[43.81,24.06],[43.83,24.06],[43.84,24.05],[43.85,24.04],[43.85,24.03],[43.84,24.03],[43.84,24.02],[43.85,24.02],[43.85,24.01],[43.86,24.01],[43.87,24],[43.87,23.99],[43.88,23.98],[43.88,23.97],[43.86,23.97],[43.85,23.96],[43.84,23.96],[43.83,23.97],[43.82,23.97],[43.81,23.97],[43.8,23.98],[43.79,23.99],[43.78,23.99],[43.77,23.99],[43.77,24],[43.76,24],[43.75,24.01],[43.75,24.02],[43.75,24.03],[43.76,24.05],[43.77,24.05],[43.78,24.05],[43.79,24.05],[43.81,24.05]],[[45.75,23.84],[45.75,23.85],[45.76,23.85],[45.76,23.84],[45.76,23.83],[45.77,23.83],[45.78,23.82],[45.79,23.81],[45.79,23.8],[45.78,23.79],[45.77,23.79],[45.76,23.79],[45.75,23.79],[45.74,23.79],[45.73,23.8],[45.72,23.8],[45.71,23.8],[45.7,23.8],[45.69,23.81],[45.68,23.81],[45.67,23.81],[45.66,23.81],[45.66,23.82],[45.65,23.82],[45.64,23.81],[45.63,23.81],[45.62,23.81],[45.62,23.82],[45.62,23.83],[45.63,23.83],[45.63,23.84],[45.64,23.84],[45.65,23.84],[45.67,23.84],[45.68,23.84],[45.69,23.84],[45.69,23.83],[45.69,23.84],[45.7,23.83],[45.71,23.83],[45.72,23.83],[45.73,23.83],[45.73,23.84],[45.74,23.84],[45.75,23.84]],[[44.04,23.77],[44.04,23.76],[44.05,23.76],[44.05,23.74],[44.04,23.74],[44.03,23.75],[44.02,23.75],[44.02,23.76],[44.02,23.77],[44.01,23.77],[44.02,23.77],[44.02,23.78],[44.03,23.8],[44.03,23.79],[44.04,23.79],[44.04,23.78],[44.04,23.77]],[[43.99,23.79],[43.8,23.67],[43.99,23.8],[43.99,23.79]],[[43.13,23.52],[43.12,23.52],[43.12,23.53],[43.11,23.54],[43.12,23.54],[43.13,23.54],[43.15,23.54],[43.14,23.53],[43.14,23.52],[43.14,23.51],[43.13,23.51],[43.13,23.52]],[[41.64,26.42],[41.66,26.4],[41.65,26.38],[41.65,26.37],[41.63,26.37],[41.62,26.38],[41.6,26.4],[41.58,26.41],[41.58,26.42],[41.59,26.42],[41.6,26.43],[41.61,26.43],[41.64,26.42]],[[40.9,26.53],[40.85,26.81],[40.92,26.55],[40.9,26.53]],[[44.33,26.76],[44.32,26.76],[44.32,26.77],[44.33,26.77],[44.34,26.76],[44.35,26.76],[44.36,26.76],[44.37,26.75],[44.37,26.74],[44.38,26.73],[44.37,26.73],[44.37,26.72],[44.36,26.72],[44.36,26.73],[44.35,26.73],[44.35,26.74],[44.34,26.74],[44.34,26.75],[44.33,26.75],[44.33,26.76],[44.33,26.76]],[[44.33,26.8],[44.33,26.79],[44.34,26.79],[44.33,26.78],[44.33,26.79],[44.32,26.79],[44.32,26.8],[44.33,26.8],[44.33,26.8]],[[42.07,26.95],[42.49,27.2],[42.07,26.96],[42.07,26.95]],[[41.24,26.95],[41.2,26.95],[41.19,26.93],[41.18,26.93],[41.17,26.92],[41.15,26.91],[41.15,26.93],[41.15,26.94],[41.15,26.96],[41.16,26.97],[41.18,26.98],[41.19,26.98],[41.21,26.98],[41.23,26.97],[41.24,26.95]],[[37.75,27.13],[37.75,27.12],[37.75,27.11],[37.75,27.1],[37.74,27.1],[37.74,27.11],[37.74,27.12],[37.73,27.12],[37.73,27.13],[37.73,27.14],[37.72,27.14],[37.72,27.15],[37.72,27.16],[37.72,27.17],[37.71,27.18],[37.71,27.19],[37.72,27.19],[37.72,27.18],[37.73,27.18],[37.73,27.17],[37.74,27.17],[37.74,27.16],[37.74,27.15],[37.75,27.14],[37.75,27.13]],[[41.26,21.75],[41.26,21.76],[41.26,21.77],[41.26,21.78],[41.27,21.78],[41.28,21.79],[41.29,21.79],[41.29,21.78],[41.3,21.78],[41.3,21.77],[41.3,21.76],[41.31,21.76],[41.31,21.75],[41.31,21.74],[41.3,21.73],[41.29,21.73],[41.28,21.74],[41.27,21.75],[41.26,21.75]],[[41.31,21.67],[41.31,21.68],[41.31,21.69],[41.32,21.69],[41.32,21.68],[41.32,21.67],[41.31,21.67],[41.31,21.67]],[[41.84,21.49],[41.84,21.5],[41.85,21.5],[41.85,21.49],[41.85,21.48],[41.84,21.47],[41.83,21.47],[41.82,21.46],[41.82,21.45],[41.81,21.45],[41.81,21.44],[41.81,21.43],[41.8,21.43],[41.8,21.42],[41.8,21.41],[41.79,21.41],[41.79,21.4],[41.78,21.39],[41.78,21.4],[41.78,21.41],[41.78,21.42],[41.78,21.43],[41.79,21.43],[41.79,21.44],[41.8,21.44],[41.8,21.45],[41.8,21.46],[41.81,21.46],[41.81,21.47],[41.81,21.48],[41.82,21.48],[41.83,21.49],[41.84,21.49]],[[41.77,21.33],[41.77,21.34],[41.78,21.35],[41.78,21.34],[41.78,21.33],[41.78,21.32],[41.78,21.31],[41.77,21.31],[41.77,21.3],[41.77,21.29],[41.77,21.27],[41.77,21.26],[41.76,21.26],[41.77,21.25],[41.76,21.25],[41.76,21.24],[41.75,21.24],[41.75,21.25],[41.75,21.26],[41.74,21.26],[41.75,21.27],[41.75,21.28],[41.76,21.29],[41.75,21.29],[41.76,21.29],[41.76,21.3],[41.76,21.31],[41.77,21.31],[41.77,21.32],[41.77,21.33],[41.77,21.33]],[[43.9,20.45],[43.91,20.45],[43.92,20.45],[43.92,20.46],[43.93,20.46],[43.94,20.45],[43.94,20.44],[43.93,20.44],[43.92,20.44],[43.91,20.44],[43.91,20.43],[43.9,20.43],[43.89,20.43],[43.88,20.43],[43.88,20.42],[43.87,20.42],[43.86,20.42],[43.86,20.41],[43.85,20.41],[43.84,20.41],[43.83,20.41],[43.83,20.4],[43.82,20.4],[43.82,20.41],[43.81,20.41],[43.82,20.42],[43.83,20.42],[43.84,20.42],[43.85,20.43],[43.86,20.43],[43.87,20.43],[43.87,20.44],[43.88,20.44],[43.89,20.44],[43.9,20.44],[43.9,20.45],[43.9,20.45]],[[43.95,20.43],[43.96,20.43],[43.97,20.43],[43.98,20.43],[43.98,20.42],[43.97,20.42],[43.96,20.42],[43.95,20.42],[43.95,20.43]],[[43.25,20.25],[43.25,20.26],[43.26,20.27],[43.26,20.28],[43.29,20.31],[43.3,20.32],[43.3,20.33],[43.31,20.33],[43.31,20.34],[43.32,20.33],[43.32,20.32],[43.33,20.32],[43.33,20.31],[43.36,20.32],[43.37,20.32],[43.38,20.32],[43.39,20.32],[43.4,20.32],[43.41,20.32],[43.42,20.31],[43.43,20.3],[43.43,20.29],[43.43,20.28],[43.44,20.28],[43.44,20.27],[43.43,20.27],[43.42,20.27],[43.42,20.28],[43.41,20.28],[43.41,20.27],[43.4,20.27],[43.39,20.27],[43.38,20.27],[43.38,20.26],[43.37,20.26],[43.35,20.24],[43.34,20.24],[43.33,20.24],[43.32,20.24],[43.32,20.25],[43.31,20.25],[43.31,20.26],[43.3,20.26],[43.29,20.26],[43.29,20.25],[43.28,20.25],[43.27,20.25],[43.26,20.25],[43.26,20.24],[43.26,20.25],[43.25,20.25],[43.25,20.25]],[[43.46,20.22],[43.36,20.04],[43.46,20.22],[43.46,20.22]],[[43.6,20.18],[43.61,20.18],[43.62,20.18],[43.63,20.18],[43.64,20.18],[43.63,20.18],[43.63,20.17],[43.62,20.17],[43.61,20.17],[43.61,20.16],[43.59,20.16],[43.59,20.17],[43.6,20.17],[43.6,20.18],[43.6,20.18]],[[43.34,20.12],[43.33,20.12],[43.33,20.11],[43.32,20.1],[43.31,20.1],[43.31,20.11],[43.32,20.12],[43.33,20.12],[43.34,20.12]],[[43.37,20.17],[43.37,20.16],[43.38,20.16],[43.38,20.15],[43.38,20.14],[43.38,20.13],[43.37,20.13],[43.37,20.14],[43.36,20.15],[43.36,20.16],[43.36,20.17],[43.37,20.17],[43.37,20.17]],[[43.65,19.93],[43.65,19.94],[43.66,19.94],[43.66,19.95],[43.66,19.96],[43.67,19.96],[43.67,19.97],[43.68,19.98],[43.69,19.99],[43.71,20.01],[43.72,20.01],[43.72,20],[43.71,20],[43.71,19.99],[43.71,19.98],[43.7,19.98],[43.7,19.97],[43.69,19.96],[43.69,19.95],[43.68,19.95],[43.68,19.94],[43.67,19.93],[43.66,19.93],[43.66,19.92],[43.65,19.92],[43.65,19.93]],[[45.04,20.73],[45.03,20.74],[45.03,20.75],[45.04,20.75],[45.05,20.75],[45.06,20.74],[45.06,20.73],[45.04,20.73],[45.04,20.73]],[[45.25,20.72],[45.24,20.72],[45.25,20.72],[45.26,20.72],[45.27,20.72],[45.27,20.71],[45.28,20.71],[45.28,20.7],[45.27,20.7],[45.26,20.7],[45.25,20.71],[45.25,20.72]],[[45.19,20.48],[45,20.41],[45.19,20.48],[45.19,20.48]],[[45.95,20.39],[45.96,20.39],[45.97,20.39],[45.98,20.39],[45.98,20.38],[45.98,20.37],[45.99,20.37],[45.99,20.36],[45.99,20.35],[45.99,20.34],[45.96,20.32],[45.95,20.31],[45.94,20.31],[45.94,20.3],[45.93,20.3],[45.92,20.3],[45.91,20.3],[45.9,20.3],[45.9,20.29],[45.89,20.29],[45.88,20.29],[45.87,20.3],[45.87,20.31],[45.88,20.31],[45.88,20.32],[45.89,20.32],[45.89,20.33],[45.9,20.33],[45.91,20.34],[45.91,20.35],[45.92,20.35],[45.92,20.36],[45.92,20.37],[45.95,20.39]],[[44.47,20.29],[44.46,20.29],[44.45,20.29],[44.45,20.3],[44.46,20.31],[44.47,20.32],[44.48,20.31],[44.47,20.3],[44.47,20.29],[44.47,20.29]],[[44.76,20.47],[44.75,20.47],[44.74,20.47],[44.73,20.47],[44.72,20.47],[44.71,20.47],[44.7,20.47],[44.69,20.48],[44.68,20.48],[44.68,20.49],[44.69,20.49],[44.71,20.49],[44.72,20.49],[44.73,20.49],[44.73,20.48],[44.74,20.48],[44.75,20.48],[44.76,20.48],[44.76,20.47]],[[44.77,20.49],[44.76,20.49],[44.76,20.5],[44.77,20.5],[44.78,20.5],[44.79,20.5],[44.81,20.5],[44.82,20.5],[44.83,20.5],[44.83,20.49],[44.81,20.49],[44.79,20.49],[44.77,20.49],[44.77,20.49]],[[44.99,20.06],[44.99,20.07],[44.99,20.08],[45,20.08],[45,20.09],[45.01,20.09],[45.02,20.09],[45.02,20.08],[45.01,20.07],[45.02,20.07],[45.02,20.06],[45.02,20.05],[45.02,20.04],[45.03,20.04],[45.03,20.03],[45.03,20.02],[45.04,20.02],[45.05,20.02],[45.06,20.02],[45.07,20.02],[45.07,20.01],[45.08,20.01],[45.08,20],[45.08,19.98],[45.08,19.96],[45.08,19.95],[45.06,19.95],[45.05,19.95],[45.05,19.94],[45.04,19.94],[45.03,19.94],[45.03,19.95],[45.03,19.94],[45.02,19.95],[45.01,19.96],[45.01,19.97],[45,19.97],[45,19.98],[45,19.99],[45,20],[44.99,20.01],[44.98,20.01],[44.98,20.02],[44.98,20.03],[44.98,20.04],[44.99,20.05],[44.99,20.06],[44.99,20.06]],[[44.69,19.73],[44.69,19.74],[44.69,19.75],[44.7,19.75],[44.71,19.75],[44.71,19.74],[44.72,19.74],[44.73,19.74],[44.74,19.74],[44.74,19.73],[44.75,19.73],[44.76,19.73],[44.76,19.72],[44.77,19.72],[44.78,19.71],[44.77,19.71],[44.76,19.71],[44.75,19.71],[44.74,19.71],[44.74,19.72],[44.73,19.72],[44.72,19.72],[44.71,19.72],[44.7,19.73],[44.69,19.73]],[[44.91,19.64],[44.9,19.64],[44.9,19.65],[44.89,19.65],[44.88,19.65],[44.88,19.66],[44.87,19.66],[44.87,19.67],[44.86,19.67],[44.85,19.68],[44.84,19.68],[44.84,19.69],[44.83,19.69],[44.82,19.7],[44.81,19.7],[44.81,19.71],[44.81,19.72],[44.82,19.72],[44.83,19.72],[44.84,19.72],[44.85,19.72],[44.85,19.71],[44.85,19.72],[44.85,19.71],[44.86,19.71],[44.87,19.71],[44.88,19.71],[44.9,19.66],[44.91,19.64],[44.92,19.64],[44.92,19.63],[44.93,19.63],[44.94,19.62],[44.95,19.61],[44.96,19.6],[44.98,19.6],[44.99,19.6],[45,19.6],[45.01,19.61],[45.02,19.61],[45.03,19.61],[45.04,19.6],[45.04,19.59],[45.05,19.59],[45.05,19.6],[45.05,19.61],[45.04,19.61],[45.04,19.62],[45.03,19.62],[45.04,19.62],[45.05,19.62],[45.06,19.62],[45.06,19.61],[45.06,19.6],[45.06,19.59],[45.05,19.59],[45.05,19.58],[45.06,19.58],[45.06,19.57],[45.05,19.56],[45.05,19.55],[45.06,19.55],[45.06,19.54],[45.06,19.53],[45.05,19.53],[45.05,19.52],[45.04,19.52],[45.04,19.51],[45.05,19.51],[45.06,19.51],[45.06,19.5],[45.06,19.49],[45.05,19.49],[45.04,19.49],[45.05,19.49],[45.05,19.48],[45.06,19.48],[45.06,19.47],[45.05,19.47],[45.05,19.46],[45.06,19.45],[45.07,19.45],[45.07,19.44],[45.08,19.44],[45.09,19.44],[45.09,19.43],[45.08,19.43],[45.08,19.42],[45.08,19.41],[45.08,19.4],[45.07,19.4],[45.07,19.39],[45.07,19.38],[45.06,19.38],[45.06,19.37],[45.06,19.36],[45.06,19.35],[45.06,19.34],[45.07,19.34],[45.07,19.33],[45.05,19.31],[45.04,19.31],[45.03,19.31],[45.03,19.32],[45.04,19.32],[45.04,19.33],[45.04,19.34],[45.04,19.35],[45.05,19.35],[45.05,19.36],[45.05,19.37],[45.05,19.38],[45.05,19.39],[45.05,19.4],[45.05,19.41],[45.05,19.42],[45.05,19.43],[45.06,19.43],[45.06,19.44],[45.05,19.44],[45.04,19.43],[45.03,19.43],[45.03,19.42],[45.02,19.42],[45.01,19.42],[45.01,19.41],[45,19.41],[44.99,19.41],[44.98,19.41],[44.99,19.41],[44.99,19.42],[45,19.43],[45.01,19.43],[45.01,19.44],[45.02,19.44],[45.03,19.45],[45.04,19.45],[45.05,19.45],[45.04,19.46],[45.03,19.46],[45.04,19.46],[45.05,19.47],[45.05,19.48],[45.04,19.49],[45.04,19.5],[45.04,19.51],[45.04,19.52],[45.04,19.53],[45.05,19.53],[45.06,19.54],[45.05,19.54],[45.05,19.55],[45.05,19.56],[45.05,19.57],[45.04,19.57],[45.04,19.58],[45.04,19.59],[45.03,19.59],[45.02,19.59],[45.01,19.59],[45,19.59],[45,19.58],[44.99,19.58],[44.98,19.58],[44.97,19.58],[44.97,19.59],[44.96,19.59],[44.96,19.6],[44.95,19.6],[44.95,19.61],[44.94,19.62],[44.93,19.63],[44.92,19.63],[44.91,19.64]],[[44.74,19.64],[44.73,19.64],[44.72,19.64],[44.71,19.64],[44.7,19.64],[44.7,19.65],[44.69,19.65],[44.68,19.65],[44.67,19.65],[44.66,19.65],[44.65,19.65],[44.64,19.65],[44.64,19.66],[44.63,19.66],[44.62,19.66],[44.61,19.66],[44.61,19.67],[44.6,19.67],[44.59,19.67],[44.58,19.67],[44.58,19.68],[44.58,19.69],[44.59,19.69],[44.6,19.69],[44.61,19.69],[44.61,19.68],[44.62,19.68],[44.63,19.68],[44.64,19.68],[44.65,19.67],[44.66,19.67],[44.67,19.67],[44.68,19.67],[44.68,19.66],[44.69,19.66],[44.7,19.66],[44.71,19.66],[44.72,19.66],[44.72,19.65],[44.73,19.65],[44.74,19.65],[44.74,19.64]],[[44.99,19.35],[44.99,19.34],[44.98,19.34],[44.97,19.34],[44.97,19.35],[44.98,19.35],[44.99,19.35],[44.99,19.35]],[[44.92,19.44],[44.93,19.44],[44.93,19.43],[44.92,19.43],[44.91,19.43],[44.91,19.44],[44.9,19.44],[44.89,19.44],[44.88,19.44],[44.87,19.44],[44.87,19.45],[44.86,19.45],[44.85,19.45],[44.84,19.45],[44.84,19.46],[44.84,19.45],[44.84,19.46],[44.83,19.46],[44.83,19.47],[44.82,19.47],[44.83,19.47],[44.84,19.47],[44.85,19.47],[44.86,19.47],[44.87,19.47],[44.87,19.46],[44.88,19.46],[44.89,19.46],[44.9,19.45],[44.91,19.45],[44.92,19.45],[44.92,19.44]],[[44.9,19.48],[44.91,19.48],[44.92,19.48],[44.93,19.47],[44.94,19.47],[44.95,19.46],[44.94,19.45],[44.93,19.46],[44.92,19.46],[44.91,19.46],[44.91,19.47],[44.9,19.47],[44.9,19.48]],[[44.9,19.51],[44.9,19.5],[44.9,19.49],[44.89,19.49],[44.88,19.49],[44.87,19.49],[44.86,19.49],[44.85,19.49],[44.85,19.5],[44.85,19.49],[44.85,19.5],[44.84,19.5],[44.83,19.51],[44.83,19.52],[44.84,19.52],[44.85,19.52],[44.85,19.51],[44.85,19.52],[44.86,19.51],[44.87,19.51],[44.88,19.51],[44.89,19.51],[44.9,19.51],[44.9,19.51]],[[44.82,19.56],[44.81,19.56],[44.81,19.55],[44.8,19.55],[44.79,19.55],[44.78,19.56],[44.77,19.56],[44.76,19.57],[44.76,19.58],[44.77,19.58],[44.78,19.58],[44.79,19.58],[44.79,19.57],[44.8,19.57],[44.81,19.57],[44.82,19.56]],[[44.85,19.58],[44.84,19.58],[44.83,19.58],[44.83,19.59],[44.82,19.59],[44.81,19.59],[44.81,19.6],[44.8,19.6],[44.79,19.6],[44.78,19.6],[44.78,19.61],[44.77,19.61],[44.77,19.62],[44.76,19.62],[44.77,19.62],[44.78,19.62],[44.79,19.62],[44.8,19.61],[44.81,19.61],[44.82,19.61],[44.82,19.6],[44.83,19.6],[44.84,19.6],[44.85,19.59],[44.85,19.58],[44.85,19.58]],[[44.95,19.29],[44.95,19.3],[44.96,19.3],[44.97,19.3],[44.97,19.29],[44.96,19.29],[44.95,19.29]]],[[[43.15,28.14],[43.88,27.41],[43.16,28.14],[43.15,28.14]]],[[[42.89,28.25],[43.34,27.64],[42.89,28.25],[42.89,28.25]],[[43,28.1],[42.99,28.11],[42.99,28.12],[42.99,28.13],[43,28.14],[43,28.13],[43.01,28.13],[43.02,28.12],[43.02,28.11],[43.03,28.11],[43.03,28.1],[43.05,28.09],[43.05,28.08],[43.06,28.07],[43.05,28.06],[43.04,28.07],[43.03,28.07],[43.02,28.08],[43.01,28.09],[43,28.1],[43,28.1]]],[[[43.3,28.75],[42.53,28.54],[44.63,27.22],[44.71,27.74],[43.52,28.65],[43.3,28.75]],[[43.09,28.7],[43.29,28.69],[43.09,28.7],[43.09,28.7]],[[43.01,28.64],[43.02,28.64],[43.03,28.64],[43.06,28.64],[43.07,28.64],[43.07,28.63],[43.08,28.63],[43.09,28.63],[43.1,28.63],[43.11,28.63],[43.12,28.63],[43.12,28.62],[43.11,28.62],[43.1,28.62],[43.1,28.61],[43.1,28.6],[43.09,28.6],[43.07,28.6],[43.05,28.6],[43.04,28.6],[43.03,28.6],[43.03,28.61],[43.03,28.62],[43.02,28.62],[43.01,28.62],[43.01,28.63],[43,28.63],[43.01,28.64]],[[43.24,28.6],[43.24,28.61],[43.23,28.61],[43.23,28.62],[43.23,28.63],[43.26,28.63],[43.26,28.62],[43.27,28.62],[43.28,28.62],[43.29,28.61],[43.3,28.61],[43.31,28.61],[43.31,28.6],[43.32,28.6],[43.33,28.6],[43.34,28.59],[43.35,28.59],[43.35,28.58],[43.36,28.58],[43.37,28.57],[43.36,28.57],[43.36,28.56],[43.36,28.55],[43.37,28.55],[43.37,28.54],[43.36,28.54],[43.35,28.54],[43.33,28.56],[43.33,28.55],[43.32,28.56],[43.31,28.57],[43.31,28.56],[43.31,28.57],[43.3,28.57],[43.29,28.58],[43.28,28.58],[43.27,28.58],[43.27,28.59],[43.26,28.59],[43.25,28.59],[43.24,28.6],[43.24,28.6]],[[42.98,28.54],[42.78,28.58],[42.99,28.54],[42.98,28.54]],[[43.22,28.51],[43.42,28.48],[43.22,28.51],[43.22,28.51]],[[44.34,27.92],[44.54,27.62],[44.35,27.92],[44.34,27.92]],[[44.61,27.62],[44.62,27.61],[44.63,27.61],[44.63,27.6],[44.64,27.6],[44.64,27.59],[44.65,27.58],[44.65,27.57],[44.65,27.56],[44.66,27.56],[44.65,27.55],[44.64,27.55],[44.63,27.56],[44.63,27.57],[44.62,27.57],[44.62,27.58],[44.61,27.58],[44.61,27.59],[44.6,27.59],[44.6,27.6],[44.59,27.6],[44.6,27.61],[44.6,27.62],[44.61,27.62]],[[44.33,27.77],[44.33,27.76],[44.34,27.76],[44.33,27.75],[44.32,27.75],[44.32,27.76],[44.31,27.76],[44.3,27.76],[44.29,27.76],[44.29,27.77],[44.28,27.77],[44.27,27.77],[44.27,27.78],[44.26,27.78],[44.26,27.79],[44.25,27.79],[44.25,27.8],[44.24,27.8],[44.23,27.81],[44.22,27.81],[44.21,27.82],[44.2,27.83],[44.19,27.83],[44.19,27.84],[44.19,27.85],[44.2,27.85],[44.21,27.85],[44.22,27.85],[44.22,27.84],[44.23,27.84],[44.24,27.84],[44.25,27.83],[44.27,27.82],[44.28,27.81],[44.28,27.8],[44.29,27.8],[44.3,27.79],[44.31,27.78],[44.32,27.78],[44.33,27.77]]],[[[47.63,29.54],[47.43,29.5],[47.64,29.54],[47.63,29.54]]],[[[46.92,30.85],[46.52,30.79],[46.79,30.46],[46.02,29.72],[45.21,27.65],[48.09,25.44],[46.9,26.22],[47.72,25.61],[47.03,26.07],[48.49,24.41],[48.28,24.14],[48.6,23.75],[48.45,22.71],[47.53,20.9],[48.54,21.1],[47.02,20.24],[47.82,20.37],[49.6,21.77],[48.99,21.22],[49.24,21.55],[48.92,21.51],[48.97,21.91],[48.6,21.71],[49.52,23.2],[48.84,24.17],[49.13,25.65],[48.61,25.86],[48.91,26.14],[48.23,27.11],[47.56,27.32],[48.01,27.71],[47.92,28.37],[47.48,29.05],[46.91,29.2],[47.36,29.67],[47.2,29.54],[48.36,29.74],[47.51,30.74],[47.08,30.84],[46.92,30.85]],[[46.82,26.66],[46.82,26.67],[46.83,26.67],[46.85,26.67],[46.85,26.66],[46.86,26.66],[46.87,26.66],[46.88,26.66],[46.88,26.65],[46.89,26.65],[46.9,26.65],[46.91,26.64],[46.92,26.64],[46.93,26.63],[46.94,26.63],[46.95,26.62],[46.96,26.62],[46.96,26.61],[46.95,26.61],[46.94,26.61],[46.93,26.61],[46.92,26.61],[46.92,26.62],[46.91,26.62],[46.9,26.63],[46.89,26.63],[46.88,26.63],[46.87,26.64],[46.86,26.64],[46.85,26.64],[46.85,26.65],[46.84,26.65],[46.83,26.65],[46.82,26.66]],[[46.86,26.61],[47.21,26.41],[46.86,26.61],[46.86,26.61]],[[47.35,26.23],[47.53,26.12],[47.35,26.23],[47.35,26.23]],[[47.59,25.97],[47.93,25.74],[47.59,25.97],[47.59,25.97]],[[47.89,25.7],[47.69,25.78],[47.89,25.7],[47.89,25.7]],[[48.6,24.9],[48.79,24.54],[48.59,24.89],[48.6,24.9]],[[48.26,20.81],[48.27,20.81],[48.28,20.81],[48.28,20.82],[48.3,20.82],[48.32,20.82],[48.33,20.82],[48.34,20.82],[48.35,20.83],[48.36,20.83],[48.37,20.84],[48.38,20.84],[48.38,20.85],[48.4,20.85],[48.4,20.84],[48.39,20.83],[48.38,20.83],[48.37,20.82],[48.36,20.82],[48.35,20.82],[48.35,20.81],[48.34,20.81],[48.34,20.8],[48.33,20.8],[48.31,20.8],[48.3,20.8],[48.29,20.8],[48.29,20.79],[48.28,20.79],[48.27,20.79],[48.25,20.79],[48.25,20.78],[48.24,20.78],[48.24,20.77],[48.23,20.77],[48.22,20.77],[48.22,20.76],[48.2,20.76],[48.2,20.77],[48.21,20.78],[48.22,20.78],[48.23,20.78],[48.23,20.79],[48.24,20.79],[48.24,20.8],[48.25,20.8],[48.26,20.8],[48.26,20.81]]],[[[48.46,30.61],[48,31.25],[48.03,30.62],[48.41,30.58],[48.46,30.61]]],[[[35.54,32.08],[34.62,30.36],[34.9,31.05],[34.54,31.25],[32.71,31.03],[32.69,29.59],[33.55,28.65],[34.15,28.5],[35.02,29.72],[35.54,32.08],[35.54,32.08]],[[34.52,30.56],[34.52,30.56],[34.52,30.58],[34.52,30.58],[34.52,30.56]]]]},"bbox":[32.69,14.38,49.6,32.08]}],"bbox":[-121.14,-33.93,143.79,51.16]}
